id,mask,bg,cso,age,sex,hyp,wmh,isl,lac,bld,bg_derivative,cso_derivative,vols_gt,counts_gt,BG_vols_gt,BG_counts_gt,CSO_vols_gt,CSO_counts_gt,BG_max_vols_gt,BG_max_counts_gt,CSO_max_vols_gt,CSO_max_counts_gt,vols_pred,counts_pred,BG_vols_pred,BG_counts_pred,CSO_vols_pred,CSO_counts_pred,BG_max_vols_pred,BG_max_counts_pred,CSO_max_vols_pred,CSO_max_counts_pred
MSS3_ED_080,y,1.0,2.0,68.775,F,0.0,5340.146484375,1.0,0.0,0.0,1.0,2.0,10618.644958496094,879,1252.9747924804688,104,8593.635192871094,715,49.834224700927734,18,107.57864379882812,32,10161.435722351074,911,1116.1284294128418,110,8582.560920715332,804,40.34199142456055,18,117.86189651489258,32
LBC361050,y,1.0,2.0,74.08493150684932,M,1.0,23300.0,1.0,N/A,N/A,1.0,2.0,8389.0,590,1881.0,156,6449.0,459,75.0,24,126.0,27,10127.0,788,2149.0,208,7915.0,591,96.0,25,148.0,30
LBC361006,y,1.0,3.0,73.59726027397261,F,0.0,422.0,0.0,N/A,N/A,1.0,3.0,8932.0,619,1374.0,108,7516.0,518,55.0,19,162.0,50,10140.0,907,1551.0,158,8576.0,765,69.0,21,186.0,45
MSSB206,y,1.0,1.0,81.23477070499658,F,1.0,26808.676743507385,1.0,0.0,0.0,1.0,1.0,4694.696585655212,150,535.4257335662842,28,4106.924760818481,121,31.407654762268066,4,151.05586338043213,9,4190.678506851196,114,276.6864824295044,14,3887.071177482605,99,26.920846939086914,2,166.01188945770264,11
LBC360036,y,1.0,2.0,71.97260273972603,M,0.0,8545.0,1.0,N/A,N/A,1.0,2.0,10882.0,673,1677.0,118,9166.0,571,64.0,20,131.0,36,12018.0,997,1941.0,179,10056.0,826,73.0,23,180.0,38
LBC360572,n,1.0,1.0,72.43287671232876,F,0.0,31911.0,0.0,N/A,N/A,1.0,1.0,N/A,N/A,N/A,N/A,N/A,N/A,N/A,N/A,N/A,N/A,24431.0,466,7005.0,118,17385.0,359,219.0,33,409.0,42
LBC360505,y,1.0,2.0,72.4,F,0.0,4368.0,0.0,N/A,N/A,1.0,2.0,7804.0,641,1161.0,108,6582.0,543,42.0,18,108.0,42,9052.0,1009,1574.0,186,7442.0,835,58.0,22,132.0,47
LBC360348,n,2.0,2.0,72.16712328767123,M,1.0,15338.0,0.0,N/A,0.0,2.0,2.0,N/A,N/A,N/A,N/A,N/A,N/A,N/A,N/A,N/A,N/A,11420.0,967,2263.0,162,9087.0,822,99.0,25,174.0,35
MSSB315,y,3.0,4.0,68.01916495550994,F,1.0,N/A,N/A,0.0,0.0,3.0,3.0,4984.84349155426,238,1151.614007949829,59,3783.8745975494385,178,73.28452777862549,11,106.1877851486206,15,4666.280136108398,216,937.7428350448608,51,3724.0504932403564,166,50.85048866271973,10,107.68338775634766,14
LBC360244,y,1.0,3.0,71.72602739726027,F,1.0,11490.0,0.0,N/A,N/A,1.0,3.0,15905.0,812,1621.0,137,14016.0,702,65.0,22,256.0,78,17245.0,1053,1743.0,201,15329.0,873,69.0,18,292.0,75
MSS3_ED_081,y,1.0,2.0,70.995,M,0.0,2348.525390625,1.0,0.0,0.0,1.0,2.0,18457.497397899628,1304,2024.2022731304169,192,14946.981693267822,1002,61.69901418685913,22,169.2767825126648,51,20020.539090633392,1330,2004.4269480705261,180,17024.181837558746,1074,65.65407919883728,20,196.96223759651184,53
LBC360251,y,2.0,1.0,72.36712328767123,M,0.0,597.0,0.0,N/A,N/A,2.0,1.0,4633.0,437,1121.0,80,3485.0,365,38.0,13,64.0,21,5478.0,612,1427.0,112,4031.0,508,56.0,13,93.0,22
LBC360796,y,1.0,2.0,73.25479452054795,F,1.0,10965.0,0.0,N/A,N/A,1.0,2.0,11990.0,680,1828.0,132,10119.0,562,91.0,27,206.0,57,12606.0,868,2181.0,179,10392.0,700,104.0,27,216.0,51
MSSB328,y,2.0,2.0,62.38466803559205,M,1.0,30997.792937994003,1.0,0.0,0.0,2.0,2.0,8001.456731557846,272,1256.3034868240356,48,6621.018495440483,222,43.372382283210754,8,248.26949858665466,18,7105.592697501183,219,840.5268566608429,45,6217.2066603899,176,26.920789003372192,4,281.1726851463318,14
MSS3_ED_198,y,1.0,1.0,70.166,F,1.0,12327.1875,1.0,0.0,0.0,1.0,1.0,7079.612249135971,781,1601.8117100000381,150,4692.319537639618,564,56.16228711605072,19,71.19163155555725,25,8976.473721027374,742,2168.971708059311,148,6096.376715540886,562,71.98264968395233,20,103.62337481975555,28
MSSB094,y,1.0,1.0,72.20260095824779,F,1.0,4993.817107200623,1.0,0.0,0.0,1.0,1.0,2271.82036113739,155,230.32280158996582,22,1948.7701978683472,126,17.94723129272461,4,142.08224773406982,11,1847.0692205429077,128,118.15260601043701,13,1682.5529336929321,113,16.45162868499756,2,119.64820861816406,7
LBC361062,n,1.0,1.0,73.93698630136986,F,1.0,5159.0,0.0,N/A,N/A,1.0,1.0,N/A,N/A,N/A,N/A,N/A,N/A,N/A,N/A,N/A,N/A,3922.0,657,926.0,107,2979.0,549,36.0,11,85.0,29
MSSB044,y,4.0,4.0,82.8309377138946,F,0.0,N/A,0.0,1.0,0.0,3.0,3.0,6764.5884882211685,215,2143.191532969475,49,4383.596917748451,156,77.77108144760132,9,134.60379481315613,19,5632.421014070511,123,1932.3122544288635,25,3647.762839436531,97,61.31950652599335,8,145.07297885417938,9
MSSA081,n,3.0,2.0,80.0,M,1.0,20411.71875,0.0,N/A,0.0,3.0,2.0,N/A,N/A,N/A,N/A,N/A,N/A,N/A,N/A,N/A,N/A,11225.390625,261,4974.609375,54,5596.875,198,713.671875,19,636.328125,40
MSS3_ED_197,y,1.0,1.0,54.108,M,1.0,1529.82421875,0.0,0.0,0.0,1.0,1.0,9672.541977882385,1012,1564.6293778419495,146,6799.572361946106,768,57.744158029556274,24,91.75784015655518,26,10128.167115211487,939,1394.560967206955,142,7826.310952663422,759,51.41603112220764,22,102.0410463809967,29
LBC360004,y,1.0,2.0,71.35890410958905,F,1.0,1293.0,0.0,N/A,N/A,1.0,2.0,4885.0,449,713.0,76,4152.0,382,33.0,11,113.0,32,4956.0,571,816.0,103,4114.0,474,39.0,13,127.0,23
LBC360603,y,2.0,1.0,72.6109589041096,F,1.0,960.0,0.0,N/A,0.0,2.0,1.0,10403.0,779,2473.0,164,7856.0,628,89.0,25,146.0,52,10728.0,1097,2740.0,239,7950.0,878,115.0,28,160.0,48
MSS3_ED_063,y,3.0,4.0,68.287,M,1.0,2007.59765625,1.0,1.0,0.0,3.0,3.0,19076.18312239647,1658,2528.0926048755646,196,15382.921428978443,1392,71.19159400463104,21,200.1274809241295,69,22278.22281718254,1883,2608.7764114141464,213,18788.252675533295,1642,64.07243460416794,19,234.93226021528244,69
MSS3_ED_057,y,2.0,3.0,75.581,F,1.0,24716.865234375,1.0,1.0,0.0,2.0,3.0,19664.584721326828,1315,4878.968566417694,178,13823.7442715168,1109,151.87450790405273,39,203.2903569340706,61,18747.80058246851,1328,5242.04356187582,205,12727.40016758442,1089,151.87450790405273,35,193.00718712806702,53
MSSB282,y,1.0,0.0,51.22245037645447,M,0.0,8840.487988829613,1.0,0.0,0.0,1.0,1.0,4243.015466809273,308,1064.8667650222778,55,2916.418808698654,248,59.823975563049316,8,89.73596334457397,21,3399.4974113702774,281,865.9520462751389,47,2291.258264064789,233,58.32837617397308,6,85.24916517734528,20
MSS3_ED_194,y,2.0,3.0,73.027,F,1.0,70660.634765625,1.0,1.0,1.0,2.0,3.0,19443.90526330471,1599,3731.21114385128,228,14594.991904854774,1263,109.15987658500671,31,204.08150839805603,69,20380.46536386013,1563,4047.6165832281113,252,15508.612611055374,1263,125.77116215229034,33,230.1849571466446,55
LBC360240,y,1.0,2.0,71.76712328767124,M,0.0,5521.0,0.0,N/A,0.0,1.0,2.0,8681.0,645,1804.0,117,6855.0,540,69.0,23,111.0,37,10403.0,955,2439.0,191,7938.0,779,112.0,25,151.0,38
MSSB129,y,2.0,3.0,77.24572210814513,F,1.0,32855.39808654785,1.0,0.0,0.0,2.0,3.0,3223.0236196517944,162,553.3729648590088,33,2590.383716583252,127,23.929641723632812,6,50.85048866271973,8,3260.4136848449707,177,517.4785022735596,38,2683.111078262329,139,44.86807823181152,4,68.79771995544434,9
LBC360370,n,1.0,2.0,72.14794520547945,M,0.0,3468.0,1.0,N/A,N/A,1.0,2.0,N/A,N/A,N/A,N/A,N/A,N/A,N/A,N/A,N/A,N/A,6776.0,631,1519.0,147,5230.0,490,69.0,19,97.0,29
MSSA162,n,4.0,2.0,64.0,M,1.0,36928.125,1.0,N/A,0.0,3.0,2.0,N/A,N/A,N/A,N/A,N/A,N/A,N/A,N/A,N/A,N/A,22299.609375,380,5315.625,51,16558.59375,330,611.71875,16,994.921875,27
MSSB076,y,2.0,3.0,60.57494866529774,M,0.0,N/A,N/A,0.0,0.0,2.0,3.0,3495.2232942581177,318,623.6662874221802,48,2835.6625442504883,268,37.39006519317627,7,89.73615646362305,22,3822.760265350342,366,681.9947891235352,57,3013.6392545700073,315,53.84169387817383,6,95.71856689453125,24
MSS3_ED_161,y,1.0,2.0,54.5,M,1.0,3662.40234375,0.0,0.0,0.0,1.0,2.0,7858.7876081466675,893,1503.7297677993774,160,5837.730503082275,667,53.78938674926758,21,68.02775382995605,26,9507.274107933044,927,1627.9199695587158,150,7387.339453697205,752,70.4008150100708,16,102.83265113830566,33
MSS3_ED_046,y,2.0,2.0,65.076,F,1.0,8490.805864691734,1.0,0.0,0.0,2.0,2.0,11523.576407432556,997,2967.1152597665787,167,7846.916389465332,796,80.6840193271637,25,105.20563304424286,39,12922.890428900719,1040,3108.7078034877777,175,9373.584598302841,853,79.10197973251343,23,137.63744473457336,41
MSSB083,y,3.0,3.0,68.44626967830251,M,1.0,46873.580453038216,1.0,1.0,0.0,3.0,3.0,9111.19147825241,351,1896.4200253486633,71,6938.0855659246445,278,62.81517434120178,13,212.37511324882507,17,9331.044588446617,321,1535.9805725812912,58,7612.6008903980255,264,65.80637311935425,9,210.87951385974884,15
MSSB067,y,2.0,1.0,63.9835728952772,M,0.0,N/A,1.0,1.0,0.0,2.0,1.0,5490.357172966003,331,1214.4293174743652,66,4121.880786895752,262,52.34609127044678,9,139.09104251861572,21,4518.21547794342,273,1135.1623792648315,50,3332.202610015869,224,65.80651473999023,9,136.09983730316162,20
MSSB143,y,2.0,2.0,85.18275154004107,F,1.0,N/A,N/A,0.0,1.0,2.0,2.0,4836.784616231918,229,1547.9505497217178,62,3097.396703839302,154,82.25824177265167,11,82.25824177265167,12,4440.449451327324,162,1250.3252749443054,37,3148.2472532987595,123,74.7802197933197,7,119.64835166931152,10
LBC361221,y,3.0,2.0,73.51780821917808,F,0.0,15594.0,0.0,N/A,N/A,3.0,2.0,5548.0,413,1804.0,91,3727.0,327,70.0,24,73.0,26,6336.0,534,2188.0,112,4144.0,425,88.0,21,77.0,18
LBC360720,y,1.0,2.0,73.40273972602739,F,0.0,4312.0,0.0,N/A,N/A,1.0,2.0,12494.0,679,2244.0,152,10187.0,552,86.0,26,192.0,52,13325.0,1052,2379.0,239,10878.0,832,116.0,29,247.0,55
MSSB184,y,4.0,4.0,68.15605749486654,M,0.0,65468.29460167885,1.0,1.0,1.0,3.0,3.0,9733.349962711334,374,4594.4761962890625,65,4296.852249979973,300,218.35726714134216,22,206.39248538017273,22,8305.054139971733,305,4314.799422621727,65,3432.3967677354813,235,267.7119919061661,19,240.79123294353485,19
LBC360609,y,2.0,3.0,72.47671232876712,F,1.0,2546.0,0.0,N/A,N/A,2.0,3.0,6407.0,540,1154.0,105,5218.0,443,47.0,16,77.0,30,7878.0,866,1473.0,163,6388.0,713,69.0,16,111.0,35
LBC361019,y,1.0,2.0,73.00821917808219,F,0.0,1509.0,0.0,N/A,N/A,1.0,2.0,5030.0,436,651.0,65,4350.0,373,42.0,12,80.0,32,5422.0,516,746.0,82,4645.0,436,49.0,12,99.0,26
LBC361137,y,2.0,3.0,73.58904109589041,M,1.0,8510.0,0.0,N/A,0.0,2.0,3.0,8167.0,609,1844.0,129,6297.0,492,86.0,25,97.0,38,8957.0,922,2083.0,173,6851.0,757,109.0,28,120.0,38
MSSB051,y,1.0,3.0,77.50581793292265,F,0.0,N/A,1.0,0.0,0.0,1.0,3.0,1280.2358322143555,97,379.8830623626709,10,874.9275255203247,84,44.86807823181152,4,28.416449546813965,7,1156.1008157730103,95,360.44022846221924,10,794.164984703064,85,37.39006519317627,3,25.425244331359863,5
LBC361060,n,3.0,2.0,73.21643835616439,F,1.0,9212.0,1.0,N/A,N/A,3.0,2.0,N/A,N/A,N/A,N/A,N/A,N/A,N/A,N/A,N/A,N/A,14065.0,878,4929.0,178,9056.0,725,153.0,33,186.0,42
LBC360488,y,1.0,1.0,71.83561643835617,F,0.0,3755.0,0.0,N/A,N/A,1.0,1.0,7048.0,586,2580.0,129,4395.0,465,72.0,21,73.0,27,8714.0,870,3102.0,178,5557.0,699,91.0,21,98.0,32
MSS3_ED_069,y,4.0,4.0,58.853,F,1.0,92787.71484375,1.0,1.0,1.0,3.0,3.0,10882.773287773132,954,3282.7089071273804,216,6757.634263515472,673,109.95097303390503,35,85.42953300476074,29,9224.016521930695,988,3395.032922744751,259,5317.197415351868,707,117.86111497879028,30,80.68344783782959,24
LBC361231,y,2.0,2.0,73.8,M,0.0,5247.0,0.0,N/A,N/A,2.0,2.0,8696.0,626,1953.0,141,6697.0,498,55.0,22,118.0,41,9865.0,832,2093.0,173,7708.0,668,64.0,23,138.0,42
LBC360205,n,1.0,2.0,72.28767123287672,M,1.0,3210.0,0.0,N/A,N/A,1.0,2.0,N/A,N/A,N/A,N/A,N/A,N/A,N/A,N/A,N/A,N/A,15840.0,1051,2011.0,182,13791.0,878,78.0,20,285.0,55
MSSB121,y,2.0,4.0,73.91101984941822,M,1.0,N/A,N/A,0.0,1.0,2.0,3.0,4388.098051071167,212,442.69837188720703,34,3873.6107540130615,180,37.39006519317627,6,107.68338775634766,11,3867.6283435821533,161,251.26123809814453,18,3559.534206390381,146,14.956026077270508,3,100.2053747177124,10
MSSB019,y,2.0,2.0,54.647501711156735,M,1.0,N/A,0.0,0.0,0.0,2.0,2.0,3322.3855692744255,403,721.2890716195107,48,2553.753199517727,355,30.63389879465103,6,51.984797954559326,20,3729.9092532396317,454,834.541667163372,33,2867.5185871720314,426,24.135799050331116,4,76.12059700489044,26
LBC360469,n,1.0,2.0,72.22465753424657,F,1.0,4319.0,0.0,N/A,N/A,1.0,2.0,N/A,N/A,N/A,N/A,N/A,N/A,N/A,N/A,N/A,N/A,12573.0,909,1982.0,200,10565.0,715,140.0,24,240.0,49
LBC360079,y,1.0,2.0,71.15068493150685,F,0.0,598.0,0.0,N/A,N/A,1.0,2.0,8040.0,646,874.0,89,7139.0,565,49.0,12,115.0,41,9945.0,905,1084.0,118,8843.0,799,61.0,15,148.0,43
MSS3_ED_138,y,3.0,3.0,56.12,F,0.0,10962.685546875,1.0,1.0,0.0,3.0,3.0,9939.957020163536,1000,2538.383103430271,187,6133.568894982338,754,60.117518186569214,28,67.23669797182083,27,9182.950902998447,901,2577.1430822610855,170,5829.0262041687965,708,64.07261806726456,23,79.10199761390686,26
LBC360618,y,1.0,3.0,72.76438356164384,F,0.0,1098.0,0.0,N/A,N/A,1.0,3.0,6319.0,500,990.0,70,5295.0,435,50.0,11,82.0,34,7550.0,680,1219.0,104,6279.0,580,57.0,12,118.0,33
MSS3_ED_150,y,1.0,1.0,74.07,F,1.0,1666.669921875,1.0,0.0,0.0,1.0,1.0,13324.653182923794,1074,1990.9855780005455,169,10165.33796697855,829,59.32614952325821,19,166.113218665123,51,14910.63891351223,1114,2187.9483944177628,187,11862.065843343735,889,61.69919550418854,21,189.84367847442627,49
MSSB059,y,1.0,2.0,61.68377823408625,M,1.0,N/A,N/A,0.0,0.0,1.0,2.0,2023.5503282546997,180,272.19967460632324,28,1678.066125869751,150,23.929641723632812,4,50.85048866271973,10,1767.802282333374,165,142.08224773406982,12,1573.3739433288574,153,23.929641723632812,2,55.33729648590088,11
LBC360483,n,1.0,2.0,72.38630136986302,M,0.0,866.0,0.0,N/A,N/A,1.0,2.0,N/A,N/A,N/A,N/A,N/A,N/A,N/A,N/A,N/A,N/A,5220.0,583,796.0,100,4382.0,484,33.0,12,86.0,24
MSSA091,n,1.0,1.0,54.0,F,1.0,2478.5341143608093,N/A,N/A,N/A,1.0,1.0,N/A,N/A,N/A,N/A,N/A,N/A,N/A,N/A,N/A,N/A,7562.165787220001,358,1585.5587029457092,45,5723.4801959991455,307,186.32951498031616,10,460.55031061172485,49
LBC360845,y,3.0,3.0,73.08219178082192,F,1.0,41863.0,1.0,N/A,N/A,3.0,3.0,10816.0,505,2066.0,106,8725.0,412,86.0,29,143.0,35,11591.0,675,2427.0,134,9135.0,553,86.0,26,158.0,26
LBC360799,n,2.0,3.0,72.61917808219178,F,0.0,53923.0,0.0,N/A,N/A,2.0,3.0,N/A,N/A,N/A,N/A,N/A,N/A,N/A,N/A,N/A,N/A,18911.0,1041,5229.0,167,13648.0,894,193.0,35,228.0,49
MSSB258,y,2.0,1.0,50.94592744695415,M,1.0,8387.3394241333,1.0,0.0,0.0,2.0,1.0,2355.574107170105,137,705.924430847168,37,1507.5674285888672,102,70.29332256317139,6,140.58664512634277,7,1713.9605884552002,83,505.51368141174316,15,1064.8690567016602,72,56.83289909362793,3,133.10863208770752,7
MSSB158,y,2.0,2.0,61.3908281998631,M,0.0,N/A,1.0,1.0,1.0,2.0,2.0,5698.233672380447,338,1986.1559886932373,58,3562.517744779587,276,76.27556884288788,13,140.5863425731659,17,4820.316830992699,297,1645.1593279838562,39,3145.245515227318,257,74.77996945381165,8,137.59514379501343,20
MSS3_ED_113,y,2.0,2.0,57.202,M,1.0,41226.943359375,1.0,1.0,1.0,2.0,2.0,91250.8539955616,1814,12438.73195052147,55,72039.44013977051,1414,315.6155197620392,66,767.2858500480652,163,101564.91605615616,1300,15793.432249546051,66,80164.75998687744,1105,447.7152485847473,44,938.9363958835602,104
LBC360106,n,1.0,2.0,72.06575342465753,M,1.0,158.0,0.0,N/A,N/A,1.0,2.0,N/A,N/A,N/A,N/A,N/A,N/A,N/A,N/A,N/A,N/A,12980.0,782,2009.0,134,10946.0,666,77.0,17,181.0,48
MSSB105,y,3.0,4.0,70.86652977412732,M,1.0,17482.098881721497,1.0,1.0,1.0,3.0,3.0,2228.4478855133057,104,1360.9983730316162,48,776.2177534103394,54,77.77133560180664,8,35.89446258544922,5,2025.0459308624268,75,1289.2094478607178,41,690.9684047698975,35,65.80651473999023,7,59.82410430908203,4
MSS3_ED_014,y,1.0,1.0,40.348,M,0.0,2335.852595448494,1.0,0.0,0.0,1.0,1.0,9925.593758106232,1194,1619.1975153684616,177,7168.923830866814,869,70.39989197254181,23,94.92120265960693,32,9513.477536559105,1047,1426.9820799827576,172,7524.087330818176,820,51.41565144062042,17,94.92120265960693,28
LBC360152,y,2.0,3.0,71.93698630136986,F,1.0,15232.0,0.0,N/A,N/A,2.0,3.0,10543.0,633,1604.0,123,8895.0,521,50.0,17,160.0,57,12314.0,952,1738.0,197,10467.0,770,58.0,17,214.0,59
LBC361068,n,1.0,1.0,73.41917808219178,F,0.0,2307.0,0.0,N/A,N/A,1.0,1.0,N/A,N/A,N/A,N/A,N/A,N/A,N/A,N/A,N/A,N/A,6242.0,608,1147.0,120,5068.0,488,40.0,13,116.0,24
MSSA226,n,4.0,4.0,58.0,M,0.0,118785.9375,1.0,N/A,N/A,3.0,3.0,N/A,N/A,N/A,N/A,N/A,N/A,N/A,N/A,N/A,N/A,13021.875,387,3800.390625,80,7013.671875,291,333.984375,18,527.34375,28
LBC361143,n,1.0,2.0,73.30684931506849,M,0.0,12211.0,1.0,N/A,N/A,1.0,2.0,N/A,N/A,N/A,N/A,N/A,N/A,N/A,N/A,N/A,N/A,16506.0,1133,2999.0,221,13417.0,935,129.0,25,279.0,53
MSSB043,y,1.0,2.0,78.17932922655716,F,0.0,N/A,N/A,0.0,0.0,1.0,2.0,4578.365424871445,570,916.2300637364388,90,3301.0274636745453,461,43.63000303506851,15,96.54298543930054,28,4971.963750123978,664,828.9700576663017,65,3994.4660225510597,595,37.13191747665405,7,95.61468750238419,34
MSSB228,y,1.0,1.0,75.1540041067762,F,1.0,1174.0480470657349,1.0,0.0,0.0,1.0,1.0,1157.5964183807373,101,257.24364852905273,11,858.4758968353271,89,31.407654762268066,4,49.354886054992676,10,764.252932548523,78,260.23485374450684,7,496.54006576538086,72,38.88566780090332,4,34.39885997772217,6
LBC361229,y,1.0,2.0,73.46027397260274,F,0.0,35052.0,1.0,N/A,N/A,1.0,2.0,10669.0,615,1982.0,136,8668.0,496,84.0,24,139.0,40,11890.0,815,2399.0,194,9473.0,634,108.0,23,159.0,35
LBC361048,y,1.0,2.0,74.26849315068493,M,0.0,2177.0,0.0,N/A,N/A,1.0,2.0,6378.0,630,973.0,86,5331.0,549,42.0,16,86.0,33,7696.0,881,1220.0,127,6455.0,759,62.0,18,122.0,37
MSSB293,y,1.0,1.0,60.52292950034224,M,0.0,7099.617656469345,1.0,0.0,0.0,1.0,1.0,1531.495361328125,140,137.59528636932373,17,1310.1464223861694,121,8.973605632781982,3,59.82403755187988,9,1372.9616618156433,131,22.434014081954956,4,1250.3223848342896,124,5.982403755187988,1,44.86802816390991,9
LBC360925,n,2.0,2.0,73.5041095890411,M,0.0,10150.0,0.0,N/A,N/A,2.0,2.0,N/A,N/A,N/A,N/A,N/A,N/A,N/A,N/A,N/A,N/A,7347.0,745,1546.0,139,5773.0,611,55.0,14,99.0,28
LBC360704,y,1.0,2.0,72.46301369863014,M,1.0,3272.0,0.0,N/A,N/A,1.0,2.0,4946.0,465,764.0,65,4164.0,411,37.0,10,93.0,35,7461.0,709,1270.0,107,6165.0,614,57.0,14,137.0,39
LBC360736,y,1.0,3.0,72.61369863013698,F,1.0,1182.0,0.0,N/A,N/A,1.0,3.0,14392.0,836,1537.0,154,12803.0,703,49.0,20,177.0,57,17313.0,1218,1972.0,214,15283.0,1014,68.0,22,239.0,69
MSSB222,y,1.0,3.0,56.32306639288158,F,1.0,36878.56910133362,1.0,0.0,0.0,1.0,3.0,6061.677369117737,287,789.6781768798828,52,5162.820201873779,243,32.90325736999512,7,155.54267120361328,22,5562.146098136902,302,668.5343656539917,44,4842.76124382019,266,41.87687301635742,5,139.09104251861572,25
LBC360184,y,2.0,4.0,72.4958904109589,M,0.0,17718.0,0.0,N/A,N/A,2.0,3.0,11133.0,619,1464.0,110,9639.0,521,59.0,21,170.0,48,11698.0,758,1507.0,139,10172.0,629,58.0,13,192.0,43
MSSB259,y,2.0,1.0,85.95756331279946,M,1.0,N/A,N/A,0.0,0.0,2.0,1.0,4065.043351650238,275,1205.4543566703796,47,2798.2693564891815,227,44.86802816390991,9,89.73605632781982,16,4551.113656759262,285,1408.8560843467712,46,3110.849952697754,239,73.28444600105286,7,95.71846008300781,15
MSS3_ED_079,y,1.0,4.0,69.358,F,1.0,5502.3046875,1.0,0.0,0.0,1.0,3.0,20988.898742079735,1471,1790.867066860199,179,17947.430600702763,1240,69.6096739768982,25,227.02245944738388,71,21711.89012861252,1505,1909.5199202299118,159,18617.423712730408,1325,79.89292126893997,22,231.7685735821724,72
LBC360730,n,1.0,2.0,72.17260273972603,F,1.0,1091.0,0.0,N/A,N/A,1.0,2.0,N/A,N/A,N/A,N/A,N/A,N/A,N/A,N/A,N/A,N/A,5998.0,599,930.0,99,5050.0,502,74.0,16,130.0,30
LBC360667,y,2.0,2.0,72.43013698630136,M,1.0,4380.0,1.0,N/A,N/A,2.0,2.0,8828.0,733,2105.0,116,6681.0,624,64.0,21,95.0,37,12457.0,1160,2849.0,176,9568.0,994,90.0,24,169.0,47
MSSB080,y,1.0,1.0,71.22792607802873,F,0.0,N/A,1.0,0.0,0.0,1.0,1.0,5587.571342468262,394,1503.080620765686,78,3809.2998418807983,308,94.2229642868042,13,127.12622165679932,26,4932.4974002838135,348,1509.0630311965942,59,3381.557496070862,291,100.2053747177124,13,113.66579818725586,23
MSSB318,y,1.0,2.0,53.68377823408623,M,1.0,N/A,1.0,0.0,0.0,1.0,2.0,4993.811534643173,364,747.8004693984985,46,3936.4216709136963,327,88.24045538902283,5,110.67446947097778,20,4317.7999103069305,355,492.05270886421204,27,3587.946652173996,336,80.76245069503784,4,98.7096619606018,16
LBC361123,n,2.0,2.0,73.8958904109589,F,0.0,46166.0,0.0,N/A,N/A,2.0,2.0,N/A,N/A,N/A,N/A,N/A,N/A,N/A,N/A,N/A,N/A,10372.0,853,2733.0,165,7624.0,704,89.0,25,200.0,40
MSSB311,y,1.0,1.0,88.24640657084191,F,1.0,N/A,1.0,1.0,0.0,1.0,1.0,2318.179053068161,178,580.2925629615784,34,1678.0625145435333,140,43.372382283210754,4,50.85037922859192,10,2128.2379306554794,175,471.11380755901337,32,1634.6901322603226,140,40.38118350505829,4,76.27556884288788,12
MSSB029,y,2.0,2.0,66.14099931553729,F,1.0,N/A,1.0,0.0,0.0,2.0,2.0,6651.269238293171,502,1355.3179466724396,89,5156.70629709959,406,39.91689842939377,12,83.54699671268463,24,6916.763027846813,420,1251.348350763321,79,5653.346777558327,346,43.63009828329086,9,114.18089550733566,22
MSSB249,y,2.0,2.0,48.91170431211499,F,1.0,29001.167753577232,1.0,0.0,0.0,2.0,2.0,6697.294064283371,236,1945.774805188179,55,4006.710763335228,176,140.5863425731659,7,128.62154746055603,16,6024.274339199066,147,1742.3732882738113,34,3943.895588994026,108,131.6127462387085,4,137.59514379501343,10
MSSA136,n,3.0,2.0,75.0,F,1.0,9741.796875,1.0,N/A,0.0,3.0,2.0,N/A,N/A,N/A,N/A,N/A,N/A,N/A,N/A,N/A,N/A,11619.140625,420,3515.625,81,7808.203125,343,386.71875,23,446.484375,31
LBC360008,y,1.0,2.0,71.5095890410959,M,1.0,7645.0,0.0,N/A,N/A,1.0,2.0,5640.0,420,1122.0,76,2983.0,275,31.0,7,48.0,12,5472.0,370,1650.0,91,3613.0,285,57.0,8,81.0,15
MSSB062,y,2.0,2.0,75.8767967145791,M,1.0,N/A,1.0,1.0,0.0,2.0,2.0,1788.7387228012085,104,806.1289060115814,17,970.6450092792511,88,34.39882159233093,2,32.903220653533936,4,1227.8883707523346,51,668.5336196422577,7,554.8679482936859,45,31.40761971473694,1,25.42521595954895,3
LBC361308,y,2.0,3.0,73.5068493150685,M,1.0,8672.0,0.0,N/A,0.0,2.0,3.0,10849.0,714,1865.0,130,8956.0,600,59.0,21,115.0,35,10998.0,892,1949.0,158,9021.0,748,64.0,20,131.0,36
LBC360613,n,2.0,2.0,72.97808219178083,M,0.0,36647.0,0.0,N/A,N/A,2.0,2.0,N/A,N/A,N/A,N/A,N/A,N/A,N/A,N/A,N/A,N/A,12756.0,774,3702.0,178,9002.0,598,147.0,27,222.0,37
MSS3_ED_030,y,2.0,4.0,64.838,M,0.0,12262.325142741203,1.0,0.0,1.0,2.0,3.0,21784.571954011917,1214,1737.8614590764046,175,18739.161568284035,947,62.49023908376694,19,249.1699406504631,80,24175.81236857176,1420,1806.6798236370087,183,21336.857076525688,1164,52.207035183906555,17,285.55666214227676,88
LBC360679,y,1.0,1.0,72.55616438356165,M,0.0,5104.0,0.0,N/A,N/A,1.0,1.0,12656.0,815,1934.0,159,10659.0,674,61.0,26,151.0,49,14910.0,1108,2513.0,224,12376.0,899,79.0,28,211.0,48
MSS3_ED_054,y,2.0,1.0,85.457,F,1.0,29571.29915761948,1.0,1.0,1.0,2.0,1.0,9567.3238915205,953,3218.6391826868057,188,5955.550357937813,738,87.01162695884705,34,97.2948192358017,41,9560.204758405685,982,3481.256093144417,208,5814.749725222588,766,98.87684881687164,27,104.41395235061646,35
LBC360646,y,1.0,2.0,72.51780821917808,M,0.0,994.0,0.0,N/A,N/A,1.0,2.0,7504.0,568,1112.0,101,6376.0,475,41.0,16,119.0,38,8733.0,798,1355.0,148,7372.0,657,68.0,18,163.0,37
LBC360812,n,2.0,3.0,73.15890410958905,F,0.0,30002.0,0.0,N/A,N/A,2.0,3.0,N/A,N/A,N/A,N/A,N/A,N/A,N/A,N/A,N/A,N/A,11625.0,657,3666.0,137,7918.0,531,147.0,26,137.0,34
MSS3_ED_214,y,1.0,2.0,49.426,F,1.0,4325.2734375,1.0,0.0,0.0,1.0,2.0,6634.252046108246,789,1399.3074841499329,122,4617.95200252533,597,49.04299831390381,15,54.580111026763916,24,6809.857620716095,722,1417.5008544921875,120,5003.967860221863,588,49.83401441574097,15,64.07230424880981,25
LBC360187,y,2.0,3.0,72.15616438356165,M,0.0,36956.0,0.0,N/A,N/A,2.0,3.0,14257.0,645,2633.0,152,11532.0,518,86.0,27,241.0,58,16011.0,922,2874.0,207,13090.0,726,99.0,28,277.0,59
MSSB167,y,2.0,3.0,62.6338124572211,M,1.0,N/A,0.0,1.0,0.0,2.0,3.0,2261.353846549988,120,747.802197933197,13,1482.1439563035965,107,25.4252747297287,2,82.25824177265167,8,1770.7956047058105,102,708.9164836406708,14,1040.9406595230103,87,29.91208791732788,2,67.30219781398773,7
LBC360745,y,1.0,2.0,72.45753424657535,M,0.0,2194.0,0.0,N/A,N/A,1.0,2.0,13140.0,814,1664.0,145,11426.0,685,50.0,18,157.0,59,12856.0,1109,1551.0,187,11259.0,938,62.0,19,184.0,54
MSSA062,n,0.0,0.0,76.0,M,1.0,25927.734375,1.0,N/A,N/A,1.0,1.0,N/A,N/A,N/A,N/A,N/A,N/A,N/A,N/A,N/A,N/A,14512.5,389,2453.90625,77,11889.84375,312,376.171875,20,952.734375,42
LBC360150,y,2.0,3.0,73.57260273972602,F,1.0,28917.0,0.0,N/A,N/A,2.0,3.0,12499.0,608,2130.0,122,10212.0,500,63.0,21,175.0,42,13899.0,855,2724.0,188,11041.0,687,94.0,24,208.0,42
MSS3_ED_195,y,3.0,2.0,53.892,F,1.0,6995.7421875,1.0,1.0,0.0,3.0,2.0,12321.592826008797,1145,3479.6614779233932,222,7995.548583507538,871,103.62256276607513,30,119.44280135631561,42,12062.140913128853,992,3556.3896350860596,209,7772.483219385147,761,107.57762241363525,26,128.9349445104599,36
MSSB319,y,4.0,2.0,80.5284052019165,F,1.0,N/A,N/A,0.0,1.0,3.0,2.0,3792.8527479171753,199,1184.518681526184,65,1873.9923080205917,134,73.28461539745331,12,65.80659341812134,8,3381.561539053917,184,961.6736265420914,58,1724.4318684339523,127,65.80659341812134,10,67.30219781398773,8
LBC361294,y,2.0,2.0,73.63835616438357,M,0.0,6310.0,0.0,N/A,N/A,2.0,2.0,9421.0,670,2784.0,120,6564.0,561,94.0,30,102.0,39,9832.0,840,3373.0,148,6412.0,698,109.0,27,107.0,31
MSS3_ED_109,y,2.0,1.0,79.441,F,1.0,16835.9765625,1.0,0.0,0.0,2.0,1.0,11890.528955459595,1140,2117.5456368923187,191,8949.53729391098,875,59.32608246803284,21,101.24984741210938,32,13410.85869550705,1362,2395.1917028427124,222,10495.97051024437,1113,71.1912989616394,21,129.72636699676514,39
LBC360086,y,1.0,2.0,71.92054794520548,M,0.0,9059.0,0.0,N/A,N/A,1.0,2.0,11220.0,700,2026.0,147,9136.0,564,96.0,27,155.0,40,13302.0,1100,2196.0,214,11071.0,890,119.0,26,197.0,48
LBC360391,y,2.0,2.0,72.93698630136986,F,1.0,25221.0,0.0,N/A,0.0,2.0,2.0,7248.0,579,1321.0,94,5861.0,489,38.0,14,150.0,40,8418.0,854,1757.0,145,6642.0,717,57.0,17,195.0,43
LBC360136,y,1.0,2.0,72.35890410958905,F,0.0,3821.0,0.0,N/A,N/A,1.0,2.0,7380.0,542,1164.0,99,6195.0,455,56.0,16,113.0,38,8337.0,786,1334.0,142,6977.0,653,63.0,16,149.0,42
LBC361299,y,1.0,3.0,73.92054794520548,M,1.0,12185.0,0.0,N/A,N/A,1.0,3.0,12606.0,744,1865.0,171,10694.0,594,87.0,29,173.0,53,14668.0,1159,2161.0,248,12483.0,928,122.0,30,245.0,62
LBC360309,y,1.0,2.0,71.7041095890411,F,0.0,15625.0,0.0,N/A,N/A,1.0,2.0,9896.0,587,1111.0,93,8696.0,514,39.0,13,152.0,41,11428.0,724,1300.0,120,10056.0,619,44.0,11,200.0,43
MSSB065,y,1.0,2.0,55.92334017796031,M,1.0,16671.42778646946,1.0,1.0,0.0,1.0,2.0,5737.112854480743,372,777.7108144760132,65,4796.381888508797,308,31.407552123069763,8,118.15221989154816,21,5173.272513985634,268,436.7145342826843,31,4628.874943852425,245,25.425161242485046,3,100.205047249794,22
MSS3_ED_071,y,1.0,1.0,71.214,M,1.0,2171.337890625,1.0,1.0,0.0,1.0,1.0,4462.124184072018,534,1513.2146009802818,118,2599.280281662941,354,47.4609911441803,14,44.29692506790161,15,5957.936421632767,692,2010.7639914751053,116,3669.5256319642067,543,60.117255449295044,17,62.49030500650406,20
MSSB016,y,1.0,2.0,55.31279945242984,M,1.0,N/A,1.0,1.0,0.0,1.0,2.0,10654.098680794239,932,2599.2398977279663,176,7612.9880004525185,730,82.61869674921036,24,161.52419364452362,47,12299.046216070652,964,2394.085605800152,178,9811.202313959599,802,62.19609755277634,19,216.29389148950577,49
LBC360066,y,1.0,3.0,72.11780821917809,M,0.0,0.0,0.0,N/A,N/A,1.0,3.0,16962.0,716,3000.0,139,13915.0,601,99.0,31,185.0,51,19447.0,1030,3466.0,207,15947.0,839,133.0,27,229.0,52
LBC360104,y,1.0,2.0,71.3917808219178,M,0.0,744.0,0.0,N/A,N/A,1.0,2.0,6977.0,561,962.0,77,5990.0,488,31.0,13,74.0,27,8378.0,761,1170.0,127,7189.0,642,47.0,13,108.0,33
LBC360465,y,1.0,3.0,71.94520547945206,F,1.0,0.0,0.0,N/A,N/A,1.0,3.0,6272.0,561,1165.0,111,5006.0,465,36.0,18,114.0,38,7756.0,836,1327.0,150,6407.0,696,50.0,14,165.0,42
LBC360673,y,1.0,2.0,72.4,F,0.0,10173.0,0.0,N/A,N/A,1.0,2.0,10753.0,765,1874.0,133,8852.0,653,47.0,17,155.0,51,13612.0,1174,2209.0,214,11376.0,977,72.0,21,202.0,69
LBC361037,y,1.0,2.0,74.1041095890411,F,0.0,2648.0,0.0,N/A,N/A,1.0,2.0,12514.0,746,1840.0,163,10611.0,606,68.0,21,169.0,57,15273.0,890,2285.0,201,12926.0,712,90.0,25,218.0,53
LBC360076,y,1.0,1.0,71.6082191780822,F,0.0,1833.0,1.0,N/A,N/A,1.0,1.0,9073.0,624,1736.0,109,7295.0,534,75.0,21,159.0,47,11698.0,973,2340.0,196,9344.0,797,99.0,21,203.0,52
MSS3_ED_051,y,2.0,2.0,59.885,M,1.0,5835.2950040102005,1.0,1.0,0.0,2.0,2.0,7570.774606883526,853,1158.041377544403,100,5742.746175527573,684,35.59553414583206,15,79.8921988606453,30,9408.295180678368,945,1385.8527960777283,95,7377.767710626125,823,45.87868845462799,15,113.11469739675522,31
LBC360905,n,1.0,1.0,73.13424657534246,F,0.0,2805.0,0.0,N/A,N/A,1.0,1.0,N/A,N/A,N/A,N/A,N/A,N/A,N/A,N/A,N/A,N/A,4468.0,576,1306.0,132,3071.0,447,57.0,16,79.0,22
MSS3_ED_090,y,1.0,2.0,63.644,M,0.0,2123.0859375,1.0,0.0,0.0,1.0,2.0,7501.980316400528,620,1915.8368121385574,109,5046.671701669693,465,50.62491989135742,13,79.89245170354843,25,8158.5222462415695,629,1968.8347751498222,114,5789.434198200703,506,43.505790531635284,12,103.62288290262222,25
MSS3_ED_088,y,3.0,2.0,55.343,M,1.0,17804.970703125,1.0,1.0,1.0,3.0,2.0,12247.293999016285,1076,3200.4489775896072,224,8101.581420779228,785,76.72850984334946,29,147.91991072893143,36,12677.606466591358,1314,3189.3747596740723,261,8869.657534778118,1042,90.1757744550705,27,155.83006638288498,43
LBC361282,y,1.0,2.0,73.32328767123288,F,0.0,3345.0,0.0,N/A,N/A,1.0,2.0,5430.0,499,631.0,88,4779.0,425,34.0,10,91.0,36,6395.0,781,819.0,129,5562.0,660,41.0,12,133.0,38
LBC360045,y,1.0,1.0,71.9041095890411,F,0.0,488.0,0.0,N/A,N/A,1.0,1.0,9285.0,641,1846.0,150,7343.0,507,102.0,29,143.0,52,11509.0,975,2604.0,233,8775.0,763,124.0,33,171.0,41
MSSB148,y,1.0,2.0,62.7132101300479,M,1.0,N/A,N/A,0.0,0.0,1.0,2.0,4123.381319403648,318,498.0362638235092,42,3369.596703886986,267,34.39890110492706,6,113.66593408584595,22,3592.4417588710785,256,351.4670330286026,17,3080.9450554847717,240,41.87692308425903,3,146.56923079490662,17
LBC360512,y,1.0,2.0,71.97260273972603,M,0.0,3980.0,0.0,N/A,N/A,1.0,2.0,9816.0,760,1281.0,121,8469.0,653,42.0,17,143.0,51,10972.0,1072,1371.0,163,9558.0,924,44.0,16,170.0,53
MSS3_ED_108,y,3.0,4.0,79.808,M,0.0,8203.623046875,1.0,1.0,0.0,3.0,3.0,26510.063697218895,1582,3827.719706118107,212,20914.426333904266,1309,111.53306025266647,35,260.24380725622177,76,28639.47503197193,1864,4303.910502374172,223,22662.568625807762,1618,118.65219175815582,34,287.1383040547371,77
LBC360423,y,3.0,4.0,72.3890410958904,M,1.0,47545.0,1.0,N/A,N/A,3.0,3.0,10740.0,518,3012.0,126,7676.0,399,108.0,33,127.0,37,11954.0,709,3406.0,157,8458.0,555,135.0,30,158.0,34
LBC361224,y,1.0,2.0,73.76986301369863,F,0.0,10101.0,1.0,N/A,N/A,1.0,2.0,8543.0,581,850.0,106,7623.0,498,32.0,15,130.0,47,9500.0,775,1154.0,150,8301.0,639,57.0,18,144.0,40
MSS3_ED_033,y,3.0,4.0,67.072,M,1.0,6734.733419895172,1.0,1.0,1.0,3.0,3.0,35347.462720394135,1543,5219.932562589645,186,27233.98366379738,1275,136.05522060394287,43,339.34703278541565,90,36886.78515815735,1556,5073.594098567963,194,29107.116003274918,1331,136.8462393283844,39,388.3901937007904,87
LBC360974,y,1.0,2.0,73.79452054794521,F,0.0,8539.0,0.0,N/A,N/A,1.0,2.0,5651.0,447,873.0,88,4752.0,370,40.0,12,74.0,26,7116.0,646,1230.0,132,5863.0,524,60.0,18,99.0,28
LBC361302,y,2.0,3.0,73.33972602739726,M,0.0,15980.0,0.0,N/A,N/A,2.0,3.0,15161.0,787,3098.0,155,11974.0,653,109.0,36,204.0,57,14274.0,1044,3298.0,174,10908.0,879,118.0,27,217.0,63
MSSB108,y,2.0,2.0,76.37508555783711,F,1.0,31940.089290618896,1.0,0.0,0.0,2.0,2.0,3137.7742710113525,167,653.5783395767212,34,2433.3454427719116,132,44.86807823181152,5,106.1877851486206,12,2977.744791984558,146,577.3026065826416,26,2382.494954109192,124,49.354886054992676,4,118.15260601043701,12
MSSB027,y,1.0,1.0,63.0965092402464,M,0.0,N/A,0.0,1.0,0.0,1.0,1.0,4802.095711052418,585,997.9224607348442,83,3715.9847537875175,505,29.705598831176758,7,70.5507972240448,25,5783.308772444725,612,850.3227665424347,65,4919.9898064136505,558,27.84899890422821,7,77.97719693183899,28
MSSA107,n,3.0,2.0,81.0,M,1.0,32241.796875,1.0,N/A,1.0,3.0,2.0,N/A,N/A,N/A,N/A,N/A,N/A,N/A,N/A,N/A,N/A,13858.59375,363,3290.625,59,10409.765625,305,393.75,19,945.703125,39
LBC360330,y,1.0,2.0,72.59452054794521,M,1.0,2867.0,0.0,N/A,N/A,1.0,2.0,10080.0,731,1607.0,135,8439.0,609,83.0,24,129.0,46,12510.0,991,2193.0,209,10294.0,800,110.0,24,175.0,44
MSS3_ED_179,y,1.0,2.0,54.861,M,0.0,5165.33203125,1.0,0.0,0.0,1.0,2.0,7506.719614863396,889,1371.6176830530167,166,5473.023500025272,656,45.8787921667099,19,82.26542043685913,28,7312.921268641949,772,1308.3365904092789,137,5514.947223901749,603,58.53501069545746,16,87.80251604318619,25
MSSB178,y,3.0,3.0,82.68583162217661,F,0.0,N/A,0.0,0.0,1.0,3.0,3.0,3439.8785948753357,208,1187.505914926529,43,2146.185123324394,167,130.11714684963226,8,40.38118350505829,10,2457.2697962522507,144,1017.0075845718384,20,1386.420633673668,125,127.1259480714798,3,38.885584115982056,8
LBC360188,n,2.0,3.0,72.26301369863013,M,0.0,70307.0,0.0,N/A,N/A,2.0,3.0,N/A,N/A,N/A,N/A,N/A,N/A,N/A,N/A,N/A,N/A,15916.0,882,3828.0,210,12073.0,696,153.0,30,271.0,47
MSSB124,y,1.0,2.0,46.63928815879535,F,1.0,N/A,N/A,0.0,0.0,1.0,2.0,4278.919060707092,342,521.9653100967407,54,3389.035509109497,278,37.39006519317627,8,106.1877851486206,18,4495.781438827515,364,474.1060266494751,37,3785.3702001571655,318,41.87687301635742,5,173.4899024963379,27
MSSB125,y,1.0,1.0,59.953456536618766,M,1.0,N/A,0.0,0.0,0.0,1.0,1.0,1713.9626376628876,133,215.36703300476074,11,1446.249450802803,123,25.4252747297287,2,56.832967042922974,9,1589.8274728059769,116,210.88021981716156,9,1350.5307694673538,109,26.920879125595093,3,52.34615385532379,8
LBC360712,y,1.0,2.0,73.12876712328767,F,1.0,3212.0,0.0,N/A,N/A,1.0,2.0,5461.0,505,1298.0,86,4153.0,424,51.0,15,100.0,28,6885.0,730,1541.0,106,5325.0,626,67.0,18,137.0,31
LBC361155,y,1.0,1.0,73.57534246575342,F,0.0,13910.0,0.0,N/A,N/A,1.0,1.0,7384.0,544,1251.0,76,6095.0,475,57.0,18,107.0,33,7589.0,729,1492.0,104,6071.0,629,68.0,17,107.0,30
MSS3_ED_067,y,2.0,3.0,71.455,F,1.0,23908.447265625,1.0,0.0,1.0,2.0,3.0,15705.578547418118,1222,3571.427204310894,255,10870.902340829372,906,83.84746038913727,28,150.29261767864227,49,20039.543033003807,1608,4604.491197407246,285,14312.60328567028,1289,105.9958461523056,32,199.33547186851501,57
MSS3_ED_058,y,2.0,2.0,64.022,F,1.0,4752.421875,1.0,1.0,0.0,2.0,2.0,16729.89600598812,1426,3112.630769908428,191,12743.197383284569,1173,91.7573492527008,27,172.4405356645584,60,17990.76854658127,1484,3323.039863884449,198,14030.964319348335,1260,98.8764539361,26,190.6338031888008,58
MSSB018,y,3.0,3.0,70.52156057494868,M,1.0,N/A,0.0,0.0,0.0,3.0,3.0,8222.872100830078,480,1875.1638793945312,152,5875.204055786133,296,73.33561706542969,21,122.53546142578125,22,8285.068130493164,422,1702.5002746582031,144,6473.028579711914,258,51.9847412109375,16,131.81845092773438,20
MSSB201,y,2.0,3.0,66.03969883641342,M,1.0,N/A,N/A,1.0,0.0,2.0,3.0,6300.960226178169,357,1320.6142605543137,57,4803.86523771286,301,70.29317128658295,13,122.6391499042511,22,5527.735342025757,300,1374.455838561058,42,4045.59634745121,256,70.29317128658295,12,158.5335352420807,19
MSS3_ED_182,y,3.0,3.0,72.205,M,1.0,7999.541015625,1.0,0.0,0.0,3.0,3.0,18319.955005645752,1496,5370.214789867401,191,11369.288138866425,1213,145.54713821411133,43,106.78730249404907,43,19540.494322299957,1687,6308.36101770401,217,12025.041277885437,1399,166.90459871292114,39,124.18967771530151,42
LBC360791,y,1.0,2.0,72.38630136986302,F,0.0,6447.0,0.0,N/A,N/A,1.0,2.0,6872.0,460,981.0,86,5852.0,382,45.0,17,120.0,34,8572.0,683,1188.0,136,7356.0,551,63.0,18,151.0,37
MSSB139,y,0.0,1.0,49.22655715263519,M,1.0,N/A,1.0,0.0,0.0,1.0,1.0,3770.414174079895,356,360.44022846221924,33,3240.970850944519,319,31.407654762268066,6,103.1965799331665,21,3902.0272035598755,415,282.6688928604126,24,3544.5781803131104,392,23.929641723632812,4,124.13501644134521,31
MSSB269,y,1.0,1.0,46.97330595482547,F,0.0,853.9881360530853,1.0,0.0,0.0,1.0,1.0,707.4192440509796,83,106.18766665458679,11,526.451530456543,68,17.947211265563965,3,40.38122534751892,7,463.6362910270691,46,73.28444600105286,5,287.15538024902344,40,5.982403755187988,2,17.947211265563965,7
LBC360661,y,2.0,1.0,72.26849315068493,F,0.0,13308.0,0.0,N/A,N/A,2.0,1.0,6336.0,465,1345.0,109,4959.0,367,55.0,19,129.0,28,5921.0,508,1372.0,124,4522.0,393,58.0,19,103.0,23
MSS3_ED_002,y,3.0,3.0,60.411,M,1.0,44422.68665242195,1.0,1.0,0.0,3.0,3.0,26347.16829061508,1604,5485.697492957115,188,18941.674429178238,1312,159.78527665138245,39,277.64669358730316,73,27281.358447670937,2316,5155.8437287807465,237,20564.83971476555,2010,128.93564403057098,39,265.78145027160645,85
LBC360677,n,1.0,1.0,72.97808219178083,F,0.0,7736.0,0.0,N/A,N/A,1.0,1.0,N/A,N/A,N/A,N/A,N/A,N/A,N/A,N/A,N/A,N/A,13023.0,878,2396.0,249,10588.0,648,112.0,28,223.0,50
LBC360623,n,1.0,2.0,72.97260273972603,F,1.0,4744.0,0.0,N/A,N/A,1.0,2.0,N/A,N/A,N/A,N/A,N/A,N/A,N/A,N/A,N/A,N/A,13290.0,874,3397.0,228,9865.0,670,124.0,22,207.0,49
MSSA097,n,1.0,1.0,72.0,F,1.0,5828.90625,1.0,N/A,0.0,1.0,1.0,N/A,N/A,N/A,N/A,N/A,N/A,N/A,N/A,N/A,N/A,8145.703125,296,1100.390625,33,6953.90625,260,291.796875,17,868.359375,39
MSSA079,n,1.0,3.0,67.0,M,1.0,16621.875,1.0,N/A,N/A,1.0,3.0,N/A,N/A,N/A,N/A,N/A,N/A,N/A,N/A,N/A,N/A,10736.71875,355,3076.171875,53,7544.53125,304,372.65625,16,450.0,39
LBC360611,y,2.0,2.0,72.63835616438357,F,0.0,3098.0,0.0,N/A,N/A,2.0,2.0,4681.0,478,918.0,79,3748.0,405,35.0,14,64.0,26,5827.0,726,1220.0,123,4596.0,608,52.0,13,80.0,27
MSSB223,y,2.0,2.0,62.89938398357289,M,1.0,9595.797803878784,1.0,0.0,0.0,2.0,2.0,1742.379121184349,156,770.2362638711929,41,848.0076924562454,106,53.841758251190186,7,22.43406593799591,6,1710.9714288711548,156,816.6000001430511,42,798.6527473926544,110,41.87692308425903,7,28.416483521461487,6
LBC360970,y,2.0,3.0,73.3945205479452,M,0.0,3487.0,1.0,N/A,N/A,2.0,3.0,8247.0,543,2472.0,105,5741.0,450,86.0,22,88.0,30,9738.0,776,2964.0,129,6729.0,650,106.0,23,121.0,33
LBC360990,y,2.0,2.0,72.88493150684931,M,0.0,7306.0,0.0,N/A,N/A,2.0,2.0,7584.0,646,1842.0,136,5657.0,513,87.0,25,120.0,39,9118.0,853,2349.0,197,6657.0,659,152.0,29,185.0,44
LBC360394,n,2.0,3.0,71.85753424657534,M,0.0,8155.0,0.0,N/A,N/A,2.0,3.0,N/A,N/A,N/A,N/A,N/A,N/A,N/A,N/A,N/A,N/A,16504.0,1183,2460.0,178,14018.0,1014,73.0,19,218.0,62
LBC360411,y,1.0,1.0,72.59726027397261,M,1.0,0.0,0.0,N/A,N/A,1.0,1.0,13578.0,635,2117.0,136,11373.0,521,99.0,24,241.0,54,14846.0,876,2078.0,183,12686.0,704,151.0,30,330.0,47
MSSB092,y,2.0,2.0,75.97262149212867,F,0.0,49389.34396469593,1.0,0.0,0.0,2.0,2.0,5168.808792114258,185,2698.070330142975,56,2369.037363052368,123,236.30549454689026,8,119.64835166931152,14,3864.641758918762,116,2229.9461542367935,33,1622.7307695150375,81,209.38461542129517,5,106.18791210651398,11
MSSB236,y,2.0,3.0,72.5612594113621,M,1.0,37899.98411858082,1.0,0.0,0.0,2.0,3.0,6457.998162031174,237,999.0603919029236,40,5225.624265432358,195,73.28437006473541,8,212.37511324882507,19,6366.7665992975235,228,900.3508322238922,43,5294.4218373298645,186,80.76236701011658,9,243.78270041942596,18
LBC360772,y,1.0,3.0,72.88493150684931,M,1.0,3005.0,0.0,N/A,N/A,1.0,3.0,10111.0,558,1055.0,89,8964.0,479,30.0,14,137.0,46,11530.0,817,1236.0,120,10263.0,703,41.0,15,169.0,44
MSS3_ED_159,y,2.0,2.0,58.201,M,1.0,8399.00390625,1.0,1.0,0.0,2.0,2.0,8508.173038005829,1080,1858.097663283348,235,6116.139264583588,791,60.11725091934204,23,77.51961302757263,32,10602.78462266922,1046,2915.686669588089,175,7153.161842942238,848,83.84774470329285,23,102.83213973045349,30
LBC360510,y,1.0,3.0,72.94246575342466,F,0.0,7681.0,0.0,N/A,N/A,1.0,3.0,8719.0,639,1091.0,98,7545.0,553,38.0,15,142.0,39,9657.0,794,1182.0,125,8414.0,683,42.0,13,167.0,41
MSSB084,y,1.0,2.0,62.21218343600274,F,1.0,2398.946582794189,1.0,0.0,0.0,1.0,2.0,4082.9951190948486,298,613.1970691680908,46,3412.96515083313,249,40.38127040863037,7,115.16140079498291,24,3562.525411605835,250,515.9828996658325,27,3045.0469093322754,226,35.89446258544922,5,104.69218254089355,16
MSSB046,y,1.0,2.0,61.388090349076,F,0.0,N/A,N/A,0.0,0.0,1.0,2.0,7058.785217285156,733,1092.6078643798828,124,5777.732666015625,607,33.41876220703125,14,118.822265625,31,8544.991836547852,848,951.5064239501953,119,7509.010208129883,741,26.920669555664062,8,185.6597900390625,38
MSSA140,n,1.0,2.0,56.0,M,1.0,16400.390625,N/A,N/A,N/A,1.0,2.0,N/A,N/A,N/A,N/A,N/A,N/A,N/A,N/A,N/A,N/A,10996.875,435,1880.859375,57,8845.3125,372,217.96875,8,671.484375,61
LBC360895,y,3.0,3.0,73.2904109589041,M,1.0,34553.0,0.0,N/A,N/A,3.0,3.0,15742.0,770,3728.0,122,11958.0,667,132.0,38,162.0,45,18049.0,975,4622.0,152,13396.0,838,152.0,38,204.0,43
MSSA234,n,1.0,2.0,80.0,M,1.0,17898.046875,1.0,N/A,0.0,1.0,2.0,N/A,N/A,N/A,N/A,N/A,N/A,N/A,N/A,N/A,N/A,9144.140625,344,1807.03125,72,7129.6875,286,193.359375,11,495.703125,33
MSSB171,y,1.0,1.0,58.98699520876112,F,1.0,N/A,N/A,0.0,0.0,1.0,1.0,4136.841758966446,340,708.9164836406708,72,3261.9131873846054,272,50.8505494594574,8,97.21428573131561,20,3734.524176478386,276,424.7516484260559,31,3209.5670335292816,248,53.841758251190186,5,118.15274727344513,23
LBC360230,y,2.0,2.0,71.6082191780822,F,0.0,18907.0,0.0,N/A,N/A,2.0,2.0,8320.0,507,1713.0,102,6580.0,421,53.0,20,131.0,32,9057.0,733,1931.0,147,7098.0,599,60.0,19,144.0,32
MSSB026,y,1.0,1.0,53.66461327857632,M,0.0,N/A,1.0,0.0,1.0,1.0,1.0,3654.704988360405,463,546.7668880224228,65,3073.5911141633987,404,20.422532320022583,5,85.40331697463989,19,5840.844243526459,606,911.5875790119171,58,4897.69456911087,559,26.920610785484314,5,136.45964777469635,30
MSSB218,y,2.0,3.0,75.08555783709791,F,0.0,44826.05486822128,1.0,0.0,0.0,2.0,3.0,5931.540558099747,196,557.8579496145248,44,5215.149250149727,143,50.85032248497009,6,249.76481926441193,24,5524.737978219986,136,215.3660717010498,22,5309.371906518936,118,20.93836808204651,3,329.0314984321594,16
LBC360717,y,2.0,3.0,72.75068493150685,F,1.0,5573.0,0.0,N/A,N/A,2.0,3.0,6709.0,517,1251.0,87,5390.0,440,48.0,16,98.0,23,7798.0,681,1603.0,129,6158.0,561,70.0,18,102.0,25
MSS3_ED_141,y,1.0,2.0,59.91,M,0.0,3127.67578125,1.0,0.0,0.0,1.0,2.0,16166.77247095108,1296,1329.6968648433685,183,13562.749818325043,1040,47.460923194885254,17,143.9648003578186,49,18497.894815206528,1495,1435.692926645279,169,16122.47560930252,1298,45.08787703514099,16,187.47064661979675,62
MSSA075,n,1.0,1.0,68.0,M,1.0,47569.921875,1.0,N/A,0.0,1.0,1.0,N/A,N/A,N/A,N/A,N/A,N/A,N/A,N/A,N/A,N/A,12083.203125,239,2622.65625,40,8423.4375,189,344.53125,8,555.46875,22
MSSB082,y,2.0,3.0,67.62765229295,M,0.0,N/A,0.0,0.0,0.0,2.0,3.0,3925.9440153837204,319,595.2478926181793,40,3242.4558572769165,281,35.8943452835083,7,107.6830358505249,21,3897.527658700943,310,486.06925904750824,38,3399.4936178922653,282,43.3723338842392,4,189.94091045856476,20
MSSA110,n,1.0,1.0,55.0,M,0.0,1121.484375,N/A,N/A,0.0,1.0,1.0,N/A,N/A,N/A,N/A,N/A,N/A,N/A,N/A,N/A,N/A,9991.40625,456,1687.5,62,7969.921875,391,182.8125,14,541.40625,53
MSS3_ED_027,y,3.0,3.0,79.348,F,1.0,3346.7946749925613,1.0,1.0,0.0,3.0,3.0,12755.15578687191,1151,3221.0229063034058,177,8754.980728626251,927,98.87717664241791,33,127.35380351543427,46,12907.822147607803,1265,3427.4784511327744,205,8817.47110426426,1041,98.08615922927856,27,156.62144780158997,48
LBC360555,y,1.0,2.0,72.16986301369863,M,0.0,1574.0,0.0,N/A,N/A,1.0,2.0,5876.0,451,914.0,106,4932.0,357,36.0,14,100.0,30,6619.0,613,1008.0,138,5578.0,482,48.0,16,111.0,29
LBC360439,n,1.0,2.0,72.13150684931507,F,0.0,8897.0,0.0,N/A,N/A,1.0,2.0,N/A,N/A,N/A,N/A,N/A,N/A,N/A,N/A,N/A,N/A,8342.0,663,783.0,126,7526.0,542,34.0,14,139.0,38
LBC360696,y,1.0,1.0,72.6082191780822,F,0.0,1472.0,0.0,N/A,N/A,1.0,1.0,6754.0,592,1744.0,130,4983.0,471,64.0,22,89.0,28,7213.0,749,1994.0,164,5205.0,594,76.0,20,107.0,28
MSS3_ED_004,y,2.0,3.0,84.367,F,0.0,17679.184564948082,1.0,1.0,0.0,2.0,3.0,19092.72831517458,1456,2222.75206387043,227,15690.572932004929,1188,72.77337718009949,23,198.54475730657578,59,22454.541934907436,1640,2809.6851711273193,261,18187.01617527008,1325,82.26555681228638,23,233.3494159579277,71
MSSB002,y,1.0,1.0,77.90280629705681,M,1.0,N/A,0.0,0.0,0.0,1.0,1.0,6279.000391483307,437,2158.290347456932,113,3835.722888469696,303,76.12034773826599,15,79.83353543281555,16,7338.187181353569,371,2546.318461537361,85,4736.1709043979645,296,95.61458313465118,15,92.82969236373901,14
LBC360020,y,1.0,2.0,71.13698630136986,M,0.0,23325.0,0.0,N/A,N/A,1.0,2.0,7541.0,625,1839.0,97,5609.0,532,58.0,13,90.0,26,8941.0,641,2399.0,112,6401.0,536,94.0,12,106.0,22
LBC361061,y,2.0,3.0,72.92876712328767,F,0.0,4824.0,0.0,N/A,N/A,2.0,3.0,9931.0,738,1862.0,133,8033.0,618,76.0,27,141.0,52,11343.0,1088,2306.0,190,9007.0,906,103.0,26,169.0,49
LBC361080,n,2.0,2.0,73.16438356164383,M,0.0,3811.0,0.0,N/A,0.0,2.0,2.0,N/A,N/A,N/A,N/A,N/A,N/A,N/A,N/A,N/A,N/A,22419.0,1128,3583.0,243,18785.0,916,114.0,31,392.0,65
LBC360225,y,1.0,3.0,71.92328767123287,M,1.0,3038.0,0.0,N/A,N/A,1.0,3.0,16607.0,712,1997.0,138,14573.0,601,64.0,22,215.0,58,18015.0,1022,1877.0,192,16107.0,851,62.0,21,254.0,50
MSSB070,y,1.0,1.0,61.51403148528404,F,1.0,N/A,0.0,1.0,0.0,1.0,1.0,2051.9667778015137,163,378.38745975494385,24,1645.1628684997559,142,37.39006519317627,4,46.363680839538574,9,1857.538438796997,168,373.9006519317627,17,1483.6377868652344,156,56.83289909362793,6,43.37247562408447,13
LBC360038,y,1.0,2.0,71.27945205479452,M,1.0,23576.0,0.0,N/A,N/A,1.0,2.0,12358.0,747,1854.0,120,10457.0,640,91.0,28,160.0,50,13737.0,1031,1871.0,178,11832.0,863,96.0,23,209.0,47
LBC360702,y,1.0,2.0,72.51506849315068,M,0.0,16136.0,0.0,N/A,N/A,1.0,2.0,10216.0,692,2352.0,131,7817.0,568,64.0,21,100.0,36,10750.0,898,2696.0,170,8037.0,734,85.0,19,109.0,32
LBC361097,n,1.0,2.0,74.09041095890412,F,0.0,9630.0,0.0,N/A,N/A,1.0,2.0,N/A,N/A,N/A,N/A,N/A,N/A,N/A,N/A,N/A,N/A,5069.0,563,1359.0,110,3687.0,453,59.0,15,76.0,23
MSSB229,y,3.0,1.0,50.59274469541408,M,0.0,10445.301100730896,1.0,1.0,0.0,3.0,1.0,2520.093407034874,164,1106.7472529411316,29,1374.4604398012161,130,50.8505494594574,6,58.32857143878937,10,1936.8076926469803,119,1090.2956045866013,30,845.0164836645126,90,32.90329670906067,3,55.33736264705658,8
LBC360052,y,1.0,2.0,71.28493150684932,F,0.0,2159.0,0.0,N/A,N/A,1.0,2.0,7517.0,635,1055.0,90,6429.0,554,52.0,18,109.0,41,8265.0,889,1109.0,114,7135.0,782,54.0,15,158.0,41
LBC361119,n,1.0,2.0,73.95890410958904,F,1.0,3079.0,1.0,N/A,N/A,1.0,2.0,N/A,N/A,N/A,N/A,N/A,N/A,N/A,N/A,N/A,N/A,11410.0,706,1682.0,171,9723.0,550,62.0,17,242.0,37
MSSA227,n,1.0,1.0,54.0,M,0.0,36594.140625,1.0,N/A,N/A,1.0,1.0,N/A,N/A,N/A,N/A,N/A,N/A,N/A,N/A,N/A,N/A,9966.796875,359,2003.90625,61,7755.46875,294,284.765625,14,548.4375,32
MSS3_ED_164,y,1.0,2.0,59.376,M,1.0,5511.005859375,1.0,0.0,0.0,1.0,2.0,10172.45250582695,962,1386.6492412686348,162,7789.915418148041,703,40.34176343679428,16,93.33976638317108,29,11633.457154214382,1152,1680.9068098664284,157,9175.773644447327,927,59.32612270116806,18,111.53311067819595,33
LBC361164,n,1.0,2.0,73.7068493150685,M,1.0,6851.0,0.0,N/A,N/A,1.0,2.0,N/A,N/A,N/A,N/A,N/A,N/A,N/A,N/A,N/A,N/A,8877.0,764,1867.0,143,6949.0,628,53.0,16,110.0,36
MSSB323,y,3.0,1.0,56.68172484599591,F,1.0,12893.590081214905,1.0,1.0,1.0,3.0,1.0,4138.3324155807495,262,1908.3889274597168,73,2092.348048210144,187,68.79771995544434,9,71.78892517089844,17,3643.2879524230957,217,1983.1690578460693,58,1643.6672658920288,165,82.2581434249878,9,67.30211734771729,13
LBC360807,y,2.0,3.0,72.51780821917808,F,1.0,32468.0,0.0,N/A,N/A,2.0,3.0,9511.0,530,1926.0,117,7532.0,423,55.0,19,131.0,34,10056.0,699,2136.0,161,7903.0,552,71.0,18,159.0,39
LBC361180,y,1.0,2.0,73.8,F,1.0,251.0,0.0,N/A,N/A,1.0,2.0,7472.0,581,567.0,67,6865.0,527,29.0,7,116.0,33,8651.0,730,558.0,71,8043.0,670,21.0,9,147.0,32
MSS3_ED_136,y,1.0,2.0,68.726,M,1.0,5169.287109375,0.0,0.0,0.0,1.0,2.0,29084.844749212265,2283,3955.0769329071045,255,22973.459872484207,1886,139.21870803833008,39,203.29095435142517,69,40194.65585374832,2505,5497.556936740875,335,32449.82420372963,2098,172.44135427474976,45,292.67569303512573,93
MSS3_ED_037,y,3.0,2.0,55.502,M,1.0,13258.146954417229,1.0,1.0,0.0,3.0,2.0,9335.519978284836,803,4034.1596245765686,197,4451.8137974739075,544,112.32366013526917,34,84.6382509469986,29,9432.023404598236,924,4003.3101686239243,218,4776.12859082222,670,114.6966952085495,30,82.26521587371826,33
MSSB219,y,1.0,1.0,49.65913757700205,F,0.0,5155.331094145775,1.0,0.0,0.0,1.0,1.0,3258.9110687971115,239,972.1396028995514,46,2107.299539208412,194,28.416388392448425,5,100.2051590681076,22,2496.1553803682327,105,1088.7963552474976,14,1159.0895265340805,91,31.40758717060089,3,58.32837617397308,13
LBC360312,n,2.0,2.0,72.68219178082192,M,0.0,16513.0,1.0,N/A,N/A,2.0,2.0,N/A,N/A,N/A,N/A,N/A,N/A,N/A,N/A,N/A,N/A,12770.0,883,2313.0,142,10420.0,753,91.0,21,166.0,45
MSSA072,n,1.0,0.0,51.0,M,0.0,1863.28125,N/A,N/A,N/A,1.0,1.0,N/A,N/A,N/A,N/A,N/A,N/A,N/A,N/A,N/A,N/A,10079.296875,579,2496.09375,87,7228.125,490,217.96875,18,639.84375,72
MSS3_ED_152,y,1.0,1.0,57.958,M,0.0,2818.388671875,1.0,0.0,0.0,1.0,1.0,4551.513166308403,557,820.2848719954491,97,3074.6839898228645,381,45.08798235654831,18,52.9981546998024,18,5630.460673928261,717,977.6973016262054,100,4137.811152756214,572,51.41612023115158,19,64.86341321468353,26
MSS3_ED_089,y,3.0,2.0,76.438,F,1.0,9850.517578125,1.0,1.0,0.0,3.0,2.0,18625.28758907318,1326,4449.470937252045,209,12823.968503952026,1043,129.72679710388184,37,170.85968399047852,52,17966.370381832123,1416,4658.299439907074,204,12464.846760749817,1185,145.54713821411133,35,174.0237522125244,50
LBC360710,n,1.0,2.0,73.01095890410959,F,1.0,15533.0,0.0,N/A,0.0,1.0,2.0,N/A,N/A,N/A,N/A,N/A,N/A,N/A,N/A,N/A,N/A,6925.0,620,726.0,77,6174.0,549,29.0,10,132.0,34
LBC360176,y,1.0,1.0,71.58356164383562,M,0.0,6176.0,0.0,N/A,N/A,1.0,1.0,5698.0,590,1237.0,94,4364.0,500,62.0,17,60.0,27,6826.0,840,1731.0,149,4989.0,696,95.0,23,94.0,30
LBC360506,y,1.0,3.0,72.67123287671232,F,1.0,14295.0,1.0,N/A,N/A,1.0,3.0,5783.0,462,983.0,98,4735.0,366,30.0,13,107.0,27,7676.0,717,1280.0,141,6348.0,575,53.0,18,146.0,32
LBC360847,y,1.0,2.0,72.82739726027397,M,1.0,18647.0,1.0,N/A,N/A,1.0,2.0,11522.0,643,2389.0,154,9091.0,517,113.0,27,178.0,44,12342.0,899,2367.0,201,9953.0,713,124.0,25,217.0,43
MSS3_ED_209,y,1.0,2.0,55.409,F,1.0,1736.279296875,1.0,0.0,0.0,1.0,2.0,5491.247433543205,853,1433.3247406482697,123,2667.3129279613495,405,44.297011852264404,16,38.759885370731354,16,4704.184455096722,526,1329.7013736367226,118,2961.5716495513916,393,51.416174471378326,11,41.13293957710266,15
LBC360100,n,1.0,1.0,71.81917808219178,F,0.0,634.0,0.0,N/A,N/A,1.0,1.0,N/A,N/A,N/A,N/A,N/A,N/A,N/A,N/A,N/A,N/A,1584.0,236,473.0,60,1099.0,178,42.0,10,32.0,9
LBC360208,n,1.0,1.0,71.96986301369863,M,0.0,2187.0,0.0,N/A,N/A,1.0,1.0,N/A,N/A,N/A,N/A,N/A,N/A,N/A,N/A,N/A,N/A,10190.0,1102,1497.0,165,8664.0,953,58.0,20,149.0,44
LBC361113,y,2.0,2.0,73.4,F,0.0,24834.0,0.0,N/A,N/A,2.0,2.0,13615.0,800,2596.0,128,10925.0,683,94.0,31,193.0,55,13933.0,1016,2980.0,171,10880.0,847,116.0,27,207.0,47
LBC360178,n,2.0,2.0,72.08767123287672,F,0.0,10098.0,0.0,N/A,N/A,2.0,2.0,N/A,N/A,N/A,N/A,N/A,N/A,N/A,N/A,N/A,N/A,13131.0,1052,3905.0,177,8968.0,889,114.0,26,153.0,40
MSS3_ED_146,y,1.0,2.0,63.737,M,0.0,3592.79296875,1.0,0.0,0.0,1.0,2.0,38585.71892738342,2405,4502.4582233428955,324,30828.233369350433,1902,128.9354691505432,52,335.3904228210449,110,44315.041645526886,2763,5283.19017457962,417,35984.861120224,2213,158.9940447807312,47,388.3884377479553,108
LBC360331,y,1.0,4.0,72.62465753424658,M,1.0,32501.0,0.0,N/A,N/A,1.0,3.0,10725.0,712,1200.0,123,9476.0,601,51.0,16,110.0,41,10968.0,869,1296.0,153,9658.0,727,64.0,19,138.0,37
MSSB159,y,2.0,2.0,79.90417522245038,F,0.0,12115.863205194471,1.0,0.0,0.0,2.0,2.0,1715.4542768001556,70,200.4105257987976,18,1504.574544429779,54,10.46920657157898,3,74.78004693984985,6,1580.850192308426,53,89.73605632781982,12,1489.618535041809,41,13.460408449172974,2,88.24045538902283,6
LBC360781,y,1.0,3.0,72.77808219178083,M,0.0,107.0,0.0,N/A,N/A,1.0,3.0,9200.0,740,1156.0,119,7970.0,630,41.0,16,127.0,48,10077.0,976,1210.0,163,8811.0,819,43.0,21,146.0,43
MSS3_ED_006,y,2.0,3.0,56.619,M,1.0,40817.98520553112,1.0,1.0,1.0,2.0,3.0,25882.029299736023,1722,3429.8434915542603,275,20409.783618330956,1360,95.71288341283798,34,221.48435831069946,63,28839.636498749256,2203,4056.3278193473816,318,22609.59790569544,1812,117.86131924390793,34,252.33396536111832,71
MSSA206,n,2.0,1.0,71.0,M,1.0,67233.09974956512,1.0,N/A,1.0,2.0,1.0,N/A,N/A,N/A,N/A,N/A,N/A,N/A,N/A,N/A,N/A,19244.613471508026,236,6437.136877298355,59,12181.692670583725,169,544.9242031574249,21,1044.1450860500336,35
LBC361134,y,1.0,2.0,73.82739726027397,M,1.0,3516.0,0.0,N/A,N/A,1.0,2.0,12578.0,840,2332.0,148,10209.0,705,89.0,29,188.0,52,13654.0,1170,2835.0,228,10793.0,960,128.0,29,224.0,55
LBC360167,n,2.0,3.0,71.93972602739726,M,1.0,8570.0,0.0,N/A,N/A,2.0,3.0,N/A,N/A,N/A,N/A,N/A,N/A,N/A,N/A,N/A,N/A,17828.0,1261,2519.0,212,15254.0,1071,87.0,26,212.0,49
LBC360138,y,1.0,2.0,71.64657534246575,F,0.0,1974.0,0.0,N/A,N/A,1.0,2.0,7462.0,553,1344.0,125,6083.0,447,60.0,17,106.0,36,9368.0,916,1751.0,211,7577.0,732,70.0,22,151.0,44
LBC360960,y,1.0,1.0,73.34520547945205,F,0.0,742.0,0.0,N/A,N/A,1.0,1.0,7730.0,598,1712.0,145,5973.0,475,86.0,22,168.0,39,9172.0,891,2012.0,213,7148.0,699,110.0,21,235.0,38
MSSB060,y,4.0,3.0,74.13004791238879,F,1.0,N/A,1.0,0.0,0.0,3.0,3.0,6157.382684826851,270,1543.4585695266724,78,4447.912583112717,197,67.30197250843048,11,128.62154746055603,14,4993.806360125542,183,1274.2506794929504,53,3617.8549221754074,137,76.27556884288788,8,125.63034868240356,14
LBC361292,y,2.0,2.0,73.84383561643835,F,1.0,6931.0,0.0,N/A,N/A,2.0,2.0,11678.0,720,1585.0,126,10014.0,621,59.0,20,168.0,54,12042.0,1063,1636.0,175,10371.0,911,73.0,21,211.0,47
LBC360275,n,2.0,3.0,72.16712328767123,M,1.0,4330.0,0.0,N/A,N/A,2.0,3.0,N/A,N/A,N/A,N/A,N/A,N/A,N/A,N/A,N/A,N/A,14687.0,1048,1818.0,208,12799.0,856,81.0,27,304.0,60
MSSA201,n,2.0,1.0,80.0,M,1.0,37951.08951568604,1.0,N/A,0.0,2.0,1.0,N/A,N/A,N/A,N/A,N/A,N/A,N/A,N/A,N/A,N/A,13584.345520019531,251,4721.4741287231445,50,8690.606140136719,205,608.2018051147461,15,812.1076126098633,35
LBC360333,n,2.0,3.0,72.32876712328768,M,1.0,15792.0,0.0,N/A,N/A,2.0,3.0,N/A,N/A,N/A,N/A,N/A,N/A,N/A,N/A,N/A,N/A,18666.0,1160,1901.0,179,16713.0,989,63.0,16,283.0,64
LBC360857,y,1.0,2.0,72.74246575342465,F,1.0,20924.0,0.0,N/A,N/A,1.0,2.0,4940.0,415,790.0,71,4132.0,349,42.0,10,101.0,34,5562.0,563,935.0,90,4614.0,479,59.0,12,124.0,29
MSSA202,n,1.0,1.0,50.0,F,1.0,1212.89449095726,1.0,N/A,N/A,1.0,1.0,N/A,N/A,N/A,N/A,N/A,N/A,N/A,N/A,N/A,N/A,6785.17787694931,342,2464.4609801769257,65,4151.96635890007,267,344.53234815597534,17,537.8923394680023,30
LBC360635,y,1.0,2.0,72.87397260273973,F,0.0,1622.0,0.0,N/A,N/A,1.0,2.0,7816.0,540,954.0,82,6824.0,461,58.0,18,130.0,41,8908.0,825,1084.0,129,7799.0,699,84.0,19,161.0,43
LBC360270,n,1.0,1.0,72.75890410958904,F,0.0,31772.0,1.0,N/A,N/A,1.0,1.0,N/A,N/A,N/A,N/A,N/A,N/A,N/A,N/A,N/A,N/A,7628.0,675,1997.0,158,5587.0,525,72.0,21,143.0,23
MSSB126,y,1.0,1.0,72.17248459958935,F,1.0,3306.766559243202,1.0,0.0,0.0,1.0,1.0,1413.3398455381393,110,649.0894105434418,22,717.886905670166,84,58.32831108570099,5,38.88554072380066,7,1099.2643243074417,83,667.0365831851959,17,418.7673616409302,67,56.83271336555481,5,23.929563522338867,6
LBC361035,y,1.0,3.0,73.66301369863014,F,1.0,36429.0,1.0,N/A,N/A,1.0,3.0,8741.0,523,1705.0,126,6982.0,413,61.0,21,108.0,30,9388.0,700,1716.0,160,7634.0,548,80.0,20,128.0,28
LBC360489,y,1.0,3.0,71.97260273972603,M,0.0,21270.0,0.0,N/A,0.0,1.0,3.0,11889.0,681,1281.0,107,10520.0,586,55.0,16,173.0,48,13089.0,950,1295.0,148,11756.0,805,66.0,16,209.0,45
MSSA224,n,1.0,2.0,73.0,M,1.0,5786.71875,1.0,N/A,0.0,1.0,2.0,N/A,N/A,N/A,N/A,N/A,N/A,N/A,N/A,N/A,N/A,15816.796875,413,2155.078125,67,13250.390625,351,242.578125,20,780.46875,49
LBC360617,y,2.0,3.0,72.5068493150685,M,1.0,4265.0,0.0,N/A,N/A,2.0,3.0,12925.0,834,3006.0,150,9902.0,710,119.0,33,176.0,50,13812.0,1073,3249.0,182,10547.0,912,148.0,27,212.0,56
MSSB055,y,3.0,4.0,68.72005475701576,M,1.0,42587.28425502777,1.0,1.0,1.0,3.0,3.0,10164.115322113037,362,2324.166452407837,70,7687.397403717041,295,101.70097732543945,12,263.22605895996094,21,9042.413366317749,312,2128.2425107955933,64,6836.399519920349,249,118.15260601043701,11,290.14690589904785,22
LBC360902,y,2.0,2.0,72.74794520547945,F,0.0,5547.0,0.0,N/A,N/A,2.0,2.0,14320.0,828,2161.0,138,12112.0,712,79.0,28,214.0,67,16107.0,1094,2664.0,191,13427.0,926,112.0,27,254.0,70
LBC360770,n,1.0,2.0,72.81643835616438,F,1.0,4074.0,0.0,N/A,N/A,1.0,2.0,N/A,N/A,N/A,N/A,N/A,N/A,N/A,N/A,N/A,N/A,21958.0,655,3902.0,130,17995.0,539,167.0,19,464.0,49
MSS3_ED_064,y,1.0,1.0,56.32,M,0.0,2144.443359375,1.0,0.0,0.0,1.0,1.0,17638.046470284462,1529,2695.778203010559,248,13230.512389540672,1173,79.89248782396317,27,180.35135865211487,58,18646.59025222063,1709,2842.11592823267,288,14576.819461584091,1356,87.01162040233612,24,238.09543401002884,60
MSSB290,y,2.0,4.0,67.35112936344969,F,0.0,29967.35601067543,1.0,1.0,0.0,2.0,3.0,8725.33587694168,322,1500.087741613388,57,6879.7643184661865,256,107.68326759338379,10,314.0761971473694,24,7418.1806564331055,287,1123.1963050365448,46,6238.151515722275,241,100.2052628993988,5,284.16417837142944,22
MSS3_ED_043,y,2.0,3.0,59.849,M,1.0,8781.881276249886,1.0,1.0,1.0,2.0,3.0,17350.980031490326,1369,4156.799638271332,229,11177.875487804413,989,113.9065933227539,35,146.33833169937134,45,15932.684741020203,1487,3677.4427247047424,285,10883.616788387299,1142,108.36946725845337,28,151.08443975448608,46
MSSB172,y,1.0,1.0,55.373032169746736,M,1.0,N/A,N/A,0.0,0.0,1.0,1.0,1529.9981750249863,151,169.00273096561432,10,1307.1538660526276,138,14.955993890762329,2,50.85037922859192,9,1538.9717713594437,172,149.5599389076233,6,1343.0482513904572,164,22.433990836143494,2,70.29317128658295,12
LBC360719,y,1.0,2.0,72.5041095890411,F,1.0,4753.0,0.0,N/A,N/A,1.0,2.0,5527.0,504,940.0,74,4566.0,436,39.0,13,76.0,31,6597.0,701,1194.0,117,5368.0,590,55.0,13,91.0,31
MSSB091,y,2.0,1.0,90.89117043121148,M,0.0,35851.090109825134,1.0,1.0,0.0,2.0,1.0,6085.60701084137,287,1280.2358322143555,69,4518.21547794342,214,61.31970691680908,11,143.57785034179688,12,5050.6500062942505,241,865.9539098739624,62,4033.640233039856,185,38.88566780090332,7,152.55146598815918,9
MSSB157,y,2.0,2.0,71.76180698151951,M,0.0,N/A,N/A,0.0,0.0,2.0,2.0,7087.652848958969,376,1052.903060913086,63,5886.6852951049805,311,53.841633796691895,9,183.95891547203064,22,6472.960863113403,339,632.6391971111298,38,5780.497628450394,303,38.885624408721924,7,221.34893894195557,22
MSS3_ED_181,y,2.0,3.0,70.732,M,1.0,14714.47265625,1.0,0.0,0.0,2.0,3.0,20265.10106641054,1551,4197.143770575523,237,15187.553787231445,1266,119.44378238916397,39,155.83063000440598,58,21787.02051883936,1771,4784.870461404324,298,16360.63411360979,1470,125.7719298005104,29,193.00849604606628,58
LBC360224,y,1.0,3.0,72.32054794520548,M,0.0,2473.0,0.0,N/A,N/A,1.0,3.0,9154.0,655,1712.0,122,7429.0,550,62.0,19,144.0,39,11597.0,887,1953.0,162,9626.0,740,81.0,21,199.0,38
MSS3_ED_128,y,4.0,4.0,81.925,F,0.0,37532.900390625,1.0,1.0,1.0,3.0,3.0,43543.890466213226,2110,6612.900092601776,198,33085.85791546106,1688,162.1584352850914,48,382.85211062431335,122,44559.55598282814,1733,7783.604893684387,228,33503.51476341486,1401,187.47097152471542,41,448.50650149583817,111
LBC360456,y,0.0,1.0,71.81643835616438,F,0.0,5262.0,0.0,N/A,N/A,1.0,1.0,5340.0,421,755.0,74,4552.0,352,30.0,10,122.0,27,6197.0,551,960.0,95,5233.0,459,41.0,11,149.0,25
LBC361288,n,1.0,2.0,73.7095890410959,M,0.0,9204.0,0.0,N/A,N/A,1.0,2.0,N/A,N/A,N/A,N/A,N/A,N/A,N/A,N/A,N/A,N/A,14608.0,1118,2203.0,222,12388.0,910,101.0,28,230.0,51
MSS3_ED_174,y,2.0,2.0,84.419,F,1.0,13552.470703125,1.0,1.0,0.0,2.0,2.0,17485.388532578945,1466,4080.0558267831802,191,11869.181403815746,1190,104.413991689682,27,128.14444434642792,52,18652.926803290844,1664,5030.855963230133,228,12358.028728544712,1405,117.86124819517136,34,150.29286682605743,51
MSSB302,y,0.0,0.0,58.95687885010264,F,1.0,N/A,N/A,0.0,0.0,1.0,1.0,3613.3681240081787,347,723.8701043128967,64,2805.744453907013,281,47.85918045043945,9,101.70075845718384,22,3022.6063653230667,289,559.3541715145111,45,2449.7917993068695,247,49.354779839515686,5,121.14355051517487,22
MSSB267,y,1.0,1.0,90.25325119780972,F,0.0,9981.651803970335,N/A,0.0,0.0,1.0,1.0,2704.049514770508,173,943.725245475769,32,1748.3594484329224,144,47.859283447265625,7,59.82410430908203,10,2600.8529348373413,160,867.4495124816895,20,1733.4034223556519,145,56.83289909362793,5,61.31970691680908,8
LBC361018,y,1.0,2.0,73.57534246575342,M,0.0,3948.0,0.0,N/A,N/A,1.0,2.0,6207.0,525,1615.0,96,4559.0,434,51.0,20,78.0,25,7614.0,758,2116.0,132,5479.0,634,66.0,21,97.0,24
LBC361023,n,1.0,1.0,73.62739726027397,F,0.0,3136.0,0.0,N/A,N/A,1.0,1.0,N/A,N/A,N/A,N/A,N/A,N/A,N/A,N/A,N/A,N/A,15276.0,810,2754.0,134,12518.0,696,113.0,20,280.0,42
LBC360993,n,2.0,2.0,73.65479452054795,M,1.0,7003.0,0.0,N/A,N/A,2.0,2.0,N/A,N/A,N/A,N/A,N/A,N/A,N/A,N/A,N/A,N/A,11200.0,1017,1368.0,154,9819.0,869,59.0,18,147.0,43
LBC360877,y,2.0,3.0,73.24657534246575,M,1.0,6170.0,0.0,N/A,N/A,2.0,3.0,15282.0,784,3055.0,163,12166.0,650,98.0,35,212.0,59,17749.0,1025,3857.0,219,13839.0,827,154.0,32,275.0,51
LBC360648,y,1.0,1.0,72.78356164383561,M,0.0,887.0,0.0,N/A,N/A,1.0,1.0,7483.0,679,1476.0,128,5941.0,561,47.0,16,111.0,40,8578.0,962,1576.0,170,6930.0,799,57.0,17,135.0,46
LBC360563,y,2.0,2.0,72.9068493150685,F,1.0,12829.0,0.0,N/A,N/A,2.0,2.0,5560.0,498,1330.0,92,4201.0,411,51.0,19,95.0,30,7586.0,783,1835.0,130,5720.0,663,60.0,19,144.0,41
LBC360393,y,2.0,2.0,71.96164383561644,M,0.0,18149.0,1.0,N/A,N/A,2.0,2.0,11560.0,637,2058.0,133,9462.0,519,78.0,29,179.0,57,12737.0,807,2296.0,172,10421.0,647,94.0,26,223.0,50
LBC360114,y,1.0,2.0,71.52602739726028,M,0.0,4989.0,0.0,N/A,N/A,1.0,2.0,10359.0,755,2013.0,155,8323.0,619,69.0,25,117.0,34,11188.0,983,2235.0,203,8912.0,792,81.0,24,156.0,38
MSS3_ED_170,y,1.0,2.0,44.917,M,1.0,2401.5234375,1.0,0.0,0.0,1.0,2.0,7965.494331717491,828,1912.6678544282913,142,5417.643562853336,606,62.48997539281845,19,92.54844456911087,31,7399.129491448402,647,1656.3798540830612,126,5416.852550506592,508,50.62479019165039,15,96.50350630283356,27
MSS3_ED_153,y,2.0,3.0,67.537,M,1.0,10495.986328125,1.0,0.0,0.0,2.0,3.0,17479.934406995773,1333,2865.861270546913,206,13550.943810582161,1055,122.60792076587677,37,144.75644838809967,56,15964.342302560806,1208,2888.800817012787,191,12534.48459649086,1000,116.27977001667023,30,145.5474672317505,54
LBC361262,y,2.0,2.0,73.63561643835617,F,0.0,3347.0,0.0,N/A,N/A,2.0,2.0,12806.0,596,2383.0,117,10388.0,497,81.0,28,189.0,56,14472.0,884,2630.0,181,11808.0,721,103.0,28,200.0,49
LBC360223,y,2.0,3.0,71.87123287671233,M,1.0,563.0,0.0,N/A,N/A,2.0,3.0,7765.0,514,1083.0,85,6642.0,435,47.0,17,137.0,49,8996.0,721,1177.0,126,7793.0,601,55.0,18,168.0,53
MSSB017,y,1.0,1.0,48.63518138261464,M,1.0,N/A,N/A,0.0,0.0,1.0,1.0,7568.404818415642,862,1161.299451470375,127,5838.987649679184,702,32.490392327308655,12,80.76183235645294,26,8350.030828118324,785,854.0331697463989,73,7015.139851927757,715,33.418689250946045,6,107.68244314193726,29
LBC360137,n,1.0,2.0,71.8054794520548,F,0.0,1490.0,0.0,N/A,N/A,1.0,2.0,N/A,N/A,N/A,N/A,N/A,N/A,N/A,N/A,N/A,N/A,14804.0,1344,2061.0,222,12698.0,1143,73.0,18,192.0,50
MSSB279,y,3.0,4.0,48.295687885010246,F,1.0,35574.32706856728,1.0,1.0,1.0,3.0,3.0,6583.628510713577,209,2433.340206027031,43,3952.8691853284836,166,173.48952913284302,5,109.178755402565,13,5629.436100482941,142,2473.7213895320892,24,3062.987548828125,117,185.45432424545288,4,94.22276151180267,7
LBC361169,n,1.0,2.0,73.73424657534247,M,0.0,10675.0,0.0,N/A,N/A,1.0,2.0,N/A,N/A,N/A,N/A,N/A,N/A,N/A,N/A,N/A,N/A,26978.0,887,4396.0,179,22380.0,731,165.0,28,407.0,58
LBC360040,y,1.0,2.0,71.25753424657535,M,0.0,12.0,0.0,N/A,N/A,1.0,2.0,12856.0,883,1701.0,147,11010.0,754,71.0,27,179.0,49,15572.0,1304,2150.0,231,13371.0,1090,99.0,27,249.0,58
MSSB041,y,2.0,3.0,78.17932922655716,F,1.0,N/A,N/A,0.0,0.0,2.0,3.0,5483.467884242535,355,763.062569975853,89,4485.54542350769,241,27.84899890422821,8,62.19609755277634,11,6199.1871560812,285,697.1532725691795,95,5491.822583913803,199,29.705598831176758,7,95.61489623785019,11
LBC361001,y,1.0,3.0,73.44931506849315,M,1.0,6125.0,0.0,N/A,N/A,1.0,3.0,9835.0,689,976.0,87,8700.0,610,40.0,14,136.0,39,10968.0,951,1030.0,117,9767.0,840,46.0,14,146.0,38
LBC360420,n,1.0,2.0,71.96164383561644,M,1.0,2636.0,0.0,N/A,N/A,1.0,2.0,N/A,N/A,N/A,N/A,N/A,N/A,N/A,N/A,N/A,N/A,22344.0,1115,3812.0,214,18445.0,914,150.0,27,370.0,61
MSSB260,y,3.0,4.0,74.04243668720054,F,1.0,N/A,N/A,0.0,0.0,3.0,3.0,6136.457499504089,273,1042.4350175857544,62,4963.9050550460815,205,53.84169387817383,8,169.00309467315674,18,5714.697564125061,211,544.3993492126465,32,5128.421341896057,176,29.912052154541016,4,182.4635181427002,16
LBC360346,y,1.0,1.0,74.1972602739726,F,0.0,0.0,0.0,N/A,N/A,1.0,1.0,10455.0,644,1736.0,133,8680.0,524,56.0,19,149.0,47,12776.0,1027,2048.0,216,10678.0,819,76.0,22,203.0,52
LBC361045,y,1.0,1.0,73.16438356164383,F,1.0,5456.0,0.0,N/A,N/A,1.0,1.0,5048.0,439,1757.0,114,3250.0,332,69.0,19,90.0,26,6342.0,620,2244.0,129,4060.0,495,95.0,21,111.0,25
LBC360217,y,1.0,3.0,71.95068493150686,M,0.0,588.0,0.0,N/A,N/A,1.0,3.0,4664.0,438,914.0,69,3732.0,373,38.0,14,84.0,28,5693.0,660,1291.0,124,4389.0,540,55.0,16,116.0,34
LBC360726,n,1.0,2.0,73.32054794520548,F,0.0,11075.0,0.0,N/A,N/A,1.0,2.0,N/A,N/A,N/A,N/A,N/A,N/A,N/A,N/A,N/A,N/A,4114.0,406,1231.0,98,2866.0,314,46.0,10,110.0,18
MSSB266,y,1.0,1.0,61.05954825462012,F,1.0,8635.590872526169,1.0,0.0,0.0,1.0,1.0,6909.669177532196,439,1556.9189640283585,75,5055.125935077667,362,106.18755662441254,12,146.56874012947083,29,7313.481012582779,409,1483.634593963623,54,5722.163262605667,362,91.23156273365021,10,197.41911935806274,32
LBC360571,y,1.0,1.0,72.52876712328766,M,0.0,1071.0,0.0,N/A,N/A,1.0,1.0,8235.0,663,1170.0,118,7023.0,560,50.0,20,115.0,40,9077.0,759,1365.0,136,7684.0,631,67.0,18,135.0,38
MSS3_ED_022,y,2.0,2.0,74.108,M,1.0,33954.4454857707,1.0,1.0,0.0,2.0,2.0,14398.901906192303,1226,2916.4836196303368,224,9967.618684828281,902,83.8479152917862,28,164.53175830841064,45,14270.756979048252,1167,3092.880648970604,233,9849.756992578506,884,96.50420439243317,29,155.83055955171585,44
LBC361176,y,1.0,2.0,73.96712328767123,F,0.0,9993.0,1.0,N/A,N/A,1.0,2.0,9894.0,622,1790.0,114,8025.0,517,58.0,20,114.0,35,11619.0,910,2154.0,207,9391.0,710,82.0,26,142.0,34
LBC360695,n,2.0,3.0,73.02465753424657,M,0.0,6046.0,0.0,N/A,N/A,2.0,3.0,N/A,N/A,N/A,N/A,N/A,N/A,N/A,N/A,N/A,N/A,16374.0,909,4345.0,214,11978.0,720,160.0,30,233.0,38
LBC361009,n,1.0,1.0,73.3917808219178,M,0.0,16327.0,0.0,N/A,N/A,1.0,1.0,N/A,N/A,N/A,N/A,N/A,N/A,N/A,N/A,N/A,N/A,13285.0,913,2536.0,199,10710.0,735,82.0,22,166.0,36
LBC360680,y,1.0,2.0,72.67123287671232,M,0.0,8901.0,0.0,N/A,N/A,1.0,2.0,8492.0,642,1983.0,132,6479.0,523,72.0,25,116.0,38,11287.0,936,2717.0,183,8538.0,765,113.0,28,161.0,40
MSSB239,y,1.0,2.0,50.87748117727584,F,1.0,234.8093473911285,1.0,0.0,0.0,1.0,2.0,1815.6595396995544,191,218.35773706436157,25,1576.363389492035,172,26.920816898345947,5,67.30204224586487,16,1742.3750936985016,186,192.93252110481262,14,1546.451370716095,177,22.434014081954956,2,77.77124881744385,13
LBC360189,n,1.0,2.0,72.14246575342466,M,0.0,6805.0,0.0,N/A,N/A,1.0,2.0,N/A,N/A,N/A,N/A,N/A,N/A,N/A,N/A,N/A,N/A,20793.0,1026,3248.0,243,17457.0,806,104.0,27,230.0,54
LBC360849,y,1.0,2.0,72.94794520547946,F,0.0,20534.0,0.0,N/A,N/A,1.0,2.0,6101.0,406,1292.0,90,4737.0,321,67.0,19,77.0,27,6942.0,525,1582.0,117,5317.0,412,74.0,18,99.0,20
MSSB205,y,1.0,3.0,65.6536618754278,F,0.0,N/A,0.0,0.0,1.0,1.0,3.0,4639.344127893448,285,418.7673616409302,41,4175.708834648132,245,26.920758962631226,4,113.66542673110962,17,3205.065914273262,163,152.55096745491028,9,2998.6734288930893,155,16.45157492160797,1,79.2666791677475,11
MSS3_ED_041,y,1.0,2.0,69.555,M,1.0,9422.579545021055,1.0,0.0,0.0,1.0,2.0,27876.18794220686,1983,3880.723533511162,275,21864.46783322096,1604,125.77151280641556,44,249.1699782013893,71,30702.487409234047,2495,4047.627868115902,368,24328.482062101364,2049,118.65237057209015,46,262.6172468662262,79
LBC360533,y,1.0,1.0,72.2931506849315,M,0.0,3869.0,0.0,N/A,N/A,1.0,1.0,7529.0,641,1604.0,115,5864.0,534,50.0,21,82.0,33,8540.0,823,2126.0,160,6394.0,670,62.0,21,112.0,33
LBC361291,y,1.0,1.0,73.35068493150685,M,1.0,33794.0,0.0,N/A,N/A,1.0,1.0,6092.0,475,1047.0,92,5009.0,385,59.0,19,94.0,27,7287.0,752,1361.0,150,5895.0,607,86.0,18,126.0,28
MSSA173,n,1.0,2.0,52.0,M,0.0,5171.484375,N/A,N/A,0.0,1.0,2.0,N/A,N/A,N/A,N/A,N/A,N/A,N/A,N/A,N/A,N/A,6015.234375,326,1307.8125,41,4187.109375,271,154.6875,8,305.859375,33
LBC360784,y,2.0,3.0,73.04657534246576,M,1.0,17617.0,0.0,N/A,N/A,2.0,3.0,12826.0,873,2732.0,146,10019.0,744,71.0,22,163.0,58,13528.0,1003,2995.0,152,10478.0,862,81.0,22,189.0,52
MSSB286,y,1.0,1.0,41.06776180698151,M,0.0,4195.151605010033,1.0,0.0,0.0,1.0,1.0,2929.875933766365,235,566.8315359354019,31,2090.8456127643585,204,50.85032248497009,7,68.79749512672424,13,2493.1613994836807,234,423.2541548013687,21,1844.071988940239,211,38.88554072380066,4,79.2666791677475,14
LBC360934,y,1.0,3.0,73.34794520547945,M,0.0,16892.0,0.0,N/A,N/A,1.0,3.0,13876.0,701,2473.0,144,11336.0,569,97.0,30,175.0,53,14183.0,976,2481.0,196,11647.0,789,130.0,25,182.0,47
MSS3_ED_097,y,3.0,3.0,80.296,M,0.0,9818.876953125,1.0,1.0,1.0,3.0,3.0,17335.927175998688,1176,4948.60195350647,171,11412.792356967926,941,151.08423483371735,38,166.11355662345886,44,19591.116461396217,1256,5790.243973731995,195,13079.46504175663,1014,166.11355662345886,38,207.24643731117249,50
LBC361307,y,2.0,2.0,73.7013698630137,M,1.0,3570.0,0.0,N/A,N/A,2.0,2.0,4787.0,405,2373.0,99,2368.0,313,78.0,22,47.0,18,5038.0,494,2872.0,125,2138.0,374,94.0,21,51.0,20
MSS3_ED_105,y,1.0,2.0,62.423,F,0.0,2713.974609375,1.0,1.0,0.0,1.0,2.0,7534.430073201656,734,1718.878377854824,146,5320.375503659248,539,66.44536757469177,22,107.57821416854858,32,7856.373699426651,710,1672.9994335770607,139,5863.012672185898,556,64.0723187327385,17,133.68175143003464,30
MSSB291,y,1.0,1.0,55.51813826146476,M,0.0,2799.7649574279785,1.0,0.0,0.0,1.0,1.0,1875.4835772514343,145,357.4486243724823,19,1257.8003895282745,124,23.929615020751953,4,67.30204224586487,14,1687.0378589630127,108,275.19057273864746,13,1165.0731313228607,94,25.42521595954895,3,61.31963849067688,9
MSS3_ED_172,y,1.0,3.0,38.762,M,1.0,3367.353515625,1.0,1.0,1.0,1.0,3.0,25755.342602729797,2026,3709.84511077404,299,20410.476203262806,1580,103.62253934144974,33,270.52601873874664,89,25337.688398361206,2126,3685.3237465023994,336,20562.35045939684,1746,109.95063334703445,34,264.98893648386,84
MSSB095,y,2.0,1.0,69.48665297741272,M,1.0,76631.52149748802,1.0,0.0,0.0,2.0,1.0,7132.513486504555,144,481.583003282547,26,6350.315006017685,120,34.39878594875336,3,160.02913463115692,10,6656.912880778313,111,200.4103181362152,17,6128.9662964344025,97,26.920789003372192,3,152.55113768577576,9
MSS3_ED_011,y,3.0,2.0,79.179,M,0.0,28781.976944684982,1.0,1.0,0.0,3.0,2.0,29660.79558545351,1710,5873.307390511036,207,21427.090989112854,1316,171.6508691906929,46,219.90295684337616,78,29667.914745926857,1681,6468.943816781044,253,21699.201122760773,1347,171.6508691906929,41,227.02211731672287,62
LBC360659,y,1.0,2.0,72.66849315068494,F,1.0,2647.0,0.0,N/A,N/A,1.0,2.0,6156.0,574,1019.0,103,5112.0,480,63.0,19,104.0,33,7178.0,884,1188.0,163,5971.0,730,80.0,16,127.0,34
MSSB217,y,2.0,2.0,66.77070499657769,M,1.0,N/A,0.0,0.0,0.0,2.0,2.0,2244.899514198303,109,524.9565153121948,33,1468.6817607879639,80,26.920846939086914,5,62.81530952453613,9,2271.82036113739,106,492.0532579421997,31,1550.9399042129517,78,35.89446258544922,3,76.27573299407959,8
LBC360186,y,2.0,3.0,72.13972602739726,M,1.0,3981.0,0.0,N/A,N/A,2.0,3.0,12516.0,839,2955.0,144,9503.0,710,121.0,29,120.0,43,13607.0,1076,3283.0,186,10305.0,902,136.0,24,164.0,40
LBC360430,y,2.0,2.0,72.21917808219177,M,0.0,17347.0,0.0,N/A,N/A,2.0,2.0,6869.0,510,1932.0,115,4861.0,407,72.0,18,95.0,31,8081.0,689,2442.0,146,5572.0,556,95.0,21,117.0,30
LBC360303,y,1.0,1.0,72.15890410958905,F,0.0,344.0,0.0,N/A,N/A,1.0,1.0,6857.0,598,1033.0,109,5789.0,498,40.0,16,99.0,37,8219.0,847,1055.0,136,7144.0,711,49.0,16,143.0,42
MSSA135,n,1.0,0.0,83.0,M,1.0,8152.743221282959,1.0,N/A,0.0,1.0,1.0,N/A,N/A,N/A,N/A,N/A,N/A,N/A,N/A,N/A,N/A,9724.229301452637,401,2320.3150177001953,59,7094.538948059082,336,291.79719161987305,14,625.7819290161133,36
LBC360264,y,1.0,0.0,72.2986301369863,F,0.0,682.0,0.0,N/A,N/A,1.0,1.0,9342.0,604,1616.0,126,7660.0,492,92.0,27,119.0,37,11354.0,903,1984.0,210,9317.0,706,117.0,28,159.0,41
MSSA225,n,1.0,2.0,54.0,M,0.0,1641.796875,1.0,N/A,0.0,1.0,2.0,N/A,N/A,N/A,N/A,N/A,N/A,N/A,N/A,N/A,N/A,5958.984375,292,1276.171875,39,4608.984375,250,140.625,8,481.640625,35
MSS3_ED_223,y,1.0,3.0,65.739,F,0.0,6551.982421875,1.0,0.0,0.0,1.0,3.0,20263.541932940483,1516,2259.9421986341476,186,16335.339987397194,1238,105.9965889453888,37,182.72546303272247,66,22186.509901046753,1724,2793.8802399635315,219,18074.000453829765,1456,122.60799467563629,33,210.41113924980164,68
LBC361031,y,1.0,3.0,73.63287671232877,F,1.0,21876.0,0.0,N/A,N/A,1.0,3.0,13390.0,809,1414.0,118,11936.0,694,41.0,15,189.0,58,14338.0,999,1455.0,149,12848.0,852,42.0,14,239.0,52
LBC360192,y,2.0,2.0,71.46849315068494,M,0.0,3453.0,0.0,N/A,N/A,2.0,2.0,9140.0,650,1779.0,149,7324.0,517,82.0,21,119.0,31,11110.0,942,1907.0,218,9186.0,741,113.0,24,163.0,41
LBC360055,y,2.0,2.0,71.61643835616438,F,1.0,3139.0,0.0,N/A,N/A,2.0,2.0,5595.0,509,864.0,88,4707.0,429,33.0,14,79.0,32,7122.0,742,1119.0,134,5983.0,620,56.0,17,104.0,33
MSS3_ED_142,y,3.0,3.0,66.864,F,1.0,18474.9609375,1.0,1.0,1.0,3.0,3.0,21737.12903022766,1023,4248.548763513565,178,16381.157390356064,813,134.47277784347534,41,181.14274191856384,59,23207.628406763077,1155,4631.400672197342,200,17655.484714508057,946,133.6817615032196,37,208.0372974872589,58
LBC360334,y,1.0,2.0,72.17808219178082,F,1.0,17894.0,0.0,N/A,N/A,1.0,2.0,6224.0,467,1136.0,87,5061.0,386,42.0,18,87.0,28,7652.0,671,1604.0,134,6027.0,545,64.0,19,108.0,28
MSSB069,y,3.0,4.0,75.46885694729639,M,1.0,40734.14496088028,1.0,1.0,0.0,3.0,3.0,11388.989347815514,352,1313.1362636089325,60,9694.475239992142,292,61.31957495212555,8,284.16388392448425,25,10774.297998905182,290,1141.1423338651657,40,9386.381765842438,254,64.31077373027802,6,284.16388392448425,22
LBC360863,y,1.0,2.0,73.41095890410959,M,0.0,5610.0,0.0,N/A,N/A,1.0,2.0,9101.0,699,1211.0,115,7803.0,588,38.0,15,131.0,46,10554.0,985,1408.0,173,9089.0,814,52.0,17,157.0,43
LBC361209,y,2.0,3.0,73.91232876712328,F,0.0,17333.0,0.0,N/A,N/A,2.0,3.0,9891.0,646,2166.0,116,7701.0,546,82.0,25,138.0,38,12130.0,986,2803.0,172,9302.0,828,105.0,28,175.0,37
LBC361111,n,2.0,3.0,73.94246575342466,M,1.0,33184.0,1.0,N/A,N/A,2.0,3.0,N/A,N/A,N/A,N/A,N/A,N/A,N/A,N/A,N/A,N/A,17978.0,949,3579.0,183,14200.0,784,132.0,32,297.0,60
MSSB151,y,1.0,2.0,48.43258042436688,F,1.0,9153.058047294617,1.0,0.0,0.0,1.0,2.0,3423.423181414604,189,487.5648567676544,20,2636.738780617714,172,65.80629968643188,3,83.75347232818604,18,2973.2482676506042,125,536.9195815324783,14,1938.2946453094482,114,80.76227688789368,4,77.77108144760132,10
MSSB052,y,1.0,1.0,65.69472963723476,M,0.0,N/A,1.0,0.0,0.0,1.0,1.0,2971.759065389633,275,312.5805962085724,34,2591.876426935196,242,22.434014081954956,7,86.74485445022583,17,3068.973126411438,325,227.33134269714355,24,2804.2517602443695,303,29.91201877593994,5,130.11728167533875,22
LBC360215,y,2.0,1.0,72.05479452054794,F,1.0,6184.0,1.0,N/A,N/A,2.0,1.0,12198.0,659,2115.0,120,9980.0,563,62.0,18,200.0,51,12077.0,930,2136.0,160,9839.0,784,72.0,21,219.0,51
LBC360594,y,1.0,2.0,72.5123287671233,F,0.0,6956.0,0.0,N/A,N/A,1.0,2.0,10677.0,591,1343.0,127,9258.0,484,57.0,18,134.0,43,13256.0,833,1662.0,191,11523.0,666,88.0,18,186.0,43
LBC360414,n,2.0,2.0,72.11780821917809,M,0.0,6076.0,1.0,N/A,N/A,2.0,2.0,N/A,N/A,N/A,N/A,N/A,N/A,N/A,N/A,N/A,N/A,18935.0,1190,3685.0,204,15208.0,1004,158.0,37,275.0,69
LBC360732,y,2.0,3.0,72.78630136986301,F,1.0,17428.0,0.0,N/A,0.0,2.0,3.0,8725.0,494,1846.0,106,6828.0,402,86.0,25,136.0,34,9744.0,752,2179.0,167,7518.0,606,101.0,26,160.0,33
MSS3_ED_118,y,2.0,2.0,82.179,F,0.0,19199.53125,1.0,0.0,0.0,2.0,2.0,16034.713981747627,1099,3318.318048119545,190,11728.415184617043,859,78.31072390079498,26,162.9495871067047,43,17376.279514431953,1289,3671.111814379692,217,12943.417931199074,1049,87.8029328584671,24,189.05316174030304,46
MSS3_ED_031,y,1.0,1.0,74.229,M,1.0,5283.1738525033,1.0,0.0,0.0,1.0,1.0,20468.24319601059,2144,2211.6713547706604,250,15991.111626625061,1751,71.19113802909851,24,158.99354159832,67,25110.69640815258,2759,2834.9893188476562,324,20329.81598317623,2345,87.01139092445374,29,211.99138879776,73
MSS3_ED_215,y,2.0,3.0,48.09,M,0.0,10708.76953125,1.0,0.0,0.0,2.0,3.0,14262.00956940651,1174,1754.4723918437958,158,11458.650616884232,935,66.44530248641968,19,119.44334137439728,45,15704.030836462975,1168,1839.9020664691925,166,13200.466760635376,974,67.23631799221039,17,152.66599261760712,48
MSSB153,y,1.0,2.0,61.13073237508556,M,0.0,14896.153292655945,1.0,0.0,0.0,1.0,2.0,3656.736425757408,238,850.995102763176,36,2760.873391389847,202,22.433965802192688,4,91.23146092891693,17,3350.1388931274414,226,731.3472851514816,23,2617.2960102558136,210,28.416356682777405,5,125.63020849227905,19
LBC360978,y,1.0,1.0,72.9013698630137,M,1.0,3919.0,0.0,N/A,N/A,1.0,1.0,8090.0,638,1810.0,127,6239.0,530,63.0,19,107.0,33,8566.0,813,2171.0,154,6358.0,669,87.0,17,128.0,29
MSSB270,y,2.0,2.0,83.1895961670089,M,0.0,702.9332256317139,1.0,0.0,0.0,2.0,2.0,976.6285028457642,72,230.32280158996582,15,689.4728021621704,55,23.929641723632812,4,23.929641723632812,4,617.683876991272,35,94.2229642868042,4,507.0092840194702,29,11.964820861816406,1,13.460423469543457,3
LBC361020,y,1.0,2.0,73.56712328767124,F,0.0,11142.0,0.0,N/A,N/A,1.0,2.0,9198.0,699,1465.0,120,7688.0,597,44.0,17,129.0,39,11818.0,1079,1971.0,185,9825.0,907,64.0,20,169.0,44
MSS3_ED_167,y,3.0,3.0,77.555,M,1.0,31579.716796875,1.0,0.0,0.0,3.0,3.0,24810.253685116768,1530,6710.989710330963,226,16268.850232481956,1236,158.9944521188736,40,189.8441219329834,62,28565.212213516235,2141,7593.764877319336,278,19256.522101402283,1797,185.0980188846588,40,227.81294631958008,69
LBC361139,y,1.0,2.0,73.53150684931506,F,1.0,15377.0,0.0,N/A,N/A,1.0,2.0,10411.0,668,1184.0,106,9173.0,577,55.0,21,137.0,41,12651.0,1027,1689.0,168,10934.0,874,81.0,21,182.0,54
LBC361133,y,1.0,1.0,73.53150684931506,F,0.0,1358.0,0.0,N/A,N/A,1.0,1.0,6653.0,566,1213.0,99,5415.0,479,42.0,17,99.0,35,8844.0,909,1790.0,161,7031.0,758,68.0,19,148.0,40
LBC360965,n,2.0,2.0,73.44931506849315,M,1.0,36382.0,0.0,N/A,N/A,2.0,2.0,N/A,N/A,N/A,N/A,N/A,N/A,N/A,N/A,N/A,N/A,19585.0,634,6155.0,137,13266.0,509,198.0,32,250.0,43
MSSA066,n,1.0,3.0,83.0,M,0.0,4106.25,1.0,N/A,0.0,1.0,3.0,N/A,N/A,N/A,N/A,N/A,N/A,N/A,N/A,N/A,N/A,8697.65625,349,1455.46875,52,7003.125,289,130.078125,8,457.03125,35
LBC360259,y,1.0,2.0,72.1917808219178,F,1.0,24370.0,0.0,N/A,N/A,1.0,2.0,9810.0,556,1134.0,101,8650.0,463,69.0,23,159.0,40,10804.0,793,1378.0,141,9411.0,665,66.0,17,194.0,35
MSSB075,y,4.0,4.0,81.31416837782339,M,0.0,N/A,1.0,0.0,0.0,3.0,3.0,7316.472211360931,360,1346.0394501686096,57,5586.06371819973,297,73.28437006473541,8,137.59514379501343,18,6619.522896051407,323,1144.1335326433182,40,5104.480714917183,278,70.29317128658295,4,131.6127462387085,17
MSSB284,y,4.0,4.0,67.895961670089,M,1.0,52582.45934987068,1.0,1.0,1.0,3.0,3.0,6516.348352789879,172,1480.64835190773,28,4842.767033815384,143,41.87692308425903,5,219.85384619235992,14,6036.259341716766,143,1503.082417845726,25,4438.9538469314575,119,47.85934066772461,4,254.252747297287,13
LBC360453,y,1.0,3.0,72.35890410958905,F,0.0,133.0,0.0,N/A,N/A,1.0,3.0,8563.0,596,1590.0,109,6885.0,503,51.0,16,133.0,40,9696.0,839,1678.0,152,7948.0,698,51.0,18,169.0,43
LBC360878,y,2.0,3.0,73.17808219178082,M,0.0,6100.0,0.0,N/A,N/A,2.0,3.0,10202.0,695,2729.0,147,7414.0,556,99.0,29,130.0,42,9294.0,810,2571.0,161,6673.0,653,103.0,23,132.0,39
MSSA044,n,1.0,2.0,72.0,M,1.0,18056.25,1.0,N/A,N/A,1.0,2.0,N/A,N/A,N/A,N/A,N/A,N/A,N/A,N/A,N/A,N/A,17071.875,490,2587.5,82,13872.65625,417,330.46875,18,696.09375,46
LBC360183,y,2.0,2.0,71.66575342465754,M,1.0,3173.0,0.0,N/A,N/A,2.0,2.0,6802.0,634,1986.0,110,4793.0,533,68.0,19,65.0,27,7668.0,798,2533.0,137,5112.0,674,109.0,29,97.0,28
LBC360361,y,1.0,1.0,71.72054794520548,M,1.0,0.0,0.0,N/A,N/A,1.0,1.0,5020.0,526,992.0,86,4006.0,443,34.0,15,81.0,26,6567.0,888,1466.0,144,5071.0,748,50.0,18,118.0,33
LBC360209,y,1.0,2.0,72.21917808219177,M,1.0,12120.0,0.0,N/A,N/A,1.0,2.0,13546.0,682,2822.0,162,10651.0,548,90.0,26,195.0,50,14443.0,914,3089.0,230,11313.0,713,117.0,27,230.0,42
MSS3_ED_042,y,3.0,4.0,74.366,F,1.0,26514.10467946529,1.0,1.0,0.0,3.0,3.0,38134.935119748116,1504,2993.999780714512,194,32208.63489329815,1201,90.17595112323761,26,297.4224352836609,96,40053.151623904705,1820,3000.327917635441,239,35120.368894040585,1539,71.19154036045074,24,342.5104108452797,99
LBC360222,y,2.0,2.0,71.86301369863014,M,0.0,9672.0,0.0,N/A,N/A,2.0,2.0,10173.0,703,1922.0,87,8136.0,625,68.0,21,143.0,45,10210.0,900,2257.0,141,7914.0,764,86.0,23,148.0,38
LBC360754,y,1.0,2.0,73.2986301369863,M,0.0,3362.0,1.0,N/A,N/A,1.0,2.0,7935.0,612,1239.0,117,6663.0,509,56.0,18,126.0,41,9116.0,856,1525.0,163,7586.0,707,73.0,19,163.0,38
LBC360102,y,2.0,2.0,71.9013698630137,M,0.0,14527.0,0.0,N/A,N/A,2.0,2.0,8505.0,595,2171.0,111,6310.0,495,86.0,19,127.0,39,8525.0,773,2458.0,141,6045.0,641,98.0,21,121.0,26
LBC360381,y,2.0,2.0,72.11780821917809,F,0.0,1204.0,0.0,N/A,N/A,2.0,2.0,6756.0,486,897.0,84,5816.0,408,30.0,13,107.0,32,7887.0,708,1153.0,130,6715.0,590,56.0,17,131.0,35
LBC361201,y,2.0,2.0,73.42465753424658,F,0.0,16511.0,0.0,N/A,N/A,2.0,2.0,7129.0,478,1815.0,90,5254.0,398,68.0,18,97.0,29,7495.0,576,2056.0,97,5386.0,484,81.0,19,118.0,27
LBC360210,y,2.0,3.0,71.85205479452055,M,0.0,19595.0,0.0,N/A,N/A,2.0,3.0,13403.0,788,1604.0,115,11751.0,687,51.0,19,244.0,67,14410.0,1120,1868.0,165,12482.0,967,67.0,22,269.0,60
LBC360605,n,2.0,3.0,73.54794520547945,F,0.0,35997.0,0.0,N/A,N/A,2.0,3.0,N/A,N/A,N/A,N/A,N/A,N/A,N/A,N/A,N/A,N/A,10481.0,431,3831.0,149,6566.0,292,199.0,31,154.0,19
LBC360575,y,1.0,1.0,72.32328767123288,F,1.0,4229.0,0.0,N/A,N/A,1.0,1.0,8193.0,624,1172.0,100,6987.0,539,58.0,18,119.0,39,9239.0,871,1367.0,148,7856.0,733,77.0,21,150.0,43
MSSB038,y,1.0,1.0,51.32375085557837,M,1.0,N/A,1.0,0.0,0.0,1.0,1.0,6693.963729858398,738,895.8084869384766,99,5452.828033447266,638,37.1319580078125,12,100.25628662109375,32,9504.852951049805,949,921.8008575439453,100,8293.422821044922,866,39.91685485839844,9,149.4561309814453,44
LBC360043,n,2.0,3.0,71.93698630136986,M,1.0,1880.0,0.0,N/A,N/A,2.0,3.0,N/A,N/A,N/A,N/A,N/A,N/A,N/A,N/A,N/A,N/A,14378.0,1154,1458.0,189,12891.0,980,62.0,20,202.0,54
MSS3_ED_184,y,1.0,1.0,49.243,M,0.0,8608.623046875,1.0,0.0,0.0,1.0,1.0,32123.923443853855,2816,5477.781139314175,326,24261.2310937047,2306,143.17377418279648,46,299.0037935972214,124,38555.66906750202,2841,6640.573669970036,401,29759.57863152027,2356,162.1581420302391,40,416.07406198978424,128
LBC361093,y,1.0,2.0,73.46575342465754,M,0.0,49703.0,0.0,N/A,N/A,1.0,2.0,15182.0,810,2134.0,132,13018.0,694,87.0,27,253.0,59,16741.0,1133,2584.0,194,14130.0,952,105.0,30,302.0,56
LBC360926,n,2.0,2.0,73.57260273972602,M,1.0,18675.0,1.0,N/A,N/A,2.0,2.0,N/A,N/A,N/A,N/A,N/A,N/A,N/A,N/A,N/A,N/A,11271.0,770,2051.0,170,9177.0,614,69.0,17,180.0,42
MSS3_ED_160,y,2.0,3.0,76.887,F,1.0,97391.42578125,0.0,1.0,1.0,2.0,3.0,16855.76084393263,1282,3330.1775377988815,210,12306.627585053444,967,115.48834216594696,30,162.94930469989777,41,16631.903303980827,1297,4040.5099437236786,250,11818.570686995983,1015,142.38288760185242,32,146.33796781301498,37
LBC360862,y,1.0,2.0,73.95616438356164,M,1.0,13693.0,0.0,N/A,N/A,1.0,2.0,10885.0,763,1197.0,106,9625.0,666,41.0,17,194.0,53,11900.0,1030,1197.0,144,10650.0,888,47.0,16,206.0,50
LBC360773,n,2.0,2.0,73.1917808219178,M,0.0,11597.0,0.0,N/A,N/A,2.0,2.0,N/A,N/A,N/A,N/A,N/A,N/A,N/A,N/A,N/A,N/A,12708.0,1049,4390.0,230,8269.0,830,157.0,40,181.0,52
LBC360516,y,1.0,2.0,71.89315068493151,M,1.0,3844.0,0.0,N/A,N/A,1.0,2.0,10574.0,813,1528.0,131,8990.0,694,67.0,21,118.0,42,9968.0,960,1374.0,149,8571.0,822,64.0,19,135.0,39
LBC361287,y,1.0,2.0,73.46027397260274,M,0.0,89.0,0.0,N/A,N/A,1.0,2.0,11761.0,739,1755.0,152,9950.0,611,104.0,26,173.0,51,13961.0,1048,1920.0,207,11996.0,867,123.0,27,222.0,52
LBC361264,y,1.0,2.0,73.86027397260274,F,1.0,7630.0,1.0,N/A,N/A,1.0,2.0,5746.0,439,928.0,74,4786.0,368,34.0,12,70.0,27,7310.0,629,1432.0,125,5859.0,510,50.0,16,110.0,30
MSSB296,y,4.0,3.0,79.78918548939085,M,1.0,N/A,1.0,0.0,1.0,3.0,3.0,6100.549908041954,236,1159.0895265340805,57,4690.199684143066,165,85.24916517734528,10,221.34870958328247,15,5251.049455046654,172,853.987251162529,34,4296.857044816017,132,80.76236701011658,6,216.86191141605377,13
LBC360168,y,1.0,2.0,72.13972602739726,M,1.0,173.0,0.0,N/A,N/A,1.0,2.0,6034.0,548,1119.0,98,4883.0,453,72.0,21,87.0,40,7265.0,818,1406.0,128,5818.0,689,89.0,21,107.0,40
MSSA218,n,2.0,1.0,75.0,M,1.0,7576.171875,1.0,N/A,0.0,2.0,1.0,N/A,N/A,N/A,N/A,N/A,N/A,N/A,N/A,N/A,N/A,12803.90625,437,1856.25,54,10852.734375,383,214.453125,12,854.296875,62
MSSB285,y,2.0,2.0,82.02874743326487,M,1.0,N/A,1.0,0.0,1.0,2.0,2.0,4835.283230781555,142,388.8566780090332,24,4419.505705833435,119,22.43403911590576,4,143.57785034179688,13,5043.171993255615,119,388.8566780090332,18,4642.350494384766,105,26.920846939086914,4,173.4899024963379,11
LBC360214,y,2.0,3.0,72.04383561643836,M,1.0,2389.0,1.0,N/A,N/A,2.0,3.0,9205.0,607,1467.0,114,7706.0,503,70.0,20,124.0,41,10759.0,795,1694.0,167,9024.0,639,97.0,20,169.0,42
MSSB007,y,1.0,3.0,61.59069130732375,M,0.0,N/A,1.0,1.0,0.0,1.0,3.0,4948.772824823856,597,850.3237493038177,75,3793.966335594654,508,35.275439381599426,11,72.40748083591461,23,5683.058944582939,677,839.1841368675232,57,4511.543036699295,626,25.06412798166275,6,77.97728705406189,26
LBC360697,n,3.0,3.0,72.75342465753425,M,0.0,21452.0,1.0,N/A,N/A,3.0,3.0,N/A,N/A,N/A,N/A,N/A,N/A,N/A,N/A,N/A,N/A,20276.0,1098,4162.0,214,16019.0,905,152.0,28,206.0,47
LBC360162,y,1.0,3.0,71.47945205479452,F,0.0,18534.0,0.0,N/A,N/A,1.0,3.0,12739.0,838,1573.0,109,11111.0,739,58.0,21,156.0,51,13956.0,1156,1651.0,153,12275.0,1009,75.0,18,193.0,46
LBC361306,y,2.0,2.0,73.88493150684931,F,1.0,30483.0,0.0,N/A,N/A,2.0,2.0,9698.0,582,1435.0,97,8210.0,492,61.0,23,139.0,42,11757.0,770,1846.0,131,9861.0,648,79.0,21,192.0,48
LBC361303,y,1.0,2.0,73.65753424657534,F,0.0,4910.0,0.0,N/A,N/A,1.0,2.0,9869.0,656,2523.0,115,7305.0,557,103.0,28,116.0,39,11173.0,995,3144.0,176,8011.0,839,136.0,28,140.0,42
LBC361271,y,2.0,3.0,73.07945205479452,M,1.0,9788.0,1.0,N/A,N/A,2.0,3.0,11177.0,730,2611.0,115,8524.0,630,103.0,25,133.0,43,12120.0,1038,3089.0,129,9002.0,915,110.0,24,157.0,49
LBC360664,y,1.0,2.0,72.82465753424657,M,1.0,5846.0,0.0,N/A,N/A,1.0,2.0,8504.0,679,1111.0,103,7340.0,593,37.0,15,125.0,38,9927.0,1017,1355.0,144,8550.0,885,54.0,16,169.0,45
LBC360655,n,1.0,2.0,73.22465753424657,M,0.0,17458.0,0.0,N/A,N/A,1.0,2.0,N/A,N/A,N/A,N/A,N/A,N/A,N/A,N/A,N/A,N/A,8526.0,766,1420.0,112,7036.0,657,69.0,16,127.0,30
MSSB057,y,1.0,2.0,73.88364134154689,F,1.0,N/A,N/A,0.0,0.0,1.0,2.0,2298.741208076477,166,515.9828996658325,45,1734.899024963379,128,23.929641723632812,5,65.80651473999023,12,2072.9052143096924,147,400.8214988708496,29,1652.640881538391,124,28.416449546813965,4,77.77133560180664,12
MSS3_ED_114,y,2.0,3.0,67.105,F,0.0,9060.29296875,1.0,1.0,0.0,2.0,3.0,13938.590307176113,1008,1535.3727816939354,124,11536.257933139801,838,50.6253776550293,18,137.6377454996109,43,14916.292913138866,1186,1600.2365468144417,130,12654.762370705605,1048,46.67027002573013,17,182.72597247362137,52
MSSB288,y,1.0,1.0,76.82409308692675,F,1.0,N/A,N/A,0.0,0.0,1.0,1.0,1015.5153847932816,86,234.80989015102386,14,762.758241891861,72,22.43406593799591,3,46.363736271858215,7,1025.9846155643463,106,198.9153846502304,12,827.0692309141159,97,20.938461542129517,2,41.87692308425903,10
LBC360158,y,2.0,2.0,72.01095890410959,M,0.0,9225.0,0.0,N/A,N/A,2.0,2.0,12384.0,695,2498.0,151,9776.0,559,97.0,30,123.0,40,13010.0,892,2697.0,169,10215.0,725,115.0,26,158.0,40
MSSB248,y,3.0,1.0,60.92265571526352,M,1.0,N/A,N/A,0.0,0.0,3.0,1.0,5904.6390953063965,417,1903.9021196365356,77,3753.9625453948975,338,83.75374603271484,13,121.14381122589111,24,5850.797401428223,421,2214.987462043762,56,3466.8068447113037,366,88.240553855896,11,170.4986972808838,29
MSSB047,y,1.0,2.0,78.5982203969884,F,0.0,N/A,0.0,0.0,0.0,1.0,2.0,7996.9871435165405,379,1645.1628684997559,106,6127.483883857727,270,76.27573299407959,14,188.4459285736084,22,7652.998543739319,423,1302.6698713302612,96,6263.583721160889,339,92.72736167907715,13,237.80081462860107,27
LBC360559,y,1.0,3.0,72.66849315068494,F,1.0,40134.0,0.0,N/A,N/A,1.0,3.0,10073.0,571,1793.0,115,8236.0,468,74.0,25,136.0,32,10897.0,734,2056.0,151,8787.0,599,76.0,19,154.0,33
MSS3_ED_074,y,1.0,3.0,71.606,M,1.0,22636.494140625,1.0,0.0,0.0,1.0,3.0,27349.455910921097,1766,2681.5518593788147,245,22600.18235230446,1416,56.16229557991028,25,250.75278449058533,65,32965.685468912125,1799,2981.347775220871,275,27888.139337539673,1460,68.02756929397583,25,306.9150800704956,67
LBC360219,y,2.0,3.0,72.24109589041096,F,0.0,2433.0,0.0,N/A,N/A,2.0,3.0,7705.0,578,951.0,98,6679.0,487,29.0,13,106.0,33,8257.0,830,1254.0,158,6946.0,683,43.0,17,126.0,35
LBC360869,y,2.0,3.0,72.87123287671233,M,0.0,10296.0,0.0,N/A,N/A,2.0,3.0,15779.0,689,3040.0,156,12644.0,556,111.0,30,202.0,59,16039.0,979,3151.0,209,12828.0,782,130.0,31,209.0,52
LBC360342,n,1.0,2.0,72.58904109589041,F,1.0,7971.0,0.0,N/A,N/A,1.0,2.0,N/A,N/A,N/A,N/A,N/A,N/A,N/A,N/A,N/A,N/A,9270.0,509,2538.0,134,6676.0,394,129.0,20,177.0,32
LBC360235,y,1.0,2.0,71.87945205479453,F,0.0,11271.0,0.0,N/A,N/A,1.0,2.0,9792.0,620,894.0,88,8834.0,544,30.0,10,136.0,46,11497.0,893,1112.0,136,10347.0,768,39.0,10,194.0,51
LBC360445,y,2.0,2.0,72.24383561643836,F,0.0,5282.0,0.0,N/A,N/A,2.0,2.0,8241.0,504,1554.0,108,6626.0,403,92.0,24,143.0,40,9371.0,639,1778.0,139,7572.0,507,111.0,19,159.0,40
LBC361092,y,2.0,2.0,73.2958904109589,M,1.0,6516.0,1.0,N/A,1.0,2.0,2.0,7726.0,684,1869.0,147,5798.0,549,56.0,24,98.0,33,8006.0,1026,1875.0,203,6084.0,830,72.0,21,131.0,43
MSS3_ED_092,y,3.0,4.0,75.565,M,1.0,5563.212890625,1.0,1.0,0.0,3.0,3.0,39482.777707099915,1435,3844.338254928589,215,33573.88742637634,1136,81.4746584892273,30,354.3752136230469,101,44645.739803791046,1805,4434.436266899109,254,38513.782982349396,1498,94.92193222045898,27,439.0139365196228,105
MSSB192,y,3.0,1.0,54.17111567419576,M,0.0,N/A,1.0,1.0,0.0,3.0,1.0,2252.3775272369385,115,1289.2094478607178,30,955.6900663375854,84,65.80651473999023,9,32.90325736999512,7,2191.0578203201294,104,1482.1421842575073,33,705.924430847168,72,65.80651473999023,8,28.416449546813965,6
MSS3_ED_116,y,2.0,2.0,54.921,M,1.0,1877.87109375,1.0,0.0,0.0,2.0,2.0,11767.140457391739,951,3220.22242552042,141,7490.912888646126,732,73.56440323591232,28,118.65226328372955,36,13245.54765790701,1013,3591.9995171427727,150,8914.74004805088,838,93.33978044986725,25,165.32215350866318,47
LBC360656,y,2.0,2.0,73.17534246575343,M,1.0,5024.0,0.0,N/A,0.0,2.0,2.0,7277.0,506,1957.0,122,5305.0,402,73.0,24,89.0,32,8321.0,711,2210.0,153,6102.0,568,85.0,24,140.0,34
MSSA046,n,1.0,0.0,61.0,M,1.0,1283.2154822349548,1.0,N/A,N/A,1.0,1.0,N/A,N/A,N/A,N/A,N/A,N/A,N/A,N/A,N/A,N/A,3993.788459777832,248,2053.1447715759277,58,1873.8461699485779,185,288.28402614593506,14,246.09611988067627,24
MSSB245,y,1.0,1.0,62.75427789185488,M,0.0,N/A,N/A,0.0,0.0,1.0,1.0,4500.268246650696,364,713.4024438858032,48,3632.8187341690063,308,49.354886054992676,9,121.14381122589111,24,4697.6877908706665,429,664.0475578308105,48,3952.877692222595,392,44.86807823181152,7,180.96791553497314,27
LBC361114,y,1.0,2.0,73.12054794520547,M,0.0,10253.0,0.0,N/A,N/A,1.0,2.0,10781.0,800,1171.0,97,9590.0,711,56.0,22,136.0,48,13633.0,1158,1588.0,154,12008.0,1016,82.0,22,201.0,53
LBC360912,y,2.0,2.0,73.06301369863014,M,0.0,11966.0,0.0,N/A,N/A,2.0,2.0,7002.0,572,1716.0,115,5276.0,469,57.0,20,95.0,28,8200.0,891,2358.0,172,5826.0,729,86.0,21,112.0,30
MSSA133,n,2.0,2.0,68.0,M,1.0,24560.15625,1.0,N/A,N/A,2.0,2.0,N/A,N/A,N/A,N/A,N/A,N/A,N/A,N/A,N/A,N/A,11218.359375,271,2112.890625,64,9045.703125,212,256.640625,19,660.9375,33
MSS3_ED_035,y,1.0,2.0,56.277,M,1.0,2848.447909533977,1.0,0.0,0.0,1.0,2.0,13987.5324588418,1374,2510.6841613054276,205,10126.584320425987,1060,69.60939073562622,23,135.26370245218277,48,17405.51174712181,1597,2734.541633784771,201,13601.5167465806,1349,80.6836119890213,24,172.44144523143768,56
MSSB155,y,1.0,2.0,61.88364134154688,M,1.0,4890.6263744831085,1.0,0.0,0.0,1.0,2.0,5116.462638258934,358,490.55824184417725,51,4434.467033743858,311,31.407692313194275,7,109.17912089824677,23,4159.275824904442,346,212.37582421302795,23,3762.9406599998474,323,17.94725275039673,5,103.19670331478119,20
LBC360685,y,2.0,0.0,73.1972602739726,M,1.0,24762.0,1.0,N/A,N/A,2.0,1.0,14994.0,744,3670.0,133,11285.0,637,132.0,29,164.0,49,16692.0,861,4532.0,164,12139.0,714,164.0,30,196.0,40
MSS3_ED_077,y,1.0,1.0,70.519,M,0.0,2583.45703125,1.0,0.0,1.0,1.0,1.0,5823.444744586945,753,1544.850256204605,135,3301.692252635956,521,65.65415835380554,19,45.878809452056885,19,6320.201508998871,790,1787.6915407180786,153,3841.954784631729,587,58.535032749176025,18,65.65415835380554,21
MSSB281,y,3.0,1.0,79.1622176591376,M,1.0,118821.2824383974,1.0,0.0,1.0,3.0,1.0,6969.516484737396,165,1084.3131870031357,54,5508.310989975929,106,43.37252748012543,8,167.50769233703613,11,6381.743957161903,139,824.0780221223831,38,5409.601099848747,93,46.363736271858215,5,197.419780254364,10
LBC361266,y,1.0,1.0,73.7068493150685,M,0.0,28902.0,1.0,N/A,N/A,1.0,1.0,7067.0,499,1623.0,137,5404.0,374,59.0,20,88.0,25,7796.0,731,1791.0,188,5973.0,551,77.0,23,104.0,22
LBC361270,y,1.0,2.0,73.9068493150685,F,1.0,25185.0,0.0,N/A,0.0,1.0,2.0,7247.0,530,1641.0,93,5559.0,445,63.0,17,121.0,38,8135.0,766,1901.0,132,6161.0,642,66.0,18,150.0,37
MSS3_ED_224,y,1.0,1.0,43.379,M,0.0,10176.416015625,1.0,0.0,0.0,1.0,1.0,10861.424907267094,880,2089.070219218731,164,7589.787487089634,623,68.81829196214676,22,105.20497506856918,30,9327.647112846375,717,1549.5980914235115,137,7120.7156809568405,565,60.90814346075058,15,98.87685626745224,31
MSS3_ED_052,y,3.0,3.0,55.789,M,1.0,10950.017745375631,1.0,1.0,0.0,3.0,3.0,10336.190267920494,825,2887.995000243187,163,6076.575620889664,620,79.10147905349731,25,109.1600410938263,31,9821.239639282227,770,2874.5477488040924,164,5836.898139357567,580,81.47452342510223,24,95.71278965473175,26
LBC360599,y,1.0,3.0,72.65479452054795,F,1.0,4526.0,0.0,N/A,N/A,1.0,3.0,5608.0,517,845.0,77,4736.0,446,32.0,13,76.0,28,6542.0,680,1020.0,104,5502.0,583,32.0,13,103.0,26
MSSB014,y,1.0,2.0,59.589322381930174,F,1.0,N/A,N/A,0.0,0.0,1.0,2.0,6140.684149861336,659,975.640066742897,103,4845.7099413871765,545,54.76951849460602,18,98.39947390556335,27,8266.48410499096,785,1103.7450422048569,97,7025.351118087769,692,46.41484618186951,12,158.7387739419937,34
LBC360830,y,1.0,2.0,73.41643835616438,M,0.0,2550.0,1.0,N/A,N/A,1.0,2.0,10371.0,724,1392.0,110,8938.0,629,58.0,19,139.0,44,11703.0,993,1431.0,138,10227.0,865,73.0,16,166.0,43
LBC360353,y,2.0,2.0,73.53972602739726,M,1.0,8641.0,0.0,N/A,N/A,2.0,2.0,16260.0,869,2723.0,147,13493.0,744,87.0,27,186.0,59,17641.0,1237,3214.0,206,14400.0,1043,110.0,27,233.0,63
MSSB176,y,2.0,2.0,80.04106776180699,M,0.0,117400.06524431704,1.0,1.0,1.0,2.0,2.0,10337.582977294922,277,1025.9811809062958,49,8155.503468632698,219,62.81517434120178,9,264.7210918664932,26,9322.07099211216,285,858.4740493297577,52,7349.3753979206085,229,65.80637311935425,8,192.93232119083405,22
LBC360092,n,1.0,2.0,71.75616438356164,M,0.0,8035.0,0.0,N/A,N/A,1.0,2.0,N/A,N/A,N/A,N/A,N/A,N/A,N/A,N/A,N/A,N/A,8295.0,857,1772.0,133,6515.0,728,72.0,19,125.0,41
LBC360557,y,2.0,2.0,72.5013698630137,M,0.0,13098.0,0.0,N/A,N/A,2.0,2.0,12751.0,785,2614.0,140,10082.0,663,89.0,29,127.0,50,17659.0,1156,3586.0,216,14017.0,961,136.0,30,201.0,58
LBC360261,y,1.0,1.0,71.8054794520548,M,0.0,3480.0,0.0,N/A,N/A,1.0,1.0,7802.0,616,1689.0,125,6055.0,499,54.0,23,87.0,31,8703.0,934,1951.0,190,6709.0,741,78.0,26,117.0,38
LBC360179,y,2.0,2.0,72.28219178082192,M,0.0,9839.0,1.0,N/A,N/A,2.0,2.0,7415.0,635,1631.0,135,5703.0,516,55.0,16,75.0,29,8766.0,826,1871.0,193,6876.0,650,70.0,23,135.0,41
MSSB173,y,2.0,3.0,75.58110882956878,M,1.0,36983.22001457214,1.0,1.0,0.0,2.0,3.0,3472.785379886627,198,260.2345633506775,19,3067.477525472641,177,32.903220653533936,3,116.65687322616577,12,2979.237070083618,157,142.08208918571472,7,2774.3397414684296,147,23.929615020751953,3,115.16127228736877,12
MSS3_ED_115,y,2.0,2.0,77.492,F,1.0,15035.625,1.0,0.0,0.0,2.0,2.0,6979.885584354401,640,2223.533361017704,155,4175.749773323536,438,80.68317425251007,20,83.0562087893486,18,6917.395674884319,576,2319.245754003525,142,4181.2868539094925,396,65.65395551919937,18,83.84722030162811,18
MSS3_ED_050,y,2.0,3.0,70.856,F,1.0,27877.589318215847,1.0,1.0,1.0,2.0,3.0,15893.775154054165,1202,2389.6428975462914,197,12774.820521473885,957,71.98196083307266,21,155.03806948661804,45,16924.461911916733,1474,2820.743651986122,243,13539.727731645107,1214,74.35499250888824,23,189.0515235066414,54
LBC361120,y,1.0,2.0,73.44931506849315,F,0.0,6873.0,0.0,N/A,N/A,1.0,2.0,5759.0,453,1005.0,96,4703.0,369,42.0,15,110.0,34,6415.0,624,1212.0,120,5181.0,513,36.0,14,126.0,30
LBC360604,n,3.0,4.0,73.01917808219179,F,0.0,8051.0,0.0,N/A,N/A,3.0,3.0,N/A,N/A,N/A,N/A,N/A,N/A,N/A,N/A,N/A,N/A,16976.0,1166,2237.0,172,14638.0,1003,65.0,20,232.0,49
LBC360968,y,2.0,2.0,73.30410958904109,F,0.0,6236.0,0.0,N/A,N/A,2.0,2.0,13313.0,785,2546.0,146,10746.0,661,73.0,19,176.0,50,15284.0,1063,3090.0,174,12184.0,904,87.0,22,182.0,47
MSS3_ED_207,y,1.0,2.0,55.214,F,1.0,2702.109375,1.0,0.0,0.0,1.0,2.0,6052.849282026291,688,1528.2416117191315,143,3897.332516014576,481,71.19137942790985,26,62.490210831165314,24,5908.884492516518,632,1631.0736042261124,140,3863.3188569545746,462,71.98239475488663,23,65.65427213907242,20
MSSB050,y,1.0,0.0,41.15537303216976,M,0.0,N/A,N/A,0.0,0.0,1.0,1.0,2475.225275158882,222,231.81868135929108,21,2126.7494509220123,196,23.929670333862305,7,58.32857143878937,11,2555.9879125356674,259,200.4109890460968,12,2267.3362641334534,248,35.89450550079346,4,86.74505496025085,19
MSS3_ED_193,y,1.0,2.0,55.359,M,1.0,4826.77734375,1.0,1.0,0.0,1.0,2.0,12932.355381131172,1045,2011.5591005086899,158,9746.134359955788,779,69.60959529876709,19,123.39882802963257,37,13320.745282173157,1042,1946.6956139802933,153,10715.922585368156,841,58.53534150123596,17,138.4281724691391,40
MSS3_ED_145,y,2.0,3.0,51.458,F,1.0,2761.435546875,1.0,1.0,0.0,2.0,3.0,11525.104603767395,1024,2059.014913082123,202,8526.362561702728,749,66.44535255432129,24,130.5176568031311,48,11703.083226680756,942,2043.9856071472168,188,8927.407725334167,729,79.10161018371582,17,166.90439748764038,49
LBC360395,n,2.0,2.0,71.98082191780821,M,0.0,8583.0,1.0,N/A,N/A,2.0,2.0,N/A,N/A,N/A,N/A,N/A,N/A,N/A,N/A,N/A,N/A,18217.0,730,5047.0,153,13003.0,602,172.0,34,284.0,46
LBC360906,y,1.0,2.0,73.67123287671232,F,0.0,1469.0,0.0,N/A,N/A,1.0,2.0,9048.0,628,1525.0,110,7468.0,526,74.0,24,114.0,37,9490.0,789,1694.0,131,7767.0,665,94.0,25,146.0,42
LBC361107,y,1.0,1.0,73.86575342465754,M,1.0,5506.0,0.0,N/A,N/A,1.0,1.0,8260.0,587,1651.0,136,6579.0,458,60.0,27,102.0,40,9405.0,785,1966.0,167,7409.0,622,78.0,23,145.0,46
MSS3_ED_032,y,1.0,2.0,73.919,M,0.0,3055.712009847164,1.0,1.0,0.0,1.0,2.0,9315.849278628826,854,1920.5979492664337,138,6661.184238374233,651,64.86368691921234,20,88.59430408477783,30,9776.223251640797,841,1864.435488641262,141,7483.054612874985,675,64.07266634702682,18,94.13144809007645,29
LBC360009,y,2.0,2.0,71.6986301369863,F,1.0,12422.0,0.0,N/A,N/A,2.0,2.0,13159.0,769,1899.0,128,11234.0,656,60.0,23,155.0,55,16499.0,1098,2527.0,181,13960.0,932,76.0,22,223.0,57
LBC361153,n,2.0,4.0,73.30684931506849,M,0.0,31918.0,0.0,N/A,N/A,2.0,3.0,N/A,N/A,N/A,N/A,N/A,N/A,N/A,N/A,N/A,N/A,15582.0,1215,2113.0,170,13364.0,1060,92.0,23,199.0,48
LBC360786,n,1.0,1.0,72.93424657534247,F,0.0,3138.0,0.0,N/A,N/A,1.0,1.0,N/A,N/A,N/A,N/A,N/A,N/A,N/A,N/A,N/A,N/A,9421.0,910,1571.0,189,7800.0,727,76.0,24,149.0,35
LBC360321,y,3.0,3.0,71.46301369863014,M,0.0,3180.0,0.0,N/A,N/A,3.0,3.0,11470.0,771,2453.0,165,8888.0,625,97.0,28,170.0,50,12497.0,1004,2571.0,198,9868.0,819,108.0,25,193.0,46
MSSB036,y,3.0,4.0,72.07665982203969,M,1.0,N/A,1.0,1.0,0.0,3.0,3.0,9123.332041025162,478,1609.6721366643906,111,7045.796722769737,361,75.19229704141617,14,113.25259554386139,21,8061.356882810593,353,1169.6579539775848,72,6625.276839315891,288,62.19609755277634,10,114.18089550733566,17
MSS3_ED_139,y,4.0,3.0,56.225,M,1.0,39163.18359375,1.0,1.0,1.0,3.0,3.0,41890.60862529278,1768,7514.649003744125,208,32199.08445751667,1417,200.12696820497513,50,340.9277600646019,119,49256.54668033123,1930,9673.330807030201,233,37564.543846189976,1609,248.37892496585846,46,378.1054972410202,108
MSSA151,n,3.0,3.0,74.0,M,1.0,19817.53646206856,1.0,N/A,1.0,3.0,3.0,N/A,N/A,N/A,N/A,N/A,N/A,N/A,N/A,N/A,N/A,10103.885008335114,219,1680.4652171134949,47,7741.389975070953,169,193.35896849632263,9,358.5929961204529,19
LBC360470,y,2.0,2.0,72.88767123287671,M,0.0,14610.0,0.0,N/A,N/A,2.0,2.0,7334.0,490,1665.0,96,5531.0,408,50.0,15,84.0,28,8326.0,585,1821.0,89,6325.0,509,69.0,14,122.0,29
MSSB310,y,4.0,4.0,75.64407939767284,F,1.0,49453.48939919472,1.0,1.0,1.0,3.0,3.0,6085.593914151192,190,864.4564468860626,48,5038.674341797829,143,38.885584115982056,7,171.99392974376678,16,5994.3623514175415,138,794.1632755994797,26,5105.976314306259,116,31.40758717060089,4,194.42792057991028,14
MSS3_ED_117,y,2.0,2.0,78.464,M,1.0,5554.51171875,1.0,1.0,0.0,2.0,2.0,14088.902444601059,1192,2632.5230102539062,183,10336.29151892662,939,84.63941168785095,31,132.89178657531738,44,16541.86333847046,1403,3122.9569845199585,222,12502.902253627777,1140,111.53417801856995,31,156.6224627494812,46
LBC360452,y,1.0,2.0,72.1972602739726,F,0.0,5771.0,0.0,N/A,N/A,1.0,2.0,3739.0,364,1298.0,84,2389.0,282,50.0,13,49.0,20,4113.0,494,1651.0,110,2445.0,388,61.0,16,52.0,19
MSS3_ED_093,y,4.0,2.0,83.368,M,1.0,18864.931640625,1.0,1.0,1.0,3.0,2.0,17013.1550886631,1176,6744.1956614255905,167,8786.59692788124,929,233.34948629140854,54,94.1308097243309,36,17539.971217036247,1215,7632.505739748478,184,8816.655505776405,979,278.4373531341553,47,93.33979451656342,33
LBC360110,y,1.0,3.0,71.7068493150685,M,0.0,18722.0,0.0,N/A,N/A,1.0,3.0,7283.0,590,946.0,118,6302.0,480,35.0,15,104.0,33,8593.0,936,1074.0,179,7491.0,763,43.0,18,126.0,35
MSSA221,n,1.0,2.0,69.0,F,1.0,4327.734375,1.0,N/A,0.0,1.0,2.0,N/A,N/A,N/A,N/A,N/A,N/A,N/A,N/A,N/A,N/A,8687.109375,363,1803.515625,47,6799.21875,317,263.671875,9,457.03125,31
LBC360125,y,2.0,3.0,72.21917808219177,F,0.0,27572.0,1.0,N/A,N/A,2.0,3.0,7503.0,592,1349.0,98,6076.0,499,48.0,17,94.0,33,9912.0,864,2020.0,154,7799.0,718,67.0,17,149.0,32
LBC361147,y,1.0,1.0,73.94794520547946,F,0.0,292.0,1.0,N/A,N/A,1.0,1.0,15029.0,770,2060.0,126,12946.0,665,80.0,24,172.0,60,17640.0,1049,2263.0,184,15356.0,880,83.0,21,242.0,63
MSS3_ED_125,y,2.0,2.0,57.719,M,1.0,4822.03125,1.0,0.0,0.0,2.0,2.0,9395.68288576603,955,1455.4686403274536,238,6972.802208960056,641,34.013669312000275,17,79.89257210493088,28,11272.762822449207,1039,1424.6190332770348,136,9227.987585902214,872,38.759762704372406,13,102.04100793600082,35
MSS3_ED_086,y,2.0,2.0,81.687,M,1.0,11797.20703125,1.0,0.0,0.0,2.0,2.0,21703.780415654182,1534,3173.5391438007355,190,16812.954761087894,1224,92.54837483167648,30,199.33496117591858,57,22944.877852499485,1675,3698.770946264267,225,18071.454456448555,1386,102.83152759075165,26,212.7821609377861,62
MSSB187,y,1.0,2.0,55.78918548939083,M,1.0,1552.4321658611298,1.0,0.0,0.0,1.0,2.0,2662.1669125556946,211,378.3866454362869,35,2165.6279153823853,175,23.929590225219727,6,74.77996945381165,13,2548.501358985901,222,206.39271569252014,19,2261.346276283264,201,13.460394501686096,3,77.77116823196411,13
MSSB005,y,4.0,1.0,68.15879534565364,F,0.0,N/A,1.0,1.0,0.0,3.0,1.0,11595.369530022144,546,3106.0848969221115,127,7947.158637940884,408,88.18830400705338,23,168.0219265818596,26,12535.735340118408,595,2983.549569249153,132,9301.54532790184,474,91.90149575471878,20,168.95022451877594,28
MSSB272,y,1.0,1.0,85.25667351129361,M,0.0,N/A,1.0,0.0,0.0,1.0,1.0,5430.521381735802,212,426.2458258867264,30,4878.645207166672,174,34.39878594875336,4,221.34870958328247,15,4576.534130573273,141,124.13474929332733,10,4452.399381279945,132,19.442792057991028,2,233.31350469589233,14
MSS3_ED_018,y,2.0,4.0,76.156,F,1.0,2024.201205432415,1.0,0.0,0.0,2.0,3.0,26179.352518558502,1468,2591.3572289943695,193,21265.582339525223,1191,70.40012007951736,24,308.4949082136154,79,29197.856543540955,1629,2938.6117538809776,211,24313.35383015871,1345,72.77315783500671,27,393.1332548260689,79
MSSB166,y,2.0,1.0,82.15468856947297,M,1.0,11828.721024513245,1.0,0.0,0.0,2.0,1.0,3495.2232942581177,156,2237.421501159668,39,1120.206353187561,110,121.14381122589111,13,50.85048866271973,11,2959.7975606918335,111,2213.491859436035,38,693.9596099853516,69,139.09104251861572,13,26.920846939086914,7
LBC360640,y,1.0,2.0,73.45205479452055,M,1.0,520.0,0.0,N/A,N/A,1.0,2.0,4313.0,417,818.0,72,3451.0,352,35.0,11,71.0,24,5403.0,556,1251.0,108,4100.0,453,60.0,19,107.0,25
MSSB113,y,1.0,2.0,66.72416153319644,M,1.0,1177.0367192029953,1.0,0.0,0.0,1.0,2.0,3057.00515127182,283,785.1896792650223,53,2128.2379306554794,229,68.79757189750671,8,52.34597861766815,13,3188.6178975105286,326,845.0136548280716,51,2313.6922549009323,282,80.76236701011658,6,83.75356578826904,18
LBC361187,y,1.0,1.0,73.86301369863014,M,0.0,2834.0,1.0,N/A,N/A,1.0,1.0,6038.0,464,934.0,86,5088.0,379,44.0,17,98.0,30,7553.0,732,1232.0,139,6306.0,598,63.0,17,133.0,31
MSSB031,y,3.0,2.0,79.80013689253937,M,1.0,N/A,0.0,1.0,0.0,3.0,2.0,6355.120739221573,322,1302.4005838632584,81,4897.69456911087,242,51.05633080005646,14,127.17667853832245,17,6824.838982582092,268,1376.6643377542496,75,5430.537003278732,202,39.916767716407776,6,131.8181631565094,14
LBC360126,y,2.0,2.0,72.18082191780822,M,1.0,7815.0,0.0,N/A,N/A,2.0,2.0,8314.0,629,2302.0,99,5988.0,547,76.0,25,95.0,34,10506.0,910,3100.0,135,7392.0,786,107.0,26,129.0,37
MSSB294,y,1.0,3.0,46.38740588637919,M,0.0,N/A,1.0,1.0,0.0,1.0,3.0,7952.110191583633,477,1049.911859035492,88,6685.336196422577,387,47.859230041503906,11,137.59528636932373,26,6306.949158906937,330,502.521915435791,41,5617.477126121521,294,41.87682628631592,6,158.5336995124817,18
MSSB244,y,3.0,3.0,89.83983572895278,M,1.0,N/A,N/A,0.0,0.0,3.0,3.0,3175.1575030088425,164,716.3921073675156,37,2306.214257955551,123,37.38998472690582,6,86.74476456642151,11,2593.369340658188,123,414.2810307741165,21,2114.7775361537933,100,19.442792057991028,3,59.823975563049316,7
MSS3_ED_205,y,2.0,2.0,59.89,M,1.0,1899.228515625,1.0,0.0,0.0,2.0,2.0,15469.138862609863,1224,2793.873924255371,191,11401.726711273193,949,85.42989349365234,29,145.54722595214844,48,14221.70421409607,1056,2486.9591217041016,162,10984.860471725464,881,71.98259544372559,27,143.17417335510254,43
MSS3_ED_203,y,1.0,1.0,50.719,M,0.0,1472.87109375,1.0,1.0,0.0,1.0,1.0,3550.885194540024,435,1257.7205300331116,114,1692.7810907363892,245,50.62522888183594,17,41.924017667770386,12,3459.126967191696,372,1282.2421252727509,90,1858.1041038036346,270,45.87911367416382,16,38.75994086265564,12
MSSA033,n,1.0,1.0,67.0,M,1.0,17437.5,1.0,N/A,N/A,1.0,1.0,N/A,N/A,N/A,N/A,N/A,N/A,N/A,N/A,N/A,N/A,16270.3125,491,4531.640625,95,11559.375,398,636.328125,27,1093.359375,53
MSSB313,y,1.0,2.0,65.94113620807668,M,1.0,40795.50680756569,1.0,1.0,0.0,1.0,2.0,5337.7997505664825,174,442.69787788391113,20,4877.154661417007,158,44.86802816390991,4,125.63047885894775,15,4969.881919622421,153,303.6069905757904,11,4657.301323413849,146,35.89442253112793,2,176.48091077804565,16
MSSB032,y,1.0,1.0,81.36892539356602,M,1.0,N/A,0.0,0.0,0.0,1.0,1.0,5323.80029052496,371,645.1684746146202,85,4585.801819562912,284,24.135799050331116,8,80.76209682226181,17,5117.717698633671,245,507.7800800204277,61,4602.511218905449,195,30.63389879465103,7,93.75829631090164,13
LBC361152,n,1.0,2.0,74.13698630136986,M,1.0,3047.0,0.0,N/A,N/A,1.0,2.0,N/A,N/A,N/A,N/A,N/A,N/A,N/A,N/A,N/A,N/A,10050.0,964,1369.0,192,8652.0,780,89.0,23,134.0,38
LBC360823,y,1.0,1.0,73.23561643835616,F,0.0,3453.0,1.0,N/A,N/A,1.0,1.0,4694.0,408,1155.0,91,3473.0,321,50.0,19,70.0,27,5487.0,583,1413.0,118,4019.0,468,56.0,19,90.0,29
MSS3_ED_206,y,3.0,2.0,75.565,F,1.0,28314.404296875,1.0,1.0,0.0,3.0,2.0,22638.094935953617,1478,5043.519805431366,227,16070.286757707596,1185,139.21886539459229,39,178.7696794271469,53,21949.119755506516,1634,5632.035918235779,210,15280.852509617805,1379,157.4122398495674,35,166.90443521738052,48
LBC360666,n,2.0,3.0,73.66301369863014,F,0.0,16760.0,0.0,N/A,N/A,2.0,3.0,N/A,N/A,N/A,N/A,N/A,N/A,N/A,N/A,N/A,N/A,14452.0,1111,2777.0,203,11663.0,930,108.0,27,196.0,58
MSS3_ED_099,y,3.0,3.0,72.709,F,0.0,14161.552734375,0.0,1.0,0.0,3.0,3.0,16993.359220683575,1338,3720.9310512542725,189,11937.987122774124,1050,94.13069623708725,28,167.69502186775208,47,17962.351681947708,1335,3972.4735840559006,202,12921.217840611935,1104,106.78692430257797,25,165.32197910547256,47
LBC360378,y,1.0,1.0,72.77534246575343,F,0.0,2106.0,0.0,N/A,N/A,1.0,1.0,8007.0,618,1382.0,117,6570.0,511,49.0,16,112.0,41,10165.0,807,1757.0,168,8391.0,657,81.0,19,166.0,42
MSSB090,y,2.0,2.0,61.4428473648186,M,1.0,2219.4769234657288,1.0,1.0,0.0,2.0,2.0,3444.3769236803055,231,441.20329678058624,44,2874.5516488552094,189,26.920879125595093,4,73.28461539745331,16,2605.3428575992584,168,185.45494508743286,19,2345.107692718506,152,23.929670333862305,3,65.80659341812134,13
MSSB301,y,1.0,1.0,79.56194387405888,M,1.0,14372.741060256958,1.0,0.0,1.0,1.0,1.0,2062.435996055603,95,206.393159866333,16,1760.3242692947388,79,16.45162868499756,3,29.912052154541016,6,1455.2213373184204,50,101.70097732543945,9,1320.6171026229858,42,16.45162868499756,2,38.88566780090332,4
LBC360767,n,3.0,3.0,73.06575342465753,M,0.0,15987.0,0.0,N/A,N/A,3.0,3.0,N/A,N/A,N/A,N/A,N/A,N/A,N/A,N/A,N/A,N/A,16669.0,986,5928.0,157,10679.0,843,183.0,37,169.0,51
LBC360426,n,3.0,2.0,72.66301369863014,M,1.0,25220.0,1.0,N/A,N/A,3.0,2.0,N/A,N/A,N/A,N/A,N/A,N/A,N/A,N/A,N/A,N/A,17424.0,904,4934.0,208,12405.0,705,199.0,40,230.0,49
MSS3_ED_201,y,2.0,3.0,75.373,M,1.0,10870.927734375,1.0,1.0,0.0,2.0,3.0,10008.679977536201,948,2891.1503452062607,165,6354.20266020298,705,90.96642673015594,25,94.92148876190186,30,11294.075137853622,1088,3376.0409502983093,198,7373.817651987076,844,116.27882373332977,27,108.36869966983795,29
LBC360437,y,2.0,2.0,72.75616438356164,F,1.0,25849.0,0.0,N/A,N/A,2.0,2.0,8447.0,521,2170.0,104,6261.0,432,68.0,22,91.0,27,8967.0,629,2412.0,129,6545.0,510,77.0,20,111.0,25
MSSB039,y,4.0,2.0,89.07049965776862,M,1.0,N/A,1.0,1.0,0.0,3.0,2.0,7193.396416962147,513,2021.837320446968,116,4298.028830885887,382,77.04889696836472,14,78.90549689531326,17,7848.776191174984,501,2018.124120593071,115,4920.918106377125,389,82.61869674921036,14,93.75829631090164,22
LBC360561,y,1.0,3.0,71.93972602739726,M,0.0,24457.0,0.0,N/A,N/A,1.0,3.0,11819.0,626,1613.0,121,10110.0,516,59.0,23,159.0,43,14308.0,955,2043.0,203,12188.0,768,83.0,26,242.0,49
LBC360834,y,1.0,1.0,73.02739726027397,F,0.0,4695.0,0.0,N/A,N/A,1.0,1.0,5852.0,493,1046.0,87,4766.0,416,45.0,18,78.0,31,6122.0,658,1147.0,119,4939.0,547,54.0,15,90.0,26
LBC360835,n,1.0,2.0,73.18904109589042,M,0.0,21271.0,0.0,N/A,N/A,1.0,2.0,N/A,N/A,N/A,N/A,N/A,N/A,N/A,N/A,N/A,N/A,13829.0,1071,2254.0,219,11503.0,869,124.0,23,218.0,42
MSS3_ED_056,y,1.0,1.0,70.248,F,1.0,11324.95875608921,0.0,0.0,0.0,1.0,1.0,12320.847305774689,1419,2532.8295501470566,247,8435.382361888885,1099,74.35539591312408,26,172.4412373304367,52,13061.237205505371,1318,2952.067420721054,225,9028.643499493599,1057,85.42960381507874,28,222.27517288923264,50
LBC360969,y,2.0,2.0,73.46027397260274,M,1.0,4165.0,0.0,N/A,N/A,2.0,2.0,13509.0,713,2550.0,148,10900.0,586,79.0,27,198.0,63,15054.0,999,3194.0,240,11781.0,778,112.0,28,233.0,55
LBC360169,y,2.0,2.0,71.64109589041095,F,0.0,285.0,0.0,N/A,N/A,2.0,2.0,11872.0,665,2603.0,152,9226.0,534,96.0,30,152.0,43,14837.0,1010,3430.0,223,11368.0,807,131.0,30,210.0,46
LBC360195,n,2.0,2.0,71.7972602739726,M,0.0,2000.0,0.0,N/A,N/A,2.0,2.0,N/A,N/A,N/A,N/A,N/A,N/A,N/A,N/A,N/A,N/A,18491.0,818,4060.0,221,14341.0,627,148.0,37,239.0,51
MSSB001,y,1.0,0.0,66.53524982888433,F,1.0,N/A,1.0,0.0,0.0,1.0,1.0,8542.197615504265,431,1265.2700880169868,85,7007.721125781536,332,51.05638653039932,13,165.23703277111053,24,9298.760434091091,391,1073.1124150753021,59,8144.8860985040665,335,31.562129855155945,10,204.2255461215973,23
MSS3_ED_227,y,2.0,3.0,74.771,F,1.0,18618.134765625,1.0,0.0,0.0,2.0,3.0,17259.224543452263,1345,2982.929362177849,176,13015.412284612656,1117,94.92217540740967,30,162.15871632099152,50,19789.691536188126,1542,3214.6976737976074,200,15542.715204834938,1309,95.71319353580475,29,204.87369525432587,60
MSSA051,n,1.0,3.0,74.0,M,1.0,15700.78125,1.0,N/A,0.0,1.0,3.0,N/A,N/A,N/A,N/A,N/A,N/A,N/A,N/A,N/A,N/A,13819.921875,439,1532.8125,61,11900.390625,363,225.0,16,1163.671875,54
MSS3_ED_098,y,1.0,1.0,53.875,M,1.0,1986.240234375,0.0,0.0,0.0,1.0,1.0,4480.304397583008,577,899.3831391334534,97,3112.6408553123474,422,37.96868133544922,13,40.341723918914795,16,4939.883644580841,559,859.0414152145386,89,3804.778275489807,456,31.640567779541016,12,51.41592264175415,20
LBC360459,y,2.0,2.0,71.92602739726027,F,0.0,1844.0,0.0,N/A,N/A,2.0,2.0,9581.0,706,1488.0,125,7940.0,587,52.0,22,154.0,54,11440.0,1020,1677.0,183,9672.0,841,79.0,21,230.0,52
LBC360911,y,2.0,1.0,73.48219178082192,F,1.0,88851.0,0.0,N/A,N/A,2.0,1.0,7509.0,418,2617.0,125,4823.0,313,111.0,28,90.0,23,8557.0,534,3546.0,169,4967.0,375,162.0,28,90.0,23
LBC360755,y,1.0,2.0,72.45205479452055,F,0.0,1002.0,0.0,N/A,N/A,1.0,2.0,8059.0,620,1448.0,110,6576.0,523,59.0,23,98.0,35,10435.0,964,2239.0,209,8179.0,772,103.0,32,142.0,44
LBC360273,n,2.0,2.0,72.23013698630137,M,0.0,5787.0,1.0,N/A,N/A,2.0,2.0,N/A,N/A,N/A,N/A,N/A,N/A,N/A,N/A,N/A,N/A,16847.0,1274,3807.0,237,12998.0,1060,130.0,30,388.0,58
MSS3_ED_130,y,2.0,2.0,51.921,M,0.0,3186.2109375,1.0,1.0,0.0,2.0,2.0,12604.815938174725,1163,2323.2095645070076,199,9157.574779808521,872,71.98231881856918,26,121.02521735429764,36,13363.398836493492,1198,2138.1121732592583,178,10514.164634466171,990,79.89246374368668,25,132.89043474197388,43
MSSB306,y,2.0,3.0,71.95619438740587,M,1.0,25950.14499986172,1.0,1.0,1.0,2.0,3.0,3984.2767724990845,222,839.0312572717667,43,2784.8060624599457,178,46.36358106136322,6,67.30197250843048,11,3670.2009007930756,192,723.8701043128967,33,2620.29012966156,161,43.372382283210754,3,85.24916517734528,10
LBC361182,y,1.0,3.0,73.57808219178082,M,1.0,9048.0,0.0,N/A,N/A,1.0,3.0,11549.0,690,1400.0,121,10099.0,586,60.0,22,160.0,46,11984.0,924,1460.0,156,10464.0,782,63.0,20,188.0,51
LBC360950,n,2.0,4.0,72.9945205479452,M,0.0,13802.0,0.0,N/A,N/A,2.0,3.0,N/A,N/A,N/A,N/A,N/A,N/A,N/A,N/A,N/A,N/A,18674.0,1067,2028.0,199,16601.0,890,65.0,17,252.0,45
LBC360722,n,3.0,2.0,72.88493150684931,F,0.0,30577.0,1.0,N/A,N/A,3.0,2.0,N/A,N/A,N/A,N/A,N/A,N/A,N/A,N/A,N/A,N/A,14780.0,901,3718.0,224,11017.0,701,126.0,34,204.0,42
LBC361051,y,1.0,2.0,73.61643835616438,F,0.0,7259.0,0.0,N/A,N/A,1.0,2.0,9826.0,680,1210.0,108,8576.0,587,38.0,12,120.0,46,10897.0,1016,1273.0,159,9597.0,871,44.0,14,163.0,47
MSS3_ED_127,y,2.0,3.0,72.26,F,0.0,10447.734375,1.0,0.0,0.0,2.0,3.0,19066.600397109985,1582,2327.954072713852,167,15454.83067369461,1351,70.40024209022522,25,209.61869835853577,55,20979.272142887115,1789,2725.834092617035,207,17046.350753307343,1535,78.31038165092468,29,226.22999143600464,62
LBC360487,y,1.0,2.0,72.63013698630137,M,0.0,836.0,0.0,N/A,N/A,1.0,2.0,6114.0,556,917.0,90,5157.0,473,33.0,16,94.0,32,7851.0,751,1255.0,135,6567.0,621,52.0,19,119.0,32
LBC361297,y,2.0,3.0,73.78904109589041,F,0.0,21172.0,1.0,N/A,N/A,2.0,3.0,9310.0,538,2259.0,107,7023.0,443,111.0,27,128.0,37,11040.0,787,2762.0,167,8250.0,633,119.0,26,170.0,40
LBC360398,y,1.0,1.0,72.61643835616438,M,0.0,6152.0,0.0,N/A,N/A,1.0,1.0,3767.0,417,742.0,75,3012.0,349,40.0,14,51.0,26,4646.0,654,933.0,109,3694.0,548,46.0,14,79.0,33
LBC360513,y,1.0,2.0,72.65753424657534,M,1.0,6308.0,0.0,N/A,N/A,1.0,2.0,4068.0,406,561.0,63,3481.0,343,28.0,10,67.0,18,5404.0,610,755.0,93,4605.0,521,39.0,14,86.0,21
LBC360056,y,1.0,2.0,72.0958904109589,F,0.0,10812.0,0.0,N/A,N/A,1.0,2.0,12237.0,734,1765.0,138,10389.0,618,83.0,29,136.0,41,14019.0,983,2221.0,185,11745.0,817,121.0,23,164.0,42
MSSB048,y,1.0,2.0,60.63791923340178,F,0.0,N/A,1.0,0.0,0.0,1.0,2.0,1663.1100997924805,115,282.6688928604126,16,1103.7547245025635,98,17.94723129272461,3,31.407654762268066,8,1244.3413696289062,74,183.95912075042725,9,728.3584699630737,66,16.45162868499756,2,20.93843650817871,3
MSSB299,y,3.0,4.0,66.58726899383984,M,1.0,N/A,1.0,0.0,0.0,3.0,3.0,4721.617432594299,232,797.1561899185181,45,3765.927366256714,177,44.86807823181152,8,125.63061904907227,17,4530.180298805237,236,679.003583908081,39,3809.2998418807983,199,26.920846939086914,6,119.64820861816406,15
MSS3_ED_001,y,2.0,2.0,48.611,F,0.0,6847.8439375162125,1.0,1.0,0.0,2.0,2.0,5959.5296812057495,606,2880.096571445465,162,2425.2612161636353,360,68.81856679916382,20,55.37126064300537,13,4979.458367824554,459,2700.5354833602905,157,2036.8713736534119,293,58.535332679748535,14,44.2970085144043,11
LBC360959,y,2.0,4.0,73.30684931506849,M,1.0,554.0,0.0,N/A,N/A,2.0,3.0,9550.0,620,1093.0,98,8416.0,529,37.0,13,140.0,44,10274.0,746,1028.0,100,9227.0,656,35.0,12,175.0,43
LBC360151,n,2.0,3.0,71.66301369863014,M,0.0,18891.0,0.0,N/A,N/A,2.0,3.0,N/A,N/A,N/A,N/A,N/A,N/A,N/A,N/A,N/A,N/A,17380.0,1221,3163.0,188,14182.0,1055,132.0,31,253.0,62
LBC360256,y,1.0,1.0,71.97534246575343,F,0.0,1344.0,0.0,N/A,N/A,1.0,1.0,12049.0,750,1679.0,131,10332.0,642,66.0,25,186.0,55,15813.0,1040,2232.0,202,13549.0,857,101.0,30,309.0,58
LBC360794,y,2.0,2.0,73.23013698630137,F,1.0,3471.0,0.0,N/A,N/A,2.0,2.0,8899.0,576,1643.0,95,7198.0,488,72.0,23,142.0,50,10599.0,941,2170.0,156,8357.0,791,88.0,22,182.0,46
LBC360718,n,2.0,3.0,72.95616438356164,F,0.0,8569.0,0.0,N/A,0.0,2.0,3.0,N/A,N/A,N/A,N/A,N/A,N/A,N/A,N/A,N/A,N/A,13188.0,994,4216.0,199,8942.0,817,153.0,30,156.0,46
MSS3_ED_110,y,2.0,4.0,66.021,M,0.0,1374.78515625,1.0,0.0,1.0,2.0,3.0,19075.2598670125,1350,1679.318959057331,156,15806.006330609322,1102,62.489965975284576,17,160.5754821896553,56,20113.85892176628,1365,1769.4943529963493,161,17080.327029168606,1165,61.69895374774933,16,180.3507878780365,54
LBC360698,n,2.0,3.0,72.2,M,0.0,32726.0,1.0,N/A,N/A,2.0,3.0,N/A,N/A,N/A,N/A,N/A,N/A,N/A,N/A,N/A,N/A,23116.0,1145,3861.0,233,19204.0,927,136.0,32,320.0,68
MSS3_ED_044,y,2.0,3.0,68.192,M,0.0,4210.57997918129,1.0,1.0,0.0,2.0,3.0,11252.997608542442,1002,2923.596173286438,175,7505.162470817566,762,64.0723187327385,22,101.25008392333984,40,12365.166499137878,1166,3032.7564200162888,202,8612.585263729095,941,65.65435129404068,21,108.36923044919968,41
LBC360562,n,2.0,3.0,72.76712328767124,M,1.0,7588.0,0.0,N/A,N/A,2.0,3.0,N/A,N/A,N/A,N/A,N/A,N/A,N/A,N/A,N/A,N/A,17070.0,1276,2334.0,226,14682.0,1062,80.0,23,238.0,55
LBC360072,y,1.0,2.0,71.95068493150686,M,0.0,382.0,0.0,N/A,N/A,1.0,2.0,6959.0,615,1367.0,98,5531.0,524,61.0,21,88.0,30,8227.0,972,1598.0,138,6601.0,840,70.0,22,114.0,36
MSSB287,y,1.0,3.0,68.1697467488022,F,1.0,18298.65852534771,1.0,0.0,1.0,1.0,3.0,3149.7323133945465,170,505.5125935077667,26,2545.5101602077484,146,37.38998472690582,9,79.26676762104034,10,2608.32533454895,125,300.6154772043228,18,2259.850676894188,109,25.42518961429596,4,89.73596334457397,13
LBC360443,y,1.0,2.0,72.51780821917808,F,1.0,7001.0,0.0,N/A,N/A,1.0,2.0,10607.0,673,1827.0,126,8698.0,559,52.0,22,136.0,52,12252.0,964,2216.0,197,9947.0,783,69.0,24,168.0,53
MSS3_ED_176,y,3.0,3.0,83.107,F,1.0,13005.87890625,1.0,1.0,1.0,3.0,3.0,32165.194391965866,2025,5225.469693660736,246,24345.183282136917,1641,149.50253891944885,46,286.34877824783325,93,30330.821969985962,1760,5549.787370681763,244,23002.824506759644,1474,156.6217074394226,40,346.4662013053894,79
LBC361047,y,1.0,2.0,73.23561643835616,M,0.0,6138.0,0.0,N/A,N/A,1.0,2.0,8116.0,632,1660.0,92,6390.0,547,58.0,19,98.0,32,8204.0,777,1804.0,114,6368.0,665,62.0,19,107.0,30
LBC360238,y,1.0,1.0,71.69315068493151,F,1.0,0.0,0.0,N/A,N/A,1.0,1.0,9125.0,615,1313.0,131,7763.0,501,53.0,18,153.0,44,11003.0,911,1684.0,185,9310.0,739,79.0,19,220.0,51
LBC360728,n,2.0,3.0,72.77260273972603,F,0.0,4826.0,0.0,N/A,N/A,2.0,3.0,N/A,N/A,N/A,N/A,N/A,N/A,N/A,N/A,N/A,N/A,19321.0,1287,3152.0,277,16113.0,1031,99.0,25,294.0,79
LBC360128,y,2.0,3.0,71.54794520547945,M,0.0,38.0,0.0,N/A,N/A,2.0,3.0,7522.0,619,1307.0,100,6185.0,524,55.0,19,97.0,36,8753.0,873,1677.0,162,7064.0,718,65.0,21,123.0,37
LBC361246,y,1.0,1.0,73.72054794520548,M,1.0,4806.0,0.0,N/A,N/A,1.0,1.0,8106.0,684,1246.0,113,6832.0,582,44.0,19,93.0,32,10432.0,971,1720.0,186,8678.0,793,76.0,18,127.0,33
LBC360228,y,1.0,1.0,72.26575342465753,F,0.0,5627.0,0.0,N/A,N/A,1.0,1.0,10078.0,727,2402.0,113,7649.0,622,105.0,30,134.0,39,11402.0,998,3228.0,165,8147.0,842,137.0,26,164.0,42
LBC360654,n,1.0,1.0,72.9013698630137,F,1.0,0.0,0.0,N/A,N/A,1.0,1.0,N/A,N/A,N/A,N/A,N/A,N/A,N/A,N/A,N/A,N/A,5184.0,708,573.0,97,4606.0,612,16.0,8,77.0,26
MSSA048,n,0.0,1.0,54.0,M,1.0,5333.356839418411,1.0,N/A,0.0,1.0,1.0,N/A,N/A,N/A,N/A,N/A,N/A,N/A,N/A,N/A,N/A,8919.397693872452,338,1357.0703625679016,50,7418.182551860809,288,235.55366396903992,8,421.8871593475342,23
MSSA060,n,2.0,3.0,68.0,F,1.0,4728.515625,1.0,N/A,0.0,2.0,3.0,N/A,N/A,N/A,N/A,N/A,N/A,N/A,N/A,N/A,N/A,14104.6875,398,4612.5,62,9418.359375,348,393.75,19,611.71875,45
MSSA111,n,4.0,3.0,66.0,M,0.0,98511.328125,1.0,N/A,N/A,3.0,3.0,N/A,N/A,N/A,N/A,N/A,N/A,N/A,N/A,N/A,N/A,21304.6875,220,7713.28125,54,13025.390625,175,836.71875,19,903.515625,26
MSS3_ED_025,y,2.0,2.0,62.795,M,1.0,6585.247752070427,1.0,1.0,0.0,2.0,2.0,18518.58680164814,1542,2869.823284626007,206,14421.890332221985,1264,83.84819960594177,35,132.89148616790771,50,21818.72537481785,1753,2931.5229032039642,227,17837.517935037613,1459,82.26615810394287,28,172.44252371788025,63
MSSB152,y,1.0,1.0,62.70773442847364,M,0.0,N/A,1.0,0.0,0.0,1.0,1.0,1163.5763247013092,78,195.9235199689865,14,966.1572053432465,65,17.947192668914795,3,98.70955967903137,9,1067.8579638004303,57,94.22276151180267,11,967.6528047323227,46,5.982397556304932,2,177.97632730007172,6
MSSB116,y,2.0,3.0,68.6899383983573,M,1.0,N/A,1.0,0.0,0.0,2.0,3.0,4395.5666044950485,236,1015.5119851827621,62,3258.9110687971115,175,58.32837617397308,9,98.70955967903137,12,3393.5150138139725,156,472.6094069480896,32,2882.020022749901,124,56.83277678489685,5,103.19635784626007,9
MSSB283,y,1.0,1.0,62.11088295687886,M,0.0,12129.297510385511,1.0,0.0,0.0,1.0,1.0,2662.163941860199,171,414.28056848049164,33,2182.0770736932755,132,34.39874756336212,7,58.32831108570099,9,2098.3236013650894,134,269.20758962631226,18,1824.6292185783386,116,25.425161242485046,3,50.85032248497009,8
MSS3_ED_076,y,2.0,3.0,81.697,M,1.0,21999.7265625,1.0,1.0,0.0,2.0,3.0,23017.614510416985,1872,3827.699804663658,246,16860.38878619671,1493,113.9055118560791,36,189.0515092611313,68,23322.944563031197,2166,4145.686025261879,257,17453.64666044712,1838,111.53248035907745,31,215.1548557281494,66
LBC361284,y,1.0,3.0,73.36164383561643,F,0.0,25704.0,0.0,N/A,N/A,1.0,3.0,9944.0,623,1297.0,120,8619.0,516,53.0,16,146.0,41,12253.0,976,1568.0,179,10652.0,800,61.0,20,157.0,50
MSSB077,y,1.0,1.0,62.20944558521559,F,0.0,N/A,N/A,0.0,0.0,1.0,1.0,6481.941701889038,409,1316.1302947998047,71,4929.506195068359,325,82.2581434249878,9,103.1965799331665,22,7717.309455871582,453,1133.6667766571045,59,6523.8185749053955,397,95.71856689453125,10,200.4107494354248,28
LBC360161,y,2.0,2.0,72.04657534246576,F,1.0,4418.0,0.0,N/A,N/A,2.0,2.0,12776.0,714,2232.0,102,10363.0,625,91.0,28,161.0,40,13896.0,755,2363.0,152,11399.0,613,93.0,26,182.0,37
MSSA233,n,1.0,2.0,61.0,M,1.0,7284.375,1.0,N/A,N/A,1.0,2.0,N/A,N/A,N/A,N/A,N/A,N/A,N/A,N/A,N/A,N/A,11098.828125,390,1167.1875,52,9836.71875,334,168.75,16,759.375,47
LBC360400,y,1.0,2.0,72.37808219178082,F,0.0,572.0,0.0,N/A,N/A,1.0,2.0,5927.0,563,1331.0,108,4587.0,471,61.0,18,80.0,24,7777.0,822,1788.0,152,5979.0,686,78.0,20,119.0,28
MSSB025,y,1.0,2.0,69.43189596167012,F,0.0,N/A,0.0,0.0,0.0,1.0,2.0,6877.774429380894,642,624.7458754181862,65,6146.274058163166,571,26.920698940753937,8,112.32429558038712,29,7606.489900708199,683,636.8137749433517,66,6940.898826897144,626,38.06029850244522,7,104.89789587259293,25
MSS3_ED_213,y,1.0,2.0,66.806,M,0.0,5197.763671875,0.0,1.0,0.0,1.0,2.0,15432.640419006348,1515,2092.2262382507324,179,11366.839714050293,1173,70.40005111694336,30,132.09897232055664,47,18044.561416625977,1665,2347.7230529785156,194,14447.03970336914,1408,77.51915740966797,25,174.8136100769043,56
LBC360987,n,1.0,2.0,74.22191780821917,F,0.0,6504.0,0.0,N/A,N/A,1.0,2.0,N/A,N/A,N/A,N/A,N/A,N/A,N/A,N/A,N/A,N/A,3851.0,513,808.0,96,3031.0,419,51.0,16,77.0,25
MSSA214,n,1.0,2.0,66.0,M,1.0,11548.828125,1.0,N/A,1.0,1.0,2.0,N/A,N/A,N/A,N/A,N/A,N/A,N/A,N/A,N/A,N/A,9042.1875,308,2879.296875,47,5892.1875,260,393.75,11,478.125,25
LBC360267,n,2.0,2.0,72.2,M,1.0,14995.0,0.0,N/A,N/A,2.0,2.0,N/A,N/A,N/A,N/A,N/A,N/A,N/A,N/A,N/A,N/A,5860.0,640,1463.0,135,4371.0,511,64.0,17,107.0,27
LBC360940,n,2.0,2.0,73.17534246575343,M,0.0,22139.0,0.0,N/A,N/A,2.0,2.0,N/A,N/A,N/A,N/A,N/A,N/A,N/A,N/A,N/A,N/A,20735.0,734,5310.0,168,15331.0,582,233.0,43,306.0,48
MSSB174,y,3.0,4.0,67.31279945242984,F,1.0,6941.091702461243,1.0,0.0,0.0,3.0,3.0,5381.178182601929,384,975.1329002380371,56,4313.317920684814,328,52.34609127044678,8,118.15260601043701,23,5161.324599266052,348,928.7692193984985,50,4225.0773668289185,301,50.85048866271973,7,149.56026077270508,21
LBC361017,n,1.0,2.0,73.61643835616438,F,0.0,3923.0,0.0,N/A,0.0,1.0,2.0,N/A,N/A,N/A,N/A,N/A,N/A,N/A,N/A,N/A,N/A,6348.0,849,831.0,126,5511.0,728,30.0,13,91.0,31
MSSB252,y,1.0,1.0,58.81177275838469,M,1.0,N/A,1.0,1.0,0.0,1.0,1.0,1915.8648025989532,108,590.7623708248138,33,1211.4367604255676,73,61.31963849067688,4,83.75365257263184,7,1521.026154756546,71,394.8386478424072,12,1051.407459974289,57,61.31963849067688,3,88.24045538902283,8
MSSA255,n,1.0,1.0,57.0,M,1.0,5350.78125,1.0,N/A,N/A,1.0,1.0,N/A,N/A,N/A,N/A,N/A,N/A,N/A,N/A,N/A,N/A,7755.46875,385,889.453125,54,6648.046875,323,94.921875,8,506.25,49
MSS3_ED_095,y,1.0,1.0,55.086,M,0.0,1014.08203125,0.0,0.0,0.0,1.0,1.0,4746.865808188915,562,931.0216724276543,106,3140.319489836693,392,36.38657343387604,15,52.206822752952576,15,6066.2746013998985,620,1204.7119856476784,96,4401.984373033047,493,48.25176042318344,16,76.72820919752121,19
MSSA177,n,1.0,1.0,77.0,M,1.0,50392.96875,N/A,N/A,0.0,1.0,1.0,N/A,N/A,N/A,N/A,N/A,N/A,N/A,N/A,N/A,N/A,6788.671875,230,1877.34375,57,4594.921875,175,246.09375,9,425.390625,19
LBC360967,n,1.0,2.0,73.6109589041096,M,0.0,42633.0,1.0,N/A,N/A,1.0,2.0,N/A,N/A,N/A,N/A,N/A,N/A,N/A,N/A,N/A,N/A,12471.0,843,3548.0,211,8844.0,648,139.0,26,138.0,33
LBC360504,y,1.0,2.0,72.87945205479453,M,1.0,7624.0,0.0,N/A,N/A,1.0,2.0,6364.0,520,1285.0,81,5035.0,455,46.0,14,90.0,28,6933.0,639,1490.0,98,5428.0,558,60.0,14,110.0,31
LBC360928,n,2.0,2.0,72.83561643835617,F,1.0,50497.0,0.0,N/A,N/A,2.0,2.0,N/A,N/A,N/A,N/A,N/A,N/A,N/A,N/A,N/A,N/A,8935.0,597,2919.0,177,5965.0,426,139.0,31,158.0,29
LBC360802,y,2.0,2.0,73.17534246575343,M,1.0,6611.0,1.0,N/A,N/A,2.0,2.0,8399.0,541,1297.0,118,7026.0,430,100.0,23,98.0,28,9876.0,703,1876.0,176,7965.0,532,145.0,22,127.0,33
LBC360144,y,1.0,1.0,71.74520547945205,M,0.0,0.0,0.0,N/A,0.0,1.0,1.0,5560.0,515,1490.0,103,4043.0,419,55.0,18,71.0,32,6678.0,751,1699.0,140,4961.0,618,61.0,15,89.0,28
LBC361203,y,1.0,2.0,73.69589041095891,F,1.0,845.0,0.0,N/A,N/A,1.0,2.0,9089.0,716,1033.0,99,7998.0,626,72.0,19,124.0,48,10721.0,993,1099.0,145,9590.0,858,66.0,18,154.0,43
MSS3_ED_190,y,1.0,2.0,52.323,M,1.0,1411.962890625,1.0,0.0,0.0,1.0,2.0,9690.717817544937,845,1558.2984328269958,119,6949.061793088913,619,55.371010303497314,20,95.71274638175964,32,10598.011372089386,933,1622.3706018924713,136,8202.028654813766,737,49.83390927314758,20,114.69709277153015,33
MSSA059,n,3.0,1.0,75.0,M,1.0,24556.640625,N/A,N/A,0.0,3.0,1.0,N/A,N/A,N/A,N/A,N/A,N/A,N/A,N/A,N/A,N/A,15292.96875,326,4514.0625,62,10406.25,262,523.828125,22,636.328125,33
LBC361189,y,2.0,2.0,73.2986301369863,M,1.0,9734.0,0.0,N/A,N/A,2.0,2.0,7920.0,430,3032.0,92,4859.0,354,92.0,25,97.0,30,8915.0,479,3609.0,107,5284.0,380,105.0,25,111.0,27
MSSB257,y,2.0,3.0,63.86584531143051,M,1.0,17323.527723670006,1.0,0.0,0.0,2.0,3.0,6987.44034576416,402,973.6352022886276,72,5614.480106592178,327,38.885584115982056,8,146.56874012947083,19,5426.034583568573,338,557.8585721254349,49,4663.278895139694,281,37.38998472690582,5,173.48952913284302,22
LBC360537,n,1.0,1.0,72.66027397260274,M,0.0,6203.0,0.0,N/A,N/A,1.0,1.0,N/A,N/A,N/A,N/A,N/A,N/A,N/A,N/A,N/A,N/A,3776.0,404,1526.0,110,2230.0,299,89.0,19,54.0,13
MSS3_ED_019,y,2.0,1.0,73.703,M,1.0,6562.251779556274,1.0,0.0,0.0,2.0,1.0,33911.56186598539,1656,5996.677252829075,178,24899.539185404778,1274,174.81409746408463,46,317.196620285511,91,40499.12658852339,1536,7411.801326870918,221,30543.424187242985,1284,223.06595242023468,40,361.4934051632881,77
LBC361269,y,2.0,3.0,74.2,F,0.0,29162.0,0.0,N/A,N/A,2.0,3.0,14949.0,808,3465.0,164,11351.0,658,140.0,41,176.0,55,16027.0,1008,3958.0,194,12008.0,822,158.0,35,194.0,51
LBC360031,n,2.0,2.0,71.56438356164384,M,0.0,1663.0,1.0,N/A,N/A,2.0,2.0,N/A,N/A,N/A,N/A,N/A,N/A,N/A,N/A,N/A,N/A,3899.0,577,1077.0,116,2810.0,459,51.0,13,45.0,20
MSS3_ED_005,y,2.0,2.0,71.047,M,0.0,12855.556876659391,1.0,1.0,0.0,2.0,2.0,72825.46892929077,1849,7502.765111923218,139,59134.60350418091,1544,186.67923736572266,51,547.3814926147461,143,101650.79981422424,1348,11646.09496498108,76,81820.87692642212,1135,280.80986976623535,47,811.5800743103027,118
LBC360002,y,1.0,1.0,71.18630136986302,M,0.0,3534.0,0.0,N/A,N/A,1.0,1.0,15736.0,832,2921.0,153,12783.0,704,143.0,36,191.0,58,19573.0,1243,3653.0,249,15912.0,1015,185.0,36,248.0,61
LBC360405,y,2.0,3.0,72.08493150684932,M,1.0,10049.0,0.0,N/A,N/A,2.0,3.0,12201.0,688,1820.0,98,10314.0,607,58.0,23,190.0,60,12756.0,878,2145.0,117,10540.0,777,80.0,20,210.0,56
MSSA231,n,2.0,2.0,50.0,F,1.0,75596.484375,1.0,N/A,1.0,2.0,2.0,N/A,N/A,N/A,N/A,N/A,N/A,N/A,N/A,N/A,N/A,13886.71875,303,4503.515625,61,8746.875,238,653.90625,20,594.140625,27
LBC361227,y,1.0,2.0,73.89041095890411,M,1.0,5262.0,0.0,N/A,0.0,1.0,2.0,8133.0,617,1760.0,115,6344.0,519,62.0,21,115.0,39,9824.0,883,2270.0,182,7526.0,714,94.0,24,150.0,42
MSSA204,n,1.0,1.0,61.0,F,1.0,1501.171875,N/A,N/A,0.0,1.0,1.0,N/A,N/A,N/A,N/A,N/A,N/A,N/A,N/A,N/A,N/A,4510.546875,261,1051.171875,39,3427.734375,220,147.65625,8,464.0625,39
LBC360271,y,1.0,1.0,72.18630136986302,M,1.0,13548.0,0.0,N/A,N/A,1.0,1.0,9205.0,720,1475.0,139,7685.0,598,50.0,22,201.0,50,10961.0,973,1843.0,205,9096.0,779,72.0,21,227.0,47
MSSA182,n,1.0,1.0,57.0,M,1.0,11496.09375,N/A,N/A,1.0,1.0,1.0,N/A,N/A,N/A,N/A,N/A,N/A,N/A,N/A,N/A,N/A,8817.1875,387,1782.421875,58,6771.09375,326,193.359375,16,450.0,39
MSS3_ED_094,y,1.0,2.0,53.262,M,1.0,1970.419921875,1.0,0.0,0.0,1.0,2.0,17949.772549152374,1976,3020.8964112997055,232,13779.527490139008,1627,103.62331235408783,33,185.09813046455383,65,21605.85613465309,2097,3132.4299001693726,274,17663.424159288406,1801,109.16043591499329,28,204.08255410194397,66
LBC360017,y,1.0,1.0,71.6054794520548,M,0.0,7135.0,0.0,N/A,0.0,1.0,1.0,12945.0,782,2162.0,155,10746.0,653,69.0,26,176.0,57,16280.0,1037,3104.0,230,13138.0,838,99.0,29,248.0,63
MSS3_ED_087,y,2.0,3.0,72.682,M,1.0,16360.576171875,1.0,1.0,0.0,2.0,3.0,24535.70047044754,1615,2547.068009376526,197,19868.71250295639,1323,74.3554015159607,31,220.6931598186493,72,28251.888516426086,1763,3076.2569839954376,200,22938.641367673874,1484,83.05656552314758,24,264.989994764328,76
LBC360283,y,2.0,3.0,72.30410958904109,M,1.0,5738.0,0.0,N/A,N/A,2.0,3.0,12795.0,839,2086.0,132,10620.0,727,83.0,24,150.0,55,15947.0,1076,2883.0,201,12995.0,893,115.0,27,198.0,54
LBC360511,n,3.0,3.0,72.62465753424658,F,0.0,18974.0,1.0,N/A,N/A,3.0,3.0,N/A,N/A,N/A,N/A,N/A,N/A,N/A,N/A,N/A,N/A,14205.0,1098,4473.0,194,9677.0,922,186.0,34,202.0,50
MSSB006,y,4.0,2.0,67.12936344969201,F,0.0,N/A,1.0,1.0,0.0,3.0,2.0,13899.4353531003,660,2701.3528937101364,126,10465.653788208961,532,80.76209682226181,20,166.165693461895,39,14945.629411935806,764,2494.3420018553734,115,12000.133627831936,649,81.69039678573608,15,207.9391918182373,43
MSS3_ED_107,y,1.0,4.0,83.756,F,1.0,20083.095703125,1.0,1.0,1.0,1.0,3.0,25023.029762983322,1258,2909.3602917194366,194,20001.65425133705,971,68.8184734582901,26,263.4086397886276,85,27227.593964457512,1183,3062.8175773620605,215,22462.50794017315,938,76.72864282131195,25,315.61575758457184,81
LBC361249,y,2.0,1.0,73.13150684931507,M,0.0,8408.0,1.0,N/A,N/A,2.0,1.0,8025.0,504,2821.0,123,5176.0,390,97.0,28,89.0,29,9262.0,710,3482.0,163,5752.0,556,117.0,29,102.0,29
LBC360628,y,1.0,1.0,73.0958904109589,F,0.0,5330.0,0.0,N/A,N/A,1.0,1.0,7462.0,566,1957.0,100,5456.0,476,69.0,18,92.0,28,8366.0,769,2416.0,132,5912.0,649,80.0,20,115.0,28
MSS3_ED_096,y,1.0,2.0,68.036,M,0.0,2643.57421875,1.0,0.0,0.0,1.0,2.0,8601.547331690788,954,1589.1584135890007,169,5886.76800096035,692,56.9534125328064,21,75.9378833770752,26,9840.284054279327,1054,1714.9305329322815,159,7431.6293159127235,843,75.146863758564,22,89.3852168917656,31
MSSB037,y,3.0,3.0,87.26899383983574,M,1.0,N/A,1.0,0.0,1.0,3.0,3.0,7977.783761739731,389,1638.4440702199936,93,6137.899259090424,291,61.26759696006775,10,111.39563083648682,18,8898.654309988022,310,1600.3838963508606,91,7251.855567455292,223,48.27144002914429,10,140.1728354692459,12
MSSA105,n,1.0,1.0,61.0,M,1.0,2714.074095726013,N/A,N/A,N/A,1.0,1.0,N/A,N/A,N/A,N/A,N/A,N/A,N/A,N/A,N/A,N/A,6503.934037685394,257,1325.3962876796722,38,5059.005989313126,213,151.1725208759308,9,337.5014419555664,25
MSSB210,n,1.0,1.0,80.30663928815879,F,0.0,6275.535036563873,1.0,0.0,0.0,1.0,1.0,N/A,N/A,N/A,N/A,N/A,N/A,N/A,N/A,N/A,N/A,1679.5581139326096,151,312.5802723169327,16,1362.4910434484482,137,23.929590225219727,3,74.77996945381165,16
LBC360494,y,2.0,3.0,72.84931506849315,M,1.0,14294.0,0.0,N/A,N/A,2.0,3.0,15123.0,711,2305.0,157,12767.0,571,122.0,33,233.0,55,17902.0,954,2629.0,231,15234.0,740,161.0,29,317.0,54
LBC360290,y,2.0,4.0,71.96438356164384,F,1.0,2561.0,0.0,N/A,N/A,2.0,3.0,11613.0,699,1053.0,92,10531.0,617,24.0,8,159.0,56,15770.0,1039,1675.0,156,14066.0,894,50.0,18,220.0,59
LBC360048,y,2.0,3.0,71.23835616438356,F,1.0,4111.0,0.0,N/A,0.0,2.0,3.0,12924.0,791,1903.0,119,10961.0,689,71.0,23,160.0,51,12881.0,1028,2144.0,145,10710.0,889,87.0,21,178.0,46
LBC360564,y,2.0,2.0,72.59178082191781,F,0.0,19336.0,0.0,N/A,N/A,2.0,2.0,8185.0,533,2392.0,103,5752.0,441,53.0,19,135.0,28,8784.0,681,2774.0,156,5971.0,532,69.0,17,135.0,25
MSSB227,y,2.0,4.0,63.49075975359344,F,0.0,39470.495611310005,1.0,0.0,0.0,2.0,3.0,4094.964835882187,250,683.4912089109421,35,3224.5230774879456,216,49.354945063591,4,115.16153848171234,11,3744.9934072494507,213,445.6901099681854,21,3140.7692313194275,197,35.89450550079346,2,106.18791210651398,13
MSS3_ED_149,y,3.0,2.0,71.291,M,1.0,23530.341796875,1.0,1.0,0.0,3.0,2.0,38808.90802073479,1942,6646.130308389664,194,29743.845733880997,1582,155.8304773569107,49,330.64537835121155,117,38231.465135097504,2077,6555.163278460503,261,29439.303938031197,1753,165.32268917560577,38,351.21183729171753,105
MSS3_ED_148,y,3.0,3.0,81.947,F,1.0,70538.818359375,1.0,1.0,0.0,3.0,3.0,21800.43333530426,1513,4051.589968919754,246,16296.535833597183,1217,119.44359338283539,35,192.2171734571457,58,22543.98947954178,1656,4561.005029439926,235,16471.350629210472,1379,121.81664490699768,32,193.00819063186646,54
LBC360463,y,1.0,2.0,72.74246575342465,M,1.0,4635.0,0.0,N/A,N/A,1.0,2.0,12349.0,642,2563.0,156,9750.0,510,138.0,26,204.0,52,14622.0,982,3004.0,232,11589.0,776,188.0,26,248.0,55
MSS3_ED_156,y,1.0,1.0,55.469,M,0.0,13290.64453125,1.0,0.0,0.0,1.0,1.0,9777.747087717056,1272,1760.801311969757,224,6791.66220331192,941,75.14650702476501,25,106.78714156150818,41,11623.187097072601,1513,1863.6333742141724,199,8710.666687965393,1217,99.66799879074097,29,143.17387127876282,57
LBC360861,y,1.0,2.0,73.56164383561644,M,0.0,7073.0,0.0,N/A,N/A,1.0,2.0,6136.0,512,1038.0,86,5070.0,431,32.0,13,67.0,28,6808.0,648,1228.0,101,5564.0,555,47.0,12,88.0,26
LBC360132,y,1.0,3.0,72.30410958904109,F,1.0,6321.0,0.0,N/A,N/A,1.0,3.0,11684.0,623,1636.0,104,10030.0,535,60.0,20,232.0,52,14203.0,1047,2025.0,191,12169.0,878,82.0,25,300.0,58
LBC360254,n,4.0,1.0,72.26849315068493,F,0.0,36930.0,0.0,N/A,N/A,3.0,1.0,N/A,N/A,N/A,N/A,N/A,N/A,N/A,N/A,N/A,N/A,9415.0,456,3861.0,113,5528.0,350,166.0,31,165.0,21
LBC360705,y,1.0,1.0,72.55616438356165,M,0.0,5013.0,0.0,N/A,N/A,1.0,1.0,4681.0,409,962.0,68,3708.0,342,55.0,17,70.0,27,5751.0,548,1217.0,94,4526.0,456,79.0,20,83.0,24
MSS3_ED_028,y,3.0,4.0,70.155,M,1.0,4223.240059375763,1.0,1.0,0.0,3.0,3.0,18330.236846148968,1229,2922.8077998757362,149,14371.987798631191,1026,68.8184786438942,24,203.29136794805527,58,19621.176583468914,1190,2959.1945816874504,158,15695.359232783318,1014,65.65441066026688,20,240.46916675567627,62
MSSA028,n,4.0,2.0,85.0,F,1.0,101928.515625,1.0,N/A,1.0,3.0,2.0,N/A,N/A,N/A,N/A,N/A,N/A,N/A,N/A,N/A,N/A,27892.96875,310,7811.71875,50,19058.203125,269,1132.03125,22,935.15625,35
LBC360412,y,1.0,1.0,72.53150684931506,M,0.0,1088.0,0.0,N/A,N/A,1.0,1.0,5208.0,501,633.0,82,4560.0,423,28.0,14,63.0,26,6863.0,760,939.0,108,5904.0,656,60.0,14,94.0,31
LBC360387,y,2.0,3.0,72.42739726027398,F,1.0,12038.0,1.0,N/A,N/A,2.0,3.0,8818.0,523,2344.0,96,6358.0,430,100.0,29,131.0,36,11597.0,848,2974.0,148,8574.0,702,122.0,29,183.0,41
LBC361082,y,2.0,3.0,73.88767123287671,F,0.0,9728.0,0.0,N/A,N/A,2.0,3.0,7332.0,506,1900.0,93,5416.0,425,76.0,25,85.0,32,8763.0,705,2586.0,133,6138.0,579,107.0,23,107.0,27
LBC360026,y,1.0,1.0,71.34794520547945,F,0.0,390.0,0.0,N/A,N/A,1.0,1.0,7686.0,570,1114.0,72,6558.0,512,57.0,10,117.0,27,9228.0,726,1434.0,105,7780.0,626,72.0,11,156.0,24
LBC361110,y,1.0,2.0,73.41643835616438,F,0.0,20205.0,0.0,N/A,N/A,1.0,2.0,8573.0,556,1492.0,127,7060.0,444,46.0,18,134.0,36,9765.0,779,1461.0,135,8281.0,658,44.0,13,151.0,32
MSSB131,y,1.0,1.0,57.169062286105394,M,0.0,3529.610619544983,1.0,1.0,0.0,1.0,1.0,4575.033425927162,270,958.6781386137009,60,3291.8105820417404,201,53.84151792526245,10,116.65662217140198,15,3572.982953429222,222,554.8667541742325,44,2896.972783923149,178,35.8943452835083,6,115.1610244512558,16
MSS3_ED_171,y,1.0,3.0,81.766,M,1.0,30212.841796875,1.0,0.0,0.0,1.0,3.0,12917.277369499207,992,2160.262369632721,200,10013.460760593414,710,58.53512096405029,21,180.35145378112793,54,13650.54841184616,1040,2350.106005191803,199,10832.161438941956,813,66.44527244567871,20,204.08190822601318,51
LBC360172,n,1.0,1.0,72.48493150684932,M,1.0,3887.0,0.0,N/A,N/A,1.0,1.0,N/A,N/A,N/A,N/A,N/A,N/A,N/A,N/A,N/A,N/A,7366.0,918,984.0,124,6363.0,794,51.0,17,104.0,30
LBC360733,y,1.0,2.0,73.16712328767123,M,1.0,3096.0,0.0,N/A,N/A,1.0,2.0,13656.0,779,2266.0,147,11287.0,652,95.0,25,173.0,56,14750.0,1034,2702.0,215,12009.0,844,104.0,26,223.0,54
LBC361278,y,1.0,2.0,73.87123287671233,M,1.0,0.0,0.0,N/A,N/A,1.0,2.0,7394.0,530,855.0,74,6528.0,465,31.0,14,112.0,43,8765.0,740,1254.0,126,7503.0,618,45.0,17,146.0,40
MSS3_ED_222,y,1.0,1.0,52.079,M,1.0,3694.04296875,1.0,0.0,0.0,1.0,1.0,4375.099839389324,582,1807.4675706028938,148,2010.7582339048386,353,60.9080975651741,23,45.87882673740387,13,4356.906511545181,615,1532.9856244325638,147,2436.323902606964,428,60.11708331108093,16,60.11708331108093,16
MSSB191,y,1.0,1.0,67.85763175906914,M,1.0,12030.613951683044,1.0,0.0,0.0,1.0,1.0,4271.436281204224,186,924.2813801765442,33,2953.811854124069,153,47.859230041503906,5,74.78004693984985,12,4075.512558221817,181,828.5629200935364,27,2961.289858818054,155,50.8504319190979,6,71.78884506225586,8
MSSA040,n,2.0,2.0,77.0,F,1.0,15732.27037191391,1.0,N/A,0.0,2.0,2.0,N/A,N/A,N/A,N/A,N/A,N/A,N/A,N/A,N/A,N/A,9601.079415798187,258,2703.4895901679993,47,6503.84361743927,212,457.0268487930298,16,319.91879415512085,22
LBC360662,n,1.0,2.0,72.26849315068493,M,0.0,8252.0,1.0,N/A,N/A,1.0,2.0,N/A,N/A,N/A,N/A,N/A,N/A,N/A,N/A,N/A,N/A,9147.0,550,2460.0,178,6644.0,384,145.0,30,175.0,30
MSS3_ED_131,y,1.0,1.0,73.511,M,0.0,1223.701171875,1.0,0.0,0.0,1.0,1.0,6559.887635111809,755,1487.8992694616318,108,4530.143070816994,583,46.66988670825958,19,70.40033757686615,28,7725.843787789345,828,1765.5455446243286,111,5625.698885917664,689,60.90815722942352,20,83.05657804012299,29
MSSB165,y,2.0,4.0,59.58110882956879,F,1.0,11324.690308570862,1.0,0.0,0.0,2.0,3.0,4193.66503238678,238,888.3869576454163,53,3155.717980861664,184,52.3460328578949,8,106.18766665458679,16,3564.017037153244,143,676.0116243362427,25,2814.7209668159485,123,40.38122534751892,6,101.7008638381958,13
LBC360032,y,2.0,2.0,71.83835616438355,M,1.0,2275.0,1.0,N/A,N/A,2.0,2.0,4931.0,485,1013.0,92,3871.0,398,49.0,15,77.0,25,6279.0,678,1468.0,137,4779.0,548,66.0,17,115.0,28
MSSA092,n,1.0,1.0,65.0,F,1.0,4735.546875,N/A,N/A,N/A,1.0,1.0,N/A,N/A,N/A,N/A,N/A,N/A,N/A,N/A,N/A,N/A,3832.03125,181,882.421875,30,2889.84375,146,186.328125,12,203.90625,15
MSSB329,y,1.0,1.0,59.41409993155374,F,1.0,9914.34968662262,1.0,0.0,1.0,1.0,1.0,2258.3599376678467,198,438.2115640640259,36,1739.38583278656,162,34.39885997772217,6,61.31970691680908,13,1719.9429988861084,149,303.6073293685913,14,1411.848861694336,138,37.39006519317627,5,56.83289909362793,12
MSSB003,y,1.0,3.0,60.77207392197124,F,1.0,N/A,1.0,0.0,0.0,1.0,3.0,5668.199576973915,528,631.2439751625061,59,4852.2239090800285,468,20.42259919643402,6,76.12059700489044,18,6845.283930659294,511,725.0022714734077,56,5751.7465736866,462,37.13199853897095,6,94.68659627437592,22
LBC360643,y,1.0,1.0,73.27945205479452,M,0.0,8438.0,0.0,N/A,N/A,1.0,1.0,7264.0,578,947.0,85,6296.0,500,41.0,15,117.0,39,8724.0,897,1100.0,133,7615.0,771,44.0,14,163.0,38
LBC360248,y,1.0,2.0,72.11506849315069,M,0.0,3693.0,0.0,N/A,N/A,1.0,2.0,5648.0,489,1003.0,96,4600.0,397,49.0,22,94.0,30,6759.0,675,1134.0,133,5575.0,552,47.0,17,148.0,29
MSSB035,y,2.0,1.0,72.7939767282683,F,1.0,N/A,1.0,0.0,0.0,2.0,1.0,3021.619873344898,388,688.7993689775467,73,2228.850788295269,326,34.34713834524155,9,53.84146010875702,19,3702.992834031582,541,653.5239295959473,68,2961.280305981636,484,30.633934199810028,8,77.04898601770401,22
LBC360678,y,1.0,3.0,72.33972602739726,F,1.0,2423.0,0.0,N/A,N/A,1.0,3.0,7452.0,610,962.0,93,6429.0,526,45.0,17,119.0,34,8819.0,864,1295.0,127,7485.0,745,62.0,19,149.0,43
LBC360887,y,1.0,2.0,72.6027397260274,F,0.0,6268.0,0.0,N/A,N/A,1.0,2.0,8282.0,647,1492.0,111,6751.0,546,53.0,20,125.0,45,9058.0,902,1826.0,151,7173.0,761,65.0,19,147.0,42
MSSB307,y,3.0,3.0,77.32785763175906,M,1.0,N/A,1.0,1.0,0.0,3.0,3.0,11647.753108978271,322,1627.2156372070312,80,9891.915647506714,245,113.66579818725586,12,320.05895805358887,22,10312.179980278015,265,1153.1096105575562,54,9099.246265411377,211,86.74495124816895,9,291.6425085067749,17
MSSB034,y,0.0,0.0,56.4599589322382,M,1.0,N/A,0.0,0.0,0.0,1.0,1.0,7774.503707885742,869,1257.8450775146484,158,6261.376419067383,716,49.19984436035156,16,111.3958740234375,30,10276.26937866211,817,1249.4903869628906,135,8852.2587890625,706,39.91685485839844,13,156.8825225830078,39
MSSA090,n,4.0,4.0,75.0,M,1.0,26532.421875,1.0,N/A,N/A,3.0,3.0,N/A,N/A,N/A,N/A,N/A,N/A,N/A,N/A,N/A,N/A,21273.046875,296,6303.515625,58,14547.65625,242,861.328125,20,1174.21875,36
LBC361104,y,1.0,3.0,73.4931506849315,M,1.0,26652.0,0.0,N/A,N/A,1.0,3.0,12291.0,594,1103.0,111,11018.0,491,31.0,16,192.0,48,14342.0,869,1238.0,148,12948.0,728,42.0,16,238.0,47
LBC360840,y,1.0,2.0,73.14246575342466,M,0.0,10002.0,0.0,N/A,N/A,1.0,2.0,6641.0,516,774.0,82,5838.0,435,34.0,17,107.0,35,8084.0,777,890.0,111,7162.0,670,49.0,18,151.0,40
LBC360185,y,2.0,3.0,72.35616438356165,F,1.0,8156.0,0.0,N/A,N/A,2.0,3.0,7046.0,542,1216.0,96,5816.0,456,42.0,16,82.0,27,6641.0,710,1319.0,121,5309.0,589,50.0,14,92.0,26
LBC361183,y,1.0,2.0,73.73972602739725,M,0.0,22516.0,1.0,N/A,N/A,1.0,2.0,10581.0,764,1575.0,106,8945.0,675,54.0,24,135.0,45,10994.0,945,1718.0,129,9244.0,829,68.0,17,155.0,41
LBC360801,y,2.0,2.0,72.57260273972602,M,0.0,5185.0,1.0,N/A,N/A,2.0,2.0,12174.0,745,2713.0,163,9420.0,607,93.0,37,169.0,53,13844.0,940,3122.0,199,10698.0,758,117.0,29,215.0,57
LBC361122,y,1.0,2.0,73.86301369863014,F,1.0,1778.0,0.0,N/A,N/A,1.0,2.0,6342.0,528,1211.0,93,5101.0,443,44.0,17,121.0,39,7144.0,731,1462.0,149,5653.0,588,60.0,17,129.0,34
LBC360804,n,2.0,3.0,73.14520547945206,M,1.0,18465.0,0.0,N/A,N/A,2.0,3.0,N/A,N/A,N/A,N/A,N/A,N/A,N/A,N/A,N/A,N/A,16166.0,805,3235.0,201,12892.0,625,131.0,25,240.0,40
LBC360894,n,2.0,1.0,72.77534246575343,F,1.0,34332.0,0.0,N/A,N/A,2.0,1.0,N/A,N/A,N/A,N/A,N/A,N/A,N/A,N/A,N/A,N/A,10065.0,828,1813.0,194,8221.0,650,93.0,27,143.0,42
LBC360536,y,1.0,2.0,73.01095890410959,M,1.0,3266.0,0.0,N/A,N/A,1.0,2.0,3745.0,429,594.0,72,3133.0,367,30.0,15,57.0,19,4746.0,648,750.0,100,3974.0,553,38.0,16,74.0,22
MSS3_ED_123,y,2.0,3.0,57.128,M,0.0,14832.333984375,1.0,1.0,1.0,2.0,3.0,20813.11843585968,1194,2693.397243618965,164,16807.431610107422,937,65.65402972698212,25,206.45423805713654,58,20163.697250247,1220,2508.3003405332565,160,16849.35526764393,1037,68.81807935237885,22,212.78233730793,60
MSS3_ED_049,y,1.0,1.0,82.79,F,1.0,6102.665773332119,0.0,0.0,0.0,1.0,1.0,14365.588218986988,1308,2084.3194183707237,187,11200.74495792389,1073,71.982188642025,25,133.68120747804642,49,13408.462413966656,1447,1957.7573284506798,204,10550.532220959663,1213,68.02712333202362,25,134.4722205400467,43
MSSB240,y,1.0,2.0,71.89322381930187,M,1.0,N/A,N/A,0.0,0.0,1.0,2.0,3083.9259402751923,170,311.08467292785645,17,2762.372071623802,153,40.38118350505829,4,79.26676762104034,9,2935.861600756645,165,222.8443089723587,9,2707.0348942279816,155,14.955993890762329,2,124.13474929332733,12
LBC360313,y,1.0,1.0,72.07671232876713,F,0.0,4704.0,0.0,N/A,0.0,1.0,1.0,3858.0,366,1196.0,70,2599.0,303,50.0,19,49.0,16,4886.0,559,1627.0,112,3171.0,455,78.0,19,73.0,22
LBC360415,y,1.0,1.0,72.2904109589041,F,0.0,3581.0,0.0,N/A,N/A,1.0,1.0,7404.0,629,1676.0,105,5683.0,541,79.0,16,98.0,36,8526.0,950,2156.0,167,6356.0,793,98.0,23,113.0,36
LBC360527,n,1.0,3.0,71.93972602739726,M,0.0,2034.0,0.0,N/A,N/A,1.0,3.0,N/A,N/A,N/A,N/A,N/A,N/A,N/A,N/A,N/A,N/A,14012.0,1127,2321.0,179,11626.0,964,128.0,23,190.0,48
MSSA086,n,1.0,1.0,69.0,M,1.0,1560.9375,N/A,N/A,N/A,1.0,1.0,N/A,N/A,N/A,N/A,N/A,N/A,N/A,N/A,N/A,N/A,8022.65625,335,769.921875,48,7200.0,285,77.34375,10,615.234375,47
MSS3_ED_112,y,2.0,4.0,80.326,F,1.0,46662.01171875,0.0,1.0,0.0,2.0,3.0,27693.530067801476,1608,3081.8050026893616,220,22418.232952058315,1278,77.51973569393158,27,261.8268623948097,63,28494.831009209156,1744,3511.3276198506355,260,23248.80154877901,1446,83.84787738323212,26,235.723277926445,62
LBC360744,y,2.0,3.0,72.9945205479452,M,0.0,7599.0,0.0,N/A,N/A,2.0,3.0,12250.0,768,1130.0,116,11091.0,667,50.0,18,191.0,57,13759.0,1104,1278.0,174,12428.0,943,56.0,18,226.0,53
LBC360966,y,1.0,1.0,73.64931506849315,F,1.0,12329.0,0.0,N/A,N/A,1.0,1.0,15139.0,833,2730.0,158,12250.0,697,92.0,32,173.0,59,16330.0,1169,3290.0,224,12928.0,964,123.0,26,224.0,53
MSSB175,y,1.0,2.0,34.3025325119781,F,1.0,399.3250368833542,1.0,0.0,0.0,1.0,2.0,1621.2297377586365,74,166.01153218746185,7,1124.6907405853271,68,25.42518961429596,3,61.31957495212555,6,1275.7462788820267,32,115.16115295886993,4,842.0224560499191,28,23.929590225219727,1,56.83277678489685,3
LBC360509,y,1.0,1.0,72.63013698630137,F,0.0,3503.0,0.0,N/A,N/A,1.0,1.0,6470.0,578,1536.0,113,4880.0,471,48.0,16,89.0,32,7874.0,842,2144.0,175,5693.0,674,73.0,24,125.0,38
MSS3_ED_210,y,1.0,1.0,55.444,M,0.0,1959.345703125,0.0,0.0,0.0,1.0,1.0,5761.7578125,916,1530.615234375,156,3115.810546875,651,59.326171875,25,50.625,24,6091.611328125,851,1759.21875,169,3525.556640625,609,70.400390625,19,66.4453125,23
MSSB202,y,2.0,2.0,81.19644079397675,F,1.0,N/A,N/A,0.0,0.0,2.0,2.0,1242.8430923223495,124,385.8646423816681,28,815.1016670465469,94,32.903186559677124,8,40.38118350505829,10,976.6264010667801,92,248.26949858665466,20,707.4185110330582,73,29.911987781524658,3,37.38998472690582,12
LBC360700,n,1.0,1.0,73.38630136986302,M,0.0,0.0,0.0,N/A,N/A,1.0,1.0,N/A,N/A,N/A,N/A,N/A,N/A,N/A,N/A,N/A,N/A,4246.0,511,1129.0,109,3086.0,401,46.0,16,48.0,20
MSS3_ED_166,y,1.0,1.0,60.75,M,0.0,28596.796875,1.0,1.0,1.0,1.0,1.0,5880.387558102608,598,1329.6921556591988,126,3910.7662210464478,411,48.251767694950104,16,113.11479967832565,27,6315.444479942322,621,1464.9553077220917,136,4356.897319078445,436,61.69898164272308,15,124.9799884557724,32
LBC361032,n,2.0,3.0,73.77260273972603,M,0.0,9795.0,0.0,N/A,N/A,2.0,3.0,N/A,N/A,N/A,N/A,N/A,N/A,N/A,N/A,N/A,N/A,10886.0,964,2170.0,117,8681.0,854,71.0,20,115.0,37
LBC360951,y,2.0,3.0,73.24383561643836,F,1.0,7394.0,0.0,N/A,N/A,2.0,3.0,9099.0,585,1816.0,110,7246.0,489,60.0,20,118.0,41,9803.0,835,2007.0,152,7767.0,687,67.0,18,142.0,48
LBC360435,n,3.0,2.0,72.38630136986302,M,0.0,3806.0,0.0,N/A,N/A,3.0,2.0,N/A,N/A,N/A,N/A,N/A,N/A,N/A,N/A,N/A,N/A,12431.0,1116,2446.0,204,9927.0,921,84.0,31,195.0,55
LBC360022,y,2.0,3.0,71.6,F,1.0,4211.0,0.0,N/A,N/A,2.0,3.0,12480.0,671,1681.0,114,10675.0,572,57.0,24,163.0,49,13587.0,931,1935.0,157,11537.0,791,77.0,21,190.0,43
LBC360448,n,2.0,2.0,73.35890410958905,F,1.0,47900.0,1.0,N/A,N/A,2.0,2.0,N/A,N/A,N/A,N/A,N/A,N/A,N/A,N/A,N/A,N/A,11458.0,591,3519.0,139,7870.0,460,128.0,29,155.0,32
LBC360091,n,1.0,2.0,72.34794520547945,M,1.0,28461.0,0.0,N/A,N/A,1.0,2.0,N/A,N/A,N/A,N/A,N/A,N/A,N/A,N/A,N/A,N/A,21251.0,991,3839.0,184,17314.0,832,154.0,31,304.0,59
LBC360485,y,1.0,3.0,72.28767123287672,F,0.0,4072.0,0.0,N/A,N/A,1.0,3.0,11045.0,747,1664.0,125,9347.0,644,77.0,24,149.0,47,13320.0,1198,2174.0,206,11116.0,1015,100.0,23,205.0,60
MSSB109,y,2.0,1.0,55.04449007529091,M,1.0,11076.42055273056,1.0,0.0,0.0,2.0,1.0,3475.776581764221,249,1124.6919059753418,53,2291.2606382369995,199,50.8504319190979,6,77.77124881744385,14,3139.266370534897,209,1081.3194787502289,36,2013.078863620758,177,58.328436613082886,4,77.77124881744385,10
LBC360484,y,2.0,4.0,72.07397260273973,F,0.0,6588.0,0.0,N/A,N/A,2.0,3.0,13950.0,761,1978.0,143,11802.0,639,67.0,21,187.0,66,17444.0,1036,2557.0,191,14738.0,876,91.0,23,248.0,59
MSS3_ED_169,y,1.0,2.0,60.49,F,1.0,6453.896484375,1.0,0.0,0.0,1.0,2.0,7925.984326601028,677,1302.8040105700493,105,5972.173818945885,515,64.07232838869095,16,83.05672198534012,25,8446.47311770916,701,1521.9155533313751,95,6524.303266048431,581,70.400459587574,15,93.33993518352509,30
LBC361083,y,1.0,1.0,73.81917808219178,M,0.0,3362.0,0.0,N/A,N/A,1.0,1.0,8238.0,719,1478.0,137,6712.0,594,63.0,21,104.0,38,9368.0,1016,1595.0,169,7724.0,856,68.0,18,117.0,39
LBC360475,n,2.0,2.0,72.01917808219179,F,0.0,8469.0,0.0,N/A,N/A,2.0,2.0,N/A,N/A,N/A,N/A,N/A,N/A,N/A,N/A,N/A,N/A,15349.0,902,3062.0,236,12232.0,681,142.0,33,265.0,50
LBC361156,n,2.0,2.0,73.1013698630137,M,1.0,33229.0,0.0,N/A,N/A,2.0,2.0,N/A,N/A,N/A,N/A,N/A,N/A,N/A,N/A,N/A,N/A,13016.0,1077,3555.0,170,9403.0,912,119.0,32,154.0,42
LBC360141,n,1.0,2.0,72.11232876712329,M,1.0,11693.0,0.0,N/A,N/A,1.0,2.0,N/A,N/A,N/A,N/A,N/A,N/A,N/A,N/A,N/A,N/A,4145.0,430,1001.0,88,3110.0,345,38.0,10,63.0,18
MSSB331,y,4.0,3.0,82.52703627652295,M,1.0,111334.28683269024,1.0,1.0,1.0,3.0,3.0,8465.12088060379,126,2280.796703696251,47,5762.563737273216,84,113.66593408584595,11,192.93296706676483,8,8079.254946470261,130,2188.0692311525345,50,5578.60439658165,80,115.16153848171234,10,170.49890112876892,6
LBC360763,y,2.0,3.0,73.26849315068493,F,1.0,9987.0,0.0,N/A,N/A,2.0,3.0,15608.0,768,2620.0,152,12918.0,638,117.0,36,204.0,51,17239.0,1026,2738.0,219,14450.0,822,138.0,29,274.0,46
LBC361010,y,1.0,1.0,73.77260273972603,F,1.0,138.0,0.0,N/A,N/A,1.0,1.0,12136.0,618,2938.0,153,9140.0,486,96.0,33,171.0,49,13128.0,870,3016.0,218,10066.0,670,117.0,32,197.0,52
LBC360108,y,1.0,2.0,72.18630136986302,M,0.0,18082.0,1.0,N/A,N/A,1.0,2.0,10344.0,682,1643.0,118,8684.0,583,62.0,19,201.0,40,12414.0,822,2256.0,152,10131.0,680,75.0,17,256.0,40
MSS3_ED_191,y,1.0,3.0,81.385,F,0.0,23209.98046875,0.0,0.0,0.0,1.0,3.0,27002.01374578476,1689,3186.1996533870697,189,21866.758495092392,1393,101.24964141845703,33,253.91511636972427,73,27914.051531374454,1955,3190.154717504978,224,23187.749910473824,1691,108.36875683069229,30,275.27246260643005,78
LBC360945,y,1.0,2.0,73.68219178082192,F,1.0,4903.0,0.0,N/A,N/A,1.0,2.0,6551.0,593,1016.0,79,5498.0,517,32.0,12,94.0,31,6930.0,761,1318.0,114,5579.0,647,42.0,14,95.0,31
MSS3_ED_073,y,4.0,3.0,77.027,M,1.0,37444.306640625,1.0,1.0,1.0,3.0,3.0,25476.24983280897,1629,5414.503993093967,222,18565.934729278088,1320,182.72467821836472,48,243.63290429115295,69,26152.568446993828,1842,6375.588339567184,238,18632.38006681204,1528,203.29109221696854,47,276.06455713510513,73
MSSB253,y,1.0,2.0,83.24435318275151,M,1.0,N/A,1.0,1.0,0.0,1.0,2.0,7467.543820381165,373,1380.4412069320679,67,5955.489583969116,310,58.32850170135498,10,192.93273639678955,28,6576.164666175842,293,1045.4262228012085,44,5475.401146888733,253,47.859283447265625,7,254.25244331359863,31
LBC360461,y,1.0,3.0,72.78630136986301,F,1.0,7227.0,0.0,N/A,N/A,1.0,3.0,8401.0,568,1303.0,81,7071.0,494,54.0,13,134.0,40,9794.0,829,1717.0,126,8053.0,713,81.0,16,171.0,45
LBC360879,n,2.0,3.0,73.44657534246575,F,1.0,27187.0,0.0,N/A,N/A,2.0,3.0,N/A,N/A,N/A,N/A,N/A,N/A,N/A,N/A,N/A,N/A,16097.0,1223,3452.0,188,12607.0,1055,99.0,27,214.0,55
LBC360670,y,1.0,2.0,72.75616438356164,M,0.0,2791.0,0.0,N/A,N/A,1.0,2.0,12316.0,603,2659.0,158,9558.0,467,116.0,26,185.0,54,15122.0,767,3418.0,218,11657.0,577,165.0,32,234.0,49
LBC361197,n,2.0,2.0,73.82465753424657,M,0.0,10403.0,1.0,N/A,N/A,2.0,2.0,N/A,N/A,N/A,N/A,N/A,N/A,N/A,N/A,N/A,N/A,10721.0,686,3989.0,128,6643.0,560,151.0,26,147.0,31
MSSA131,n,1.0,1.0,71.0,M,0.0,4398.018838405609,1.0,N/A,0.0,1.0,1.0,N/A,N/A,N/A,N/A,N/A,N/A,N/A,N/A,N/A,N/A,22099.077872276306,518,4190.598285675049,90,17395.201608657837,429,502.7311701774597,27,1244.5233163833618,72
MSSB262,y,1.0,0.0,55.73990417522246,F,1.0,N/A,N/A,0.0,1.0,1.0,1.0,2044.4843648672104,194,532.4333825111389,46,1396.8898293972015,148,29.911987781524658,6,56.83277678489685,12,1319.1186611652374,115,361.93505215644836,20,822.5796639919281,93,19.442792057991028,3,46.36358106136322,11
MSSB061,y,3.0,2.0,96.87337440109516,F,1.0,N/A,0.0,0.0,1.0,3.0,2.0,7274.602966308594,200,1814.1639387607574,61,5257.037299871445,134,64.31084036827087,12,158.5336995124817,16,6621.025356054306,214,1390.9088730812073,69,5209.178069829941,150,53.841633796691895,9,160.0293004512787,15
MSS3_ED_020,y,2.0,2.0,76.025,M,1.0,21832.983490109444,1.0,1.0,0.0,2.0,2.0,36510.38404536247,2437,6664.355351030827,240,26534.02206468582,1986,171.65164524316788,50,236.51540058851242,82,42091.040069282055,2117,8171.251130700111,262,31407.50495105982,1809,191.42718040943146,45,289.5138348340988,79
MSSA197,n,2.0,3.0,73.0,M,0.0,4373.526181221008,1.0,N/A,N/A,2.0,3.0,N/A,N/A,N/A,N/A,N/A,N/A,N/A,N/A,N/A,N/A,18692.95715880394,347,2552.39550447464,64,15641.332781553268,268,277.74000668525696,17,917.5967309474945,37
LBC361283,y,1.0,2.0,73.06301369863014,M,0.0,1358.0,0.0,N/A,0.0,1.0,2.0,7622.0,542,1274.0,127,6241.0,433,41.0,16,144.0,39,9806.0,790,1667.0,201,8065.0,599,67.0,18,197.0,41
MSSA049,n,3.0,3.0,50.0,M,1.0,23987.109375,1.0,N/A,0.0,3.0,3.0,N/A,N/A,N/A,N/A,N/A,N/A,N/A,N/A,N/A,N/A,7628.90625,315,2833.59375,49,4735.546875,272,221.484375,16,348.046875,32
MSS3_ED_023,y,1.0,2.0,63.8,F,1.0,5534.741749823093,N/A,0.0,0.0,1.0,2.0,18539.049966573715,1423,2557.3558280467987,200,14643.294490814209,1136,79.89265036582947,31,234.14083671569824,62,18060.485080718994,1221,2409.435772418976,181,14777.767268657684,1021,72.77350330352783,22,257.0803105831146,58
LBC360913,y,1.0,2.0,72.88767123287671,M,1.0,28341.0,0.0,N/A,N/A,1.0,2.0,7377.0,622,1660.0,155,5669.0,485,63.0,21,106.0,40,8214.0,771,1837.0,181,6361.0,597,85.0,24,122.0,36
MSSB194,y,3.0,3.0,73.2375085557837,F,0.0,N/A,0.0,0.0,0.0,3.0,3.0,6751.158242940903,313,1944.2857146263123,75,4590.009890913963,239,122.63956046104431,8,180.96813189983368,23,5530.745055913925,217,1515.0472530126572,41,3969.33406662941,176,103.19670331478119,5,167.50769233703613,17
MSSB179,y,1.0,3.0,79.92881587953457,M,1.0,21041.63308811188,1.0,0.0,0.0,1.0,3.0,3371.0882778167725,191,352.962215423584,21,2892.495443344116,168,17.94723129272461,4,110.67459297180176,12,3028.595280647278,137,278.18208503723145,14,2690.5890913009644,123,23.929641723632812,3,107.68338775634766,12
MSS3_ED_129,y,1.0,1.0,76.26,M,1.0,18014.58984375,1.0,0.0,1.0,1.0,1.0,20430.280746936798,1662,3556.393922805786,246,15408.93096446991,1295,94.92154598236084,31,221.4836072921753,66,22409.39498066902,1853,3975.6307508945465,285,17475.847628235817,1519,105.9957263469696,31,242.84095513820648,65
MSSA193,n,1.0,1.0,52.0,M,0.0,1525.7779388427734,N/A,N/A,N/A,1.0,1.0,N/A,N/A,N/A,N/A,N/A,N/A,N/A,N/A,N/A,N/A,7801.154945373535,305,1328.9033660888672,64,6071.4711990356445,234,133.5934600830078,10,537.8894577026367,39
LBC360292,y,1.0,2.0,71.75342465753425,M,1.0,3516.0,0.0,N/A,N/A,1.0,2.0,5100.0,573,983.0,103,4058.0,472,33.0,15,69.0,25,6854.0,919,1266.0,138,5552.0,785,51.0,17,114.0,32
LBC361198,n,2.0,2.0,73.44109589041096,F,1.0,9205.0,0.0,N/A,N/A,2.0,2.0,N/A,N/A,N/A,N/A,N/A,N/A,N/A,N/A,N/A,N/A,5805.0,594,2067.0,141,3699.0,458,82.0,21,117.0,27
LBC360434,y,1.0,1.0,71.75068493150685,F,0.0,14300.0,1.0,N/A,N/A,1.0,1.0,9059.0,595,1553.0,134,7445.0,474,95.0,25,171.0,50,10700.0,782,1596.0,181,9069.0,608,110.0,19,268.0,42
MSS3_ED_177,y,1.0,1.0,43.707,F,1.0,6683.291015625,1.0,1.0,0.0,1.0,1.0,6490.280268788338,736,2006.8057333230972,167,3405.3207260370255,440,56.162083983421326,19,44.296854972839355,18,6933.248818516731,797,1786.1124737262726,180,4265.945336937904,578,50.624977111816406,16,58.53512978553772,24
LBC360241,y,1.0,1.0,72.96986301369863,F,0.0,16694.0,0.0,N/A,N/A,1.0,1.0,14293.0,700,2572.0,148,11683.0,581,102.0,32,178.0,59,18307.0,954,3532.0,189,14744.0,786,152.0,34,238.0,56
MSS3_ED_144,y,2.0,3.0,54.322,M,1.0,3749.4140625,1.0,1.0,0.0,2.0,3.0,11149.32994902134,956,2520.1678054332733,190,7897.475006103516,684,99.66765332221985,30,102.0406926870346,36,12072.44226193428,1066,2901.4361300468445,197,8632.326196074486,838,105.20474517345428,31,112.32386326789856,36
LBC360145,y,1.0,2.0,71.46575342465754,M,0.0,13896.0,0.0,N/A,N/A,1.0,2.0,9966.0,750,2080.0,146,7851.0,618,72.0,29,144.0,41,10476.0,985,2183.0,205,8265.0,785,80.0,20,179.0,45
MSSA209,n,1.0,3.0,56.0,M,1.0,6289.426253557205,1.0,N/A,N/A,1.0,3.0,N/A,N/A,N/A,N/A,N/A,N/A,N/A,N/A,N/A,N/A,17261.644999980927,464,3139.4397118091583,52,14009.705768823624,410,397.2639276981354,14,657.4190661907196,57
MSS3_ED_126,y,2.0,3.0,80.405,M,0.0,17421.328125,1.0,0.0,0.0,2.0,3.0,24595.69157600403,1554,2862.6682901382446,204,20394.6329164505,1260,83.8471508026123,24,232.55719184875488,81,29546.628527641296,1952,3443.2702589035034,212,25073.462133407593,1705,92.5482702255249,25,288.71896266937256,86
LBC360660,y,2.0,3.0,72.31232876712329,M,0.0,15562.0,1.0,N/A,N/A,2.0,3.0,11716.0,676,2864.0,127,8799.0,562,89.0,26,128.0,48,13757.0,886,3652.0,160,10075.0,730,120.0,28,165.0,45
MSSA116,n,3.0,2.0,74.0,M,1.0,18513.28125,1.0,N/A,0.0,3.0,2.0,N/A,N/A,N/A,N/A,N/A,N/A,N/A,N/A,N/A,N/A,11471.484375,228,3926.953125,40,7396.875,191,650.390625,21,537.890625,38
LBC361126,n,1.0,2.0,73.44657534246575,M,1.0,30228.0,0.0,N/A,N/A,1.0,2.0,N/A,N/A,N/A,N/A,N/A,N/A,N/A,N/A,N/A,N/A,18028.0,1122,4025.0,243,13922.0,911,124.0,34,255.0,69
MSS3_ED_163,y,3.0,2.0,70.672,F,1.0,27982.96875,1.0,1.0,1.0,3.0,2.0,15771.27903842926,1262,4524.612102508545,186,10476.217252731323,1035,115.4883508682251,37,157.41220426559448,53,17128.662669181824,1606,5157.4249839782715,212,11222.145436763763,1368,138.42781782150269,38,150.29305934906006,54
MSS3_ED_124,y,1.0,1.0,56.517,M,1.0,9224.82421875,1.0,0.0,0.0,1.0,1.0,10029.327162921429,1859,1066.2933208942413,280,7846.906337738037,1421,37.177882850170135,17,95.71327286958694,43,8929.811053097248,1193,1688.0340851545334,156,6581.27628326416,998,53.78927731513977,17,83.05697232484818,31
MSSB064,y,1.0,2.0,51.93429158110884,F,1.0,N/A,N/A,1.0,0.0,1.0,2.0,7350.870997309685,289,765.7468872070312,36,6440.050969362259,256,62.81517434120178,8,155.54233646392822,24,6659.904079556465,226,598.2397556304932,10,5988.379953861237,217,46.36358106136322,5,161.52473402023315,19
LBC361124,y,1.0,2.0,73.52876712328766,F,0.0,3960.0,0.0,N/A,N/A,1.0,2.0,9020.0,615,1219.0,118,7719.0,506,37.0,16,127.0,41,9857.0,787,1205.0,127,8620.0,669,39.0,13,141.0,40
LBC361285,y,1.0,2.0,73.43835616438356,M,1.0,3713.0,0.0,N/A,N/A,1.0,2.0,7297.0,602,1228.0,120,6020.0,490,43.0,17,135.0,44,10211.0,995,1996.0,197,8179.0,809,94.0,24,198.0,47
MSS3_ED_083,y,1.0,2.0,52.986,F,1.0,1627.91015625,1.0,1.0,0.0,1.0,2.0,8850.679830372334,807,1658.7608905434608,150,6430.170376360416,619,62.490276753902435,21,85.42974543571472,27,9383.824723184109,853,1613.672969341278,134,7248.081087291241,712,55.37113130092621,20,100.45905250310898,31
MSSA211,n,1.0,2.0,71.0,F,1.0,2882.8125,N/A,N/A,N/A,1.0,2.0,N/A,N/A,N/A,N/A,N/A,N/A,N/A,N/A,N/A,N/A,9696.09375,346,1251.5625,60,8360.15625,296,186.328125,14,625.78125,41
MSSA175,n,3.0,3.0,70.0,M,0.0,77403.515625,N/A,N/A,N/A,3.0,3.0,N/A,N/A,N/A,N/A,N/A,N/A,N/A,N/A,N/A,N/A,20619.140625,315,5231.25,64,14737.5,234,682.03125,25,1325.390625,41
LBC361096,y,2.0,3.0,73.59178082191781,F,0.0,14858.0,1.0,N/A,N/A,2.0,3.0,10621.0,770,2877.0,136,7664.0,659,80.0,27,166.0,43,12315.0,1093,3515.0,192,8747.0,921,111.0,26,220.0,44
MSSA185,n,1.0,1.0,49.0,M,0.0,3779.296875,N/A,N/A,0.0,1.0,1.0,N/A,N/A,N/A,N/A,N/A,N/A,N/A,N/A,N/A,N/A,9007.03125,431,2605.078125,76,6250.78125,354,298.828125,16,460.546875,46
LBC360620,n,3.0,2.0,72.64931506849315,M,0.0,13142.0,0.0,N/A,N/A,3.0,2.0,N/A,N/A,N/A,N/A,N/A,N/A,N/A,N/A,N/A,N/A,11649.0,879,3784.0,149,7823.0,740,127.0,29,145.0,39
MSS3_ED_045,y,3.0,2.0,54.037,F,1.0,6548.020436048508,1.0,1.0,1.0,3.0,2.0,14105.375744819641,1237,5095.717280626297,199,7948.11661529541,975,136.05454397201538,48,97.2948192358017,37,14532.523731708527,1340,5391.556812286377,206,8315.938492894173,1091,158.9939728975296,43,95.71278965473175,36
LBC360407,y,1.0,1.0,72.14794520547945,M,1.0,34042.0,0.0,N/A,N/A,1.0,1.0,9619.0,600,2195.0,154,7375.0,467,68.0,28,126.0,38,10416.0,758,2384.0,171,7985.0,599,77.0,25,154.0,36
MSS3_ED_121,y,2.0,3.0,70.847,F,1.0,14506.435546875,1.0,1.0,0.0,2.0,3.0,25305.296959638596,1885,3433.7874433994293,227,20476.95359301567,1557,85.42940425872803,28,238.88592672348022,81,24532.477256298065,1774,3438.533521413803,262,20127.325845956802,1480,87.01143026351929,29,220.69262766838074,64
MSSA056,n,1.0,1.0,56.0,M,1.0,411.33735823631287,1.0,N/A,N/A,1.0,1.0,N/A,N/A,N/A,N/A,N/A,N/A,N/A,N/A,N/A,N/A,7070.080576181412,284,1944.1842658519745,43,4285.643074274063,234,232.03645849227905,13,541.4184031486511,45
LBC360376,y,1.0,2.0,73.06575342465753,F,1.0,3074.0,0.0,N/A,N/A,1.0,2.0,6340.0,423,1242.0,81,5064.0,353,64.0,16,100.0,29,8186.0,681,1742.0,124,6410.0,567,81.0,18,119.0,34
MSS3_ED_040,y,1.0,2.0,69.892,F,1.0,8014.518375873566,1.0,0.0,0.0,1.0,2.0,9150.408073425293,890,2327.9435477256775,163,6054.393446922302,671,66.44487190246582,26,88.5931625366211,26,10639.880618572235,1044,2170.532482147217,142,7927.506026268005,874,71.19093418121338,26,112.32347393035889,34
MSS3_ED_101,y,2.0,2.0,68.827,M,1.0,9971.54296875,1.0,1.0,0.0,2.0,2.0,15819.514332175255,1607,3953.4943063259125,264,10609.887781262398,1267,109.16010689735413,33,125.77142751216888,44,13891.019110321999,1267,3618.103832960129,227,9333.98015499115,1028,102.83198475837708,29,100.45893895626068,35
MSSB161,y,3.0,4.0,68.8952772073922,F,1.0,N/A,1.0,1.0,0.0,3.0,3.0,6941.069019198418,170,442.69692516326904,36,6356.290310621262,134,29.911954402923584,4,281.1723713874817,16,5879.19463789463,118,210.87927854061127,16,5626.438623189926,104,20.93836808204651,3,252.75601470470428,18
MSSB013,y,3.0,2.0,57.64544832306639,M,1.0,N/A,1.0,1.0,1.0,3.0,2.0,9895.666809082031,458,1683.0059967041016,84,8008.435043334961,364,42.701751708984375,11,136.45994567871094,21,8866.18327331543,329,1521.4819793701172,63,7237.946914672852,268,37.1319580078125,7,124.39205932617188,16
LBC360547,y,1.0,1.0,72.9972602739726,M,1.0,4470.0,0.0,N/A,N/A,1.0,1.0,9503.0,749,1386.0,141,8068.0,620,49.0,21,136.0,50,10426.0,1066,1588.0,213,8813.0,860,74.0,24,164.0,46
LBC360277,y,2.0,3.0,72.07397260273973,F,1.0,3806.0,0.0,N/A,N/A,2.0,3.0,7169.0,562,848.0,100,6277.0,475,34.0,16,96.0,33,8179.0,695,1037.0,132,7110.0,574,41.0,17,118.0,31
LBC361157,y,1.0,2.0,73.86575342465754,F,0.0,1940.0,0.0,N/A,N/A,1.0,2.0,11489.0,758,1644.0,109,9750.0,662,86.0,20,156.0,45,12951.0,1068,1890.0,166,11017.0,913,105.0,22,205.0,51
MSSB255,y,1.0,1.0,63.77823408624231,F,1.0,N/A,0.0,0.0,0.0,1.0,1.0,2171.607889652252,174,659.558594584465,48,1346.0379481315613,126,35.8943452835083,6,47.859127044677734,11,1247.3284986019135,100,381.3774186372757,22,749.2944577932358,75,44.867931604385376,4,50.85032248497009,5
LBC360871,y,3.0,1.0,73.07123287671233,M,0.0,12334.0,0.0,N/A,N/A,3.0,1.0,10268.0,736,2128.0,127,8020.0,623,78.0,23,151.0,51,13495.0,1017,2722.0,183,10644.0,844,91.0,24,222.0,50
MSSB066,y,3.0,3.0,79.2662559890486,F,1.0,N/A,N/A,0.0,0.0,3.0,3.0,6707.763260006905,212,2654.6889156103134,68,3873.6024177074432,141,154.046737074852,11,97.21396028995514,13,6585.1241101026535,173,2527.5629675388336,70,3991.7547694444656,105,170.49833035469055,11,116.65675234794617,8
LBC360221,y,2.0,3.0,73.23835616438356,F,1.0,4420.0,0.0,N/A,N/A,2.0,3.0,10654.0,692,2136.0,138,8452.0,568,88.0,27,125.0,45,11790.0,985,2359.0,191,9405.0,809,111.0,25,145.0,41
LBC361046,n,3.0,2.0,73.34794520547945,F,0.0,15234.0,0.0,N/A,N/A,3.0,2.0,N/A,N/A,N/A,N/A,N/A,N/A,N/A,N/A,N/A,N/A,16483.0,634,5293.0,125,11122.0,525,194.0,34,244.0,51
LBC360202,n,3.0,2.0,71.8027397260274,M,1.0,25047.0,1.0,N/A,N/A,3.0,2.0,N/A,N/A,N/A,N/A,N/A,N/A,N/A,N/A,N/A,N/A,13948.0,955,4288.0,152,9642.0,821,124.0,26,192.0,44
MSSB242,y,2.0,4.0,52.1943874058864,M,1.0,5050.6500062942505,1.0,0.0,0.0,2.0,3.0,6375.7539167404175,425,1302.6698713302612,75,4842.76124382019,347,110.67459297180176,9,131.61302947998047,23,5841.82378578186,495,916.8043985366821,44,4766.485510826111,455,97.2141695022583,6,157.03827381134033,31
LBC361022,y,1.0,2.0,73.76712328767124,F,1.0,12703.0,0.0,N/A,N/A,1.0,2.0,7446.0,564,1684.0,125,5735.0,445,52.0,21,134.0,37,8649.0,717,1929.0,149,6702.0,571,72.0,18,164.0,33
LBC360074,n,1.0,2.0,71.26575342465753,M,0.0,2590.0,0.0,N/A,N/A,1.0,2.0,N/A,N/A,N/A,N/A,N/A,N/A,N/A,N/A,N/A,N/A,12938.0,1267,1657.0,166,11244.0,1112,74.0,22,204.0,63
LBC360324,y,1.0,1.0,71.78904109589041,F,0.0,2430.0,0.0,N/A,N/A,1.0,1.0,4993.0,444,1313.0,99,3642.0,352,44.0,14,75.0,26,5377.0,585,1538.0,119,3815.0,469,56.0,15,94.0,27
LBC360498,y,1.0,1.0,72.4,M,0.0,2276.0,0.0,N/A,N/A,1.0,1.0,6978.0,611,1599.0,143,5353.0,488,82.0,19,78.0,26,8045.0,790,1901.0,187,6126.0,612,114.0,23,124.0,30
MSS3_ED_084,y,2.0,3.0,63.028,M,1.0,3367.353515625,1.0,0.0,0.0,2.0,3.0,22871.380972623825,1747,2883.2463043928146,214,18542.160938620567,1397,99.66777348518372,32,262.6166729927063,79,21431.735355615616,1876,2774.08636200428,246,17735.326581835747,1601,90.96661865711212,29,262.6166729927063,73
LBC360944,y,2.0,2.0,73.04109589041096,M,0.0,15654.0,0.0,N/A,N/A,2.0,2.0,10334.0,731,1482.0,147,8792.0,605,50.0,19,150.0,53,11280.0,1082,1434.0,194,9793.0,895,58.0,19,184.0,57
LBC360234,y,2.0,2.0,71.87945205479453,F,0.0,3244.0,0.0,N/A,N/A,2.0,2.0,6723.0,546,1435.0,93,5271.0,464,47.0,20,112.0,32,7490.0,766,1508.0,134,5967.0,639,50.0,18,124.0,32
MSS3_ED_189,y,2.0,2.0,85.665,F,1.0,7954.453125,1.0,0.0,0.0,2.0,2.0,17790.71097278595,1372,3002.691692352295,182,13728.059620857239,1114,87.0116138458252,30,165.32206630706787,59,19606.089643478394,1523,2950.4847240448,213,15713.506445884705,1277,83.84755516052246,26,210.40990257263184,62
MSS3_ED_173,y,1.0,2.0,51.97,M,1.0,5058.544921875,1.0,0.0,0.0,1.0,2.0,14004.937972426414,1151,1337.608026623726,149,11241.128129124641,893,50.625022888183594,18,121.81646132469177,41,13443.316624760628,1009,1182.5688940286636,115,11332.885983109474,884,38.759783148765564,15,128.9356051683426,37
LBC360085,y,1.0,2.0,71.3013698630137,M,0.0,4498.0,0.0,N/A,N/A,1.0,2.0,9045.0,727,1544.0,118,7475.0,625,55.0,17,130.0,42,12413.0,956,2062.0,158,10339.0,809,83.0,20,205.0,53
MSSB200,y,3.0,3.0,63.373032169746736,M,1.0,16509.957186698914,1.0,0.0,0.0,3.0,3.0,4579.5351848602295,212,798.6517925262451,33,3689.6516332626343,177,34.39885997772217,5,152.55146598815918,14,4036.63143825531,159,670.0299682617188,35,3356.132251739502,124,29.912052154541016,4,188.4459285736084,12
MSSA032,n,1.0,3.0,73.0,M,1.0,58524.609375,1.0,N/A,N/A,1.0,3.0,N/A,N/A,N/A,N/A,N/A,N/A,N/A,N/A,N/A,N/A,10153.125,251,411.328125,25,9604.6875,224,49.21875,4,773.4375,30
LBC360782,y,1.0,1.0,73.04657534246576,M,1.0,4161.0,0.0,N/A,N/A,1.0,1.0,4329.0,441,969.0,89,3322.0,356,53.0,20,47.0,22,5219.0,646,1201.0,125,3986.0,525,70.0,19,61.0,22
LBC361077,y,1.0,3.0,73.1945205479452,M,0.0,23290.0,0.0,N/A,N/A,1.0,3.0,12838.0,757,1921.0,131,10880.0,642,57.0,23,185.0,58,15259.0,1046,2023.0,151,13216.0,908,70.0,19,254.0,61
MSSB207,y,3.0,4.0,64.27652292950035,M,1.0,29720.61502075196,1.0,1.0,0.0,3.0,3.0,7635.051312446594,239,2037.0107517242432,54,5375.1957721710205,181,82.2581434249878,11,201.90635204315186,13,6350.328672409058,199,1685.5441389083862,45,4585.517595291138,154,71.78892517089844,8,206.393159866333,12
MSS3_ED_104,y,1.0,1.0,40.214,M,0.0,1052.841796875,1.0,1.0,0.0,1.0,1.0,5079.118982553482,566,1275.1191091537476,121,2743.2463216781616,337,53.789143562316895,18,52.2071099281311,19,4756.384121179581,497,1153.3025193214417,86,3022.4752581119537,348,44.29694175720215,15,54.58016037940979,20
LBC361236,y,1.0,3.0,73.74246575342465,F,1.0,1904.0,0.0,N/A,N/A,1.0,3.0,7999.0,590,1098.0,86,6868.0,512,40.0,13,114.0,35,9043.0,882,1232.0,117,7798.0,771,49.0,11,128.0,43
MSS3_ED_218,y,1.0,2.0,44.23,M,1.0,2068.505859375,1.0,1.0,0.0,1.0,2.0,10077.532987594604,1277,1565.418978214264,187,7289.99560546875,945,64.86324214935303,21,100.45892381668091,40,10200.140335559845,1285,1357.3819942474365,166,8175.932571411133,1061,69.60933303833008,19,116.27922677993774,45
MSS3_ED_103,y,2.0,1.0,73.969,M,0.0,11892.919921875,1.0,1.0,0.0,2.0,1.0,14740.528410375118,1569,3191.7377051711082,208,10070.387292325497,1239,89.38447600603104,29,106.78676337003708,45,17249.62184303999,1787,3989.078871667385,235,11966.445601940155,1497,103.62271112203598,31,151.08349484205246,55
LBC360107,y,1.0,2.0,71.83013698630137,M,0.0,1474.0,0.0,N/A,N/A,1.0,2.0,8157.0,642,1655.0,131,6449.0,514,69.0,23,78.0,32,9815.0,1055,1587.0,171,8208.0,891,77.0,24,112.0,35
LBC360146,y,2.0,3.0,72.17260273972603,M,1.0,9383.0,0.0,N/A,0.0,2.0,3.0,10966.0,751,2618.0,139,8308.0,630,85.0,30,126.0,44,13190.0,1025,3341.0,197,9813.0,845,115.0,30,166.0,47
LBC360118,y,2.0,2.0,71.99178082191781,M,1.0,4562.0,0.0,N/A,N/A,2.0,2.0,11784.0,889,2251.0,152,9495.0,752,56.0,20,153.0,52,12317.0,1250,2240.0,206,10048.0,1057,58.0,17,180.0,51
LBC360069,y,1.0,1.0,71.4876712328767,M,0.0,1857.0,0.0,N/A,N/A,1.0,1.0,4482.0,486,884.0,78,3532.0,415,42.0,14,55.0,26,4916.0,640,1134.0,104,3744.0,541,58.0,15,81.0,24
LBC361073,y,2.0,2.0,73.5123287671233,M,1.0,15657.0,0.0,N/A,N/A,2.0,2.0,6948.0,559,1682.0,139,5224.0,445,75.0,22,110.0,36,8545.0,689,2464.0,175,6026.0,535,110.0,24,135.0,30
MSSA176,n,1.0,3.0,78.0,M,0.0,10167.1875,1.0,N/A,N/A,1.0,3.0,N/A,N/A,N/A,N/A,N/A,N/A,N/A,N/A,N/A,N/A,13303.125,438,2738.671875,76,10342.96875,363,337.5,21,720.703125,43
LBC360061,n,2.0,2.0,71.9972602739726,M,1.0,11971.0,0.0,N/A,N/A,2.0,2.0,N/A,N/A,N/A,N/A,N/A,N/A,N/A,N/A,N/A,N/A,14011.0,1062,2707.0,199,11266.0,875,68.0,22,180.0,44
MSSA180,n,1.0,1.0,64.0,M,1.0,11130.46875,1.0,N/A,N/A,1.0,1.0,N/A,N/A,N/A,N/A,N/A,N/A,N/A,N/A,N/A,N/A,4858.59375,163,1525.78125,39,3255.46875,124,179.296875,10,323.4375,20
MSS3_ED_226,y,1.0,2.0,68.89,M,1.0,2993.994140625,1.0,0.0,0.0,1.0,2.0,9134.611956834793,906,2633.2804991602898,182,5653.366094172001,626,70.4001094698906,26,80.68327152729034,24,9451.807955682278,944,2441.8554823994637,166,6364.486301064491,716,72.77314686775208,22,97.29453331232071,27
LBC361030,y,2.0,2.0,72.82739726027397,F,1.0,34801.0,0.0,N/A,N/A,2.0,2.0,9536.0,636,1682.0,121,7810.0,527,60.0,25,108.0,30,12835.0,882,2527.0,172,10246.0,723,95.0,25,146.0,38
MSS3_ED_221,y,2.0,3.0,62.39,M,0.0,23838.046875,1.0,0.0,0.0,2.0,3.0,15426.407642126083,1119,2794.66199362278,196,11752.135080456734,870,60.11726903915405,28,116.27945458889008,43,17116.81032550335,1356,2752.7381086349487,193,13749.452242612839,1134,67.2364193201065,23,137.63690543174744,45
MSS3_ED_196,y,1.0,2.0,73.834,M,1.0,42214.921875,1.0,0.0,1.0,1.0,2.0,12789.91814815998,1109,2456.8919394016266,173,9439.179495453835,878,82.2655382156372,24,158.20295810699463,42,13770.776488423347,1154,2633.2882376909256,172,10127.362363219261,960,83.05655300617218,21,146.33773624897003,44
MSS3_ED_175,y,1.0,1.0,41.903,M,0.0,2656.23046875,1.0,0.0,0.0,1.0,1.0,5034.021540880203,541,1034.6480476856232,117,3337.2936645150185,339,42.71482765674591,16,50.62498092651367,22,5193.806636929512,503,1024.364848434925,107,3842.7524584531784,372,48.25193494558334,15,59.32614952325821,21
LBC360119,y,1.0,1.0,72.0958904109589,M,1.0,2548.0,0.0,N/A,N/A,1.0,1.0,8311.0,743,1023.0,112,7271.0,649,73.0,25,136.0,47,9482.0,1002,1317.0,185,8155.0,838,102.0,26,169.0,48
MSSB246,y,3.0,4.0,39.56741957563312,M,1.0,N/A,1.0,1.0,1.0,3.0,3.0,5482.879159927368,312,1452.2301321029663,56,3966.3381156921387,267,122.63941383361816,8,170.4986972808838,14,4989.330299377441,261,1269.766613960266,27,3683.669222831726,238,130.11742687225342,5,125.63061904907227,14
MSSA120,n,2.0,2.0,92.0,M,0.0,25910.514707565308,1.0,N/A,0.0,2.0,2.0,N/A,N/A,N/A,N/A,N/A,N/A,N/A,N/A,N/A,N/A,9411.458327293396,283,2432.8461570739746,81,6015.317593574524,185,316.4106273651123,23,629.3055810928345,26
LBC360155,y,1.0,2.0,71.45479452054795,M,0.0,4044.0,0.0,N/A,0.0,1.0,2.0,7818.0,634,1207.0,88,6517.0,550,61.0,14,153.0,44,9724.0,946,1552.0,131,8063.0,816,69.0,13,158.0,42
MSS3_ED_111,y,1.0,1.0,62.634,F,0.0,1941.15234375,1.0,0.0,0.0,1.0,1.0,4663.0332443118095,532,1417.4988250732422,108,2809.6851711273193,367,50.62495803833008,18,50.62495803833008,21,4464.488487005234,512,1244.2665467858315,97,2964.724105119705,403,43.50582331418991,16,53.78901791572571,17
LBC360588,y,2.0,3.0,72.93972602739726,F,1.0,16911.0,0.0,N/A,N/A,2.0,3.0,8551.0,520,1424.0,121,7110.0,414,60.0,19,137.0,44,9670.0,617,1763.0,165,7898.0,465,86.0,18,192.0,33
LBC361179,y,1.0,1.0,73.74520547945205,F,0.0,50.0,0.0,N/A,N/A,1.0,1.0,7675.0,525,1375.0,107,6272.0,427,51.0,17,124.0,35,8724.0,811,1505.0,154,7195.0,662,62.0,19,142.0,40
LBC360627,y,2.0,2.0,72.85479452054794,M,1.0,16194.0,0.0,N/A,N/A,2.0,2.0,9941.0,801,2152.0,147,7738.0,670,75.0,26,109.0,43,13045.0,1119,2668.0,188,10345.0,945,105.0,26,192.0,49
LBC360367,y,1.0,1.0,71.84657534246575,M,0.0,32781.0,0.0,N/A,N/A,1.0,1.0,8694.0,526,3099.0,135,5554.0,402,114.0,31,96.0,29,10648.0,684,3945.0,160,6631.0,525,143.0,30,127.0,29
MSSB012,y,1.0,3.0,67.80835044490074,M,1.0,N/A,1.0,0.0,0.0,1.0,3.0,5905.831474661827,660,744.4949454069138,76,5033.231413960457,581,26.92064017057419,10,85.40341019630432,28,6758.008980751038,649,516.1336529254913,53,6184.3208557367325,603,29.705533981323242,7,122.53532767295837,33
LBC360971,y,2.0,3.0,72.72602739726027,F,0.0,14236.0,0.0,N/A,N/A,2.0,3.0,12722.0,782,2214.0,114,10425.0,685,91.0,26,173.0,50,13328.0,1142,2462.0,191,10815.0,967,108.0,25,202.0,56
MSSB009,y,2.0,3.0,75.1978097193703,F,1.0,N/A,1.0,0.0,0.0,2.0,3.0,3974.976104736328,374,782.5560150146484,58,3131.152359008789,318,31.562164306640625,8,72.40731811523438,17,4232.11491394043,351,770.4881286621094,46,3430.0646209716797,311,28.777267456054688,7,64.05262756347656,16
MSSB010,y,3.0,4.0,68.00547570157424,M,1.0,N/A,1.0,1.0,1.0,3.0,3.0,12442.01879030466,444,2065.469805896282,80,10194.601981282234,350,55.69806218147278,15,237.6450653076172,27,12519.996077358723,356,1834.3228478431702,64,10601.197835206985,286,70.55087876319885,9,207.93943214416504,25
MSSA088,n,2.0,2.0,91.0,F,1.0,52369.14066314697,1.0,N/A,0.0,2.0,2.0,N/A,N/A,N/A,N/A,N/A,N/A,N/A,N/A,N/A,N/A,12055.168054103851,304,2067.2029209136963,65,8929.754114151001,238,260.1581907272339,16,569.5354986190796,24
LBC360213,n,2.0,2.0,72.48493150684932,F,1.0,6380.0,0.0,N/A,N/A,2.0,2.0,N/A,N/A,N/A,N/A,N/A,N/A,N/A,N/A,N/A,N/A,7040.0,495,3367.0,120,3640.0,382,114.0,21,89.0,21
LBC360263,y,1.0,2.0,72.08493150684932,F,0.0,9080.0,0.0,N/A,N/A,1.0,2.0,6242.0,497,1869.0,105,4292.0,409,60.0,21,67.0,26,7340.0,780,2296.0,165,4993.0,625,73.0,20,96.0,26
LBC360783,n,3.0,3.0,73.02191780821917,M,1.0,5867.0,0.0,N/A,N/A,3.0,3.0,N/A,N/A,N/A,N/A,N/A,N/A,N/A,N/A,N/A,N/A,19852.0,1216,4779.0,227,15028.0,1023,151.0,35,261.0,61
LBC360995,y,1.0,2.0,72.86027397260274,F,1.0,15631.0,0.0,N/A,0.0,1.0,2.0,5975.0,433,649.0,65,5275.0,373,38.0,11,160.0,35,7514.0,708,881.0,104,6603.0,611,39.0,11,203.0,37
MSS3_ED_229,y,1.0,1.0,49.303,M,0.0,2407.8515625,1.0,1.0,0.0,1.0,1.0,3289.838694393635,474,1229.2400411367416,109,1656.389090180397,290,64.07235735654831,19,33.22270381450653,16,3136.381443440914,365,1384.2793256044388,96,1464.172018110752,237,82.26574277877808,19,33.22270381450653,14
MSSB322,y,1.0,1.0,73.63175906913075,F,1.0,38777.98441314697,1.0,0.0,0.0,1.0,1.0,3229.0060300827026,118,444.1939744949341,37,2783.3164529800415,86,22.43403911590576,4,136.09983730316162,9,2695.0758991241455,74,225.83599376678467,15,2460.2662897109985,60,26.920846939086914,1,136.09983730316162,7
MSS3_ED_085,y,2.0,3.0,79.754,F,0.0,4785.64453125,1.0,1.0,0.0,2.0,3.0,22786.800845623016,1425,2517.0132360458374,173,18839.630497455597,1176,80.68364238739014,27,293.4669737815857,77,23866.537824630737,1667,2588.2046852111816,211,20034.855827331543,1434,71.9824652671814,25,326.68965005874634,77
MSS3_ED_192,y,2.0,2.0,76.55,F,1.0,4206.62109375,1.0,0.0,0.0,2.0,2.0,7206.172977685928,749,2641.2087346315384,190,4098.263687968254,515,70.40059220790863,24,64.86346697807312,25,7327.198714852333,805,2588.210536003113,184,4395.686414599419,595,75.93771743774414,22,75.14669954776764,30
MSSB198,y,1.0,0.0,57.59890485968515,M,1.0,N/A,0.0,0.0,0.0,1.0,1.0,2503.638765335083,192,447.1851797103882,28,2010.0899047851562,162,40.38127040863037,7,53.84169387817383,9,2541.0288305282593,239,219.85358333587646,20,2300.236810684204,220,16.45162868499756,4,64.31091213226318,14
LBC360083,y,2.0,2.0,71.9013698630137,F,0.0,14964.0,0.0,N/A,N/A,2.0,2.0,15973.0,572,3261.0,158,12658.0,450,115.0,31,205.0,62,18915.0,761,3666.0,227,15220.0,566,158.0,35,281.0,54
LBC360015,n,1.0,2.0,72.10958904109589,F,0.0,5162.0,0.0,N/A,N/A,1.0,2.0,N/A,N/A,N/A,N/A,N/A,N/A,N/A,N/A,N/A,N/A,18900.0,1374,3573.0,259,15303.0,1145,125.0,32,251.0,50
MSSA054,n,1.0,1.0,76.0,M,1.0,5624.969863891602,1.0,N/A,N/A,1.0,1.0,N/A,N/A,N/A,N/A,N/A,N/A,N/A,N/A,N/A,N/A,12318.684001922607,495,2239.441127061844,80,9780.416350841522,408,214.4519760608673,13,337.4981918334961,36
LBC360689,y,1.0,2.0,72.57534246575342,M,0.0,952.0,1.0,N/A,N/A,1.0,2.0,6500.0,537,1191.0,79,5286.0,462,37.0,16,81.0,25,8400.0,828,1755.0,127,6632.0,707,60.0,17,114.0,33
MSSB023,y,1.0,1.0,62.537987679671474,M,0.0,N/A,0.0,0.0,0.0,1.0,1.0,6893.532954931259,724,1265.2687069177628,107,5342.34879553318,594,48.27144002914429,12,89.11650466918945,36,8673.078157544136,717,1099.10355758667,97,7436.586655259132,626,43.629955410957336,11,131.8181631565094,39
MSSB168,y,1.0,1.0,47.31279945242984,F,1.0,N/A,N/A,0.0,0.0,1.0,1.0,1437.2725021839142,114,182.46331453323364,14,954.1933989524841,96,14.95600938796997,2,37.39002346992493,9,925.7769811153412,80,103.1964647769928,9,512.99112200737,69,8.973605632781982,1,34.39882159233093,5
LBC360947,n,2.0,3.0,72.73424657534247,M,1.0,20710.0,0.0,N/A,N/A,2.0,3.0,N/A,N/A,N/A,N/A,N/A,N/A,N/A,N/A,N/A,N/A,13396.0,1082,3404.0,215,9917.0,880,135.0,32,150.0,50
LBC360532,y,1.0,2.0,72.23287671232876,F,0.0,2050.0,0.0,N/A,N/A,1.0,2.0,8030.0,605,1765.0,128,6199.0,488,66.0,19,111.0,37,9556.0,898,2333.0,189,7177.0,721,90.0,22,154.0,38
MSS3_ED_165,y,3.0,3.0,77.999,M,1.0,91617.802734375,1.0,1.0,0.0,3.0,3.0,20976.911746263504,1366,4782.473261356354,228,14875.0264108181,1071,136.84549689292908,47,166.90404534339905,54,21553.561267852783,1393,5113.9083087444305,235,15327.486666440964,1130,145.54665565490723,40,188.26143503189087,56
LBC360842,y,1.0,2.0,73.92602739726027,M,1.0,3587.0,0.0,N/A,N/A,1.0,2.0,6553.0,567,1462.0,104,5083.0,467,57.0,19,81.0,31,9162.0,807,2042.0,145,7114.0,670,75.0,19,125.0,35
LBC360865,y,1.0,2.0,72.53150684931506,F,0.0,2951.0,0.0,N/A,N/A,1.0,2.0,12845.0,832,2439.0,146,10360.0,703,106.0,25,125.0,46,14326.0,1180,2816.0,220,11484.0,974,136.0,27,154.0,49
MSSB132,y,3.0,2.0,87.67967145790554,M,1.0,N/A,1.0,0.0,1.0,3.0,2.0,6582.125566363335,194,831.5523324012756,57,5430.515321850777,133,44.867931604385376,8,140.58618569374084,11,6009.311639547348,147,655.0718014240265,39,5222.627238750458,101,46.363529324531555,6,134.60379481315613,9
LBC360752,y,1.0,2.0,73.18082191780822,M,1.0,458.0,1.0,N/A,0.0,1.0,2.0,12692.0,684,1942.0,141,10656.0,555,66.0,23,201.0,58,14530.0,918,1999.0,196,12519.0,731,67.0,20,260.0,64
LBC361170,y,2.0,2.0,73.03013698630137,F,1.0,16232.0,0.0,N/A,N/A,2.0,2.0,11110.0,583,2618.0,127,8439.0,471,94.0,22,145.0,44,11335.0,889,2796.0,171,8510.0,733,108.0,23,179.0,43
LBC360649,y,1.0,2.0,73.78904109589041,F,1.0,2283.0,0.0,N/A,N/A,1.0,2.0,4920.0,453,1604.0,104,3290.0,356,55.0,14,81.0,22,6162.0,662,2064.0,143,4074.0,523,71.0,17,122.0,27
MSSA241,n,1.0,2.0,72.0,M,1.0,3445.3125,1.0,N/A,N/A,1.0,2.0,N/A,N/A,N/A,N/A,N/A,N/A,N/A,N/A,N/A,N/A,9836.71875,385,1796.484375,64,8005.078125,332,260.15625,16,544.921875,42
MSS3_ED_199,y,2.0,2.0,56.832,F,1.0,10268.96484375,1.0,1.0,0.0,2.0,2.0,10655.747396349907,829,3630.7535111904144,168,6292.515072226524,632,109.95092332363129,34,90.96659123897552,34,10361.490249037743,749,3361.0177928209305,138,6412.749175429344,611,109.15990948677063,31,83.05645287036896,29
LBC360602,y,2.0,2.0,72.28219178082192,F,0.0,2497.0,0.0,N/A,N/A,2.0,2.0,8778.0,629,1659.0,112,7084.0,531,54.0,20,119.0,39,9977.0,875,1892.0,148,8063.0,740,79.0,19,156.0,39
LBC360868,y,2.0,2.0,73.51506849315068,F,0.0,7473.0,0.0,N/A,N/A,2.0,2.0,5893.0,469,1710.0,91,4152.0,389,65.0,21,80.0,29,7081.0,689,2082.0,133,4996.0,569,71.0,22,100.0,32
MSS3_ED_158,y,1.0,1.0,49.555,M,1.0,1848.603515625,1.0,0.0,0.0,1.0,1.0,5191.413249313831,600,696.0907602310181,132,3947.942027628422,408,30.058464646339417,13,56.95288038253784,21,6031.4682349562645,503,1070.2395438551903,95,4462.099975526333,392,49.83377033472061,12,68.81806379556656,20
LBC360111,y,1.0,3.0,71.78082191780823,M,0.0,0.0,0.0,N/A,N/A,1.0,3.0,13814.0,718,1637.0,134,12044.0,607,59.0,20,210.0,59,15525.0,1018,2142.0,199,13298.0,846,76.0,24,246.0,54
MSS3_ED_230,y,1.0,2.0,53.955,M,1.0,2530.458984375,0.0,0.0,0.0,1.0,2.0,8743.107561707497,809,1730.7445349693298,155,5808.4356125593185,549,65.6543859243393,23,108.36928761005402,32,9031.828656435013,736,1503.722742676735,129,6757.655650019646,543,46.66998517513275,16,132.8908052444458,33
LBC361049,y,1.0,2.0,72.92876712328767,M,0.0,16545.0,1.0,N/A,N/A,1.0,2.0,9227.0,635,1896.0,134,7249.0,516,65.0,25,137.0,48,11070.0,904,2052.0,182,8975.0,733,81.0,27,175.0,42
LBC361000,n,1.0,2.0,74.12876712328767,F,0.0,6970.0,0.0,N/A,N/A,1.0,2.0,N/A,N/A,N/A,N/A,N/A,N/A,N/A,N/A,N/A,N/A,26916.0,773,5736.0,164,21138.0,631,212.0,34,366.0,72
LBC360237,y,1.0,2.0,72.2,F,0.0,20311.0,1.0,N/A,0.0,1.0,2.0,9565.0,680,1896.0,146,7617.0,546,56.0,22,139.0,40,9705.0,890,1951.0,192,7702.0,706,66.0,18,187.0,38
MSSB107,y,2.0,2.0,80.39972621492127,M,1.0,N/A,N/A,0.0,0.0,2.0,2.0,7801.063201904297,253,752.2881116867065,43,6945.578510284424,209,46.363680839538574,7,218.3579807281494,22,7519.889911651611,205,358.9446258544922,28,7131.033233642578,182,31.407654762268066,6,240.79201984405518,20
MSSB308,y,4.0,3.0,86.32169746748801,F,1.0,52458.20292830467,0.0,1.0,0.0,3.0,3.0,5473.899435997009,208,1546.451370716095,44,3345.6593000888824,158,71.78884506225586,12,116.65687322616577,12,5472.403835058212,223,1452.2285115718842,53,3747.9759526252747,169,101.7008638381958,14,131.61288261413574,13
MSSB324,y,1.0,1.0,49.28131416837783,F,1.0,146.56905555725098,1.0,0.0,0.0,1.0,1.0,2063.93159866333,193,496.54006576538086,32,1507.5674285888672,160,41.87687301635742,10,43.37247562408447,11,2016.0723152160645,199,397.8302936553955,23,1600.2947902679443,180,26.920846939086914,5,61.31970691680908,14
LBC361063,n,2.0,2.0,73.76164383561644,M,0.0,16727.0,0.0,N/A,N/A,2.0,2.0,N/A,N/A,N/A,N/A,N/A,N/A,N/A,N/A,N/A,N/A,12294.0,917,3166.0,125,9114.0,802,74.0,19,136.0,37
MSSA155,n,1.0,3.0,58.0,F,1.0,18819.140625,1.0,N/A,N/A,1.0,3.0,N/A,N/A,N/A,N/A,N/A,N/A,N/A,N/A,N/A,N/A,11260.546875,440,1736.71875,63,9123.046875,377,165.234375,15,576.5625,39
MSS3_ED_013,y,3.0,4.0,59.258,M,1.0,44084.80640912056,1.0,1.0,1.0,3.0,3.0,26513.209775209427,1640,4506.407186865807,204,20015.029146790504,1359,115.48805499076843,36,246.79639148712158,66,27000.474445581436,1931,4793.545296192169,256,20375.731565117836,1627,118.65211129188538,34,244.42334926128387,63
MSSB074,y,4.0,2.0,71.71800136892539,M,1.0,N/A,N/A,0.0,0.0,3.0,2.0,6538.774600982666,202,960.1768741607666,61,4515.224272727966,139,55.33729648590088,8,186.95032596588135,10,5523.2604303359985,158,732.8452777862549,46,4015.6930017471313,108,58.32850170135498,8,188.4459285736084,10
MSS3_ED_102,y,3.0,2.0,68.435,M,0.0,7199.82421875,1.0,1.0,0.0,3.0,2.0,23831.673855781555,1621,3633.1279215216637,229,18433.00238519907,1315,109.15995061397552,34,222.27497190237045,62,23383.168841302395,1650,3455.1497411727905,191,18553.23653370142,1409,113.11502128839493,28,233.34916979074478,61
LBC360831,y,1.0,2.0,72.98082191780821,M,1.0,986.0,0.0,N/A,N/A,1.0,2.0,8885.0,557,1379.0,103,7493.0,460,68.0,17,132.0,39,12649.0,908,2165.0,200,10464.0,713,99.0,21,182.0,42
LBC360636,n,2.0,2.0,72.71232876712328,M,1.0,9420.0,0.0,N/A,N/A,2.0,2.0,N/A,N/A,N/A,N/A,N/A,N/A,N/A,N/A,N/A,N/A,9716.0,904,2874.0,160,6818.0,754,142.0,32,142.0,34
MSSB213,y,1.0,2.0,67.39767282683096,M,1.0,3598.424176454544,1.0,0.0,0.0,1.0,2.0,2395.9582421779633,206,224.3406593799591,29,1927.834066271782,169,16.451648354530334,5,82.25824177265167,11,2421.383516907692,202,213.87142860889435,16,2060.942857503891,185,22.43406593799591,2,94.22307693958282,13
LBC361173,y,1.0,2.0,73.33424657534246,M,0.0,4952.0,1.0,N/A,N/A,1.0,2.0,7273.0,651,1007.0,91,6213.0,567,39.0,15,93.0,37,9259.0,942,1299.0,131,7914.0,817,57.0,18,129.0,44
LBC360542,n,2.0,2.0,72.18630136986302,M,0.0,34236.0,0.0,N/A,N/A,2.0,2.0,N/A,N/A,N/A,N/A,N/A,N/A,N/A,N/A,N/A,N/A,15277.0,578,4134.0,134,11089.0,464,150.0,29,225.0,34
LBC360336,y,2.0,3.0,72.30684931506849,F,0.0,10977.0,0.0,N/A,0.0,2.0,3.0,8375.0,607,2174.0,128,6158.0,489,87.0,22,106.0,33,9372.0,819,2574.0,182,6768.0,647,99.0,25,113.0,33
LBC361040,y,1.0,1.0,74.10958904109589,F,0.0,1285.0,0.0,N/A,N/A,1.0,1.0,9462.0,536,1692.0,120,7702.0,435,66.0,20,137.0,44,11236.0,784,2013.0,190,9169.0,607,84.0,21,184.0,44
LBC360963,y,1.0,1.0,73.40821917808219,F,0.0,32.0,0.0,N/A,N/A,1.0,1.0,4214.0,451,687.0,76,3462.0,380,39.0,16,52.0,22,5766.0,728,1033.0,126,4649.0,612,62.0,22,88.0,26
MSSA192,n,0.0,1.0,63.0,M,0.0,2049.609375,1.0,N/A,0.0,1.0,1.0,N/A,N/A,N/A,N/A,N/A,N/A,N/A,N/A,N/A,N/A,13144.921875,422,2141.015625,78,10814.0625,341,284.765625,19,706.640625,41
LBC360316,y,2.0,3.0,71.98082191780821,F,0.0,6322.0,0.0,N/A,N/A,2.0,3.0,12574.0,689,1880.0,119,10646.0,588,60.0,21,171.0,53,14721.0,1036,2178.0,177,12525.0,871,75.0,24,215.0,51
LBC360204,y,1.0,2.0,72.01643835616439,F,0.0,2908.0,1.0,N/A,N/A,1.0,2.0,7974.0,591,1494.0,116,6435.0,483,50.0,20,113.0,34,9484.0,859,1899.0,173,7547.0,696,71.0,20,141.0,40
LBC360709,y,1.0,1.0,72.87123287671233,F,0.0,2126.0,0.0,N/A,N/A,1.0,1.0,7254.0,622,1399.0,110,5810.0,515,56.0,18,84.0,31,9074.0,885,1837.0,164,7209.0,729,73.0,20,125.0,33
MSSB298,y,2.0,3.0,55.55920602327174,M,1.0,40822.38532483578,1.0,1.0,1.0,2.0,3.0,7012.865535378456,167,1014.0163857936859,34,5784.978436946869,136,34.39878594875336,4,263.225492477417,16,6374.244596242905,102,836.0400584936142,18,5378.1754031181335,88,35.89438533782959,4,297.62427842617035,9
LBC361280,y,2.0,3.0,73.4986301369863,M,1.0,21686.0,1.0,N/A,N/A,2.0,3.0,12571.0,709,2751.0,102,9772.0,618,97.0,29,157.0,56,14674.0,912,3393.0,132,11234.0,788,127.0,27,203.0,53
MSS3_ED_075,y,1.0,2.0,50.658,F,1.0,5329.86328125,1.0,1.0,1.0,1.0,2.0,9152.81834757328,979,2846.8579407930374,187,5272.105633616447,679,79.10135984420776,25,75.93730545043945,27,9416.225875854492,905,2743.2351593971252,164,5988.76395380497,697,77.51933264732361,22,85.42946863174438,32
MSS3_ED_188,y,3.0,4.0,78.097,M,1.0,26217.421875,1.0,1.0,1.0,3.0,3.0,40590.197191119194,1731,6345.530690789223,234,31258.580940902233,1314,155.83016031980515,52,343.3009623289108,96,44895.697508990765,1702,7073.265449643135,284,35190.72168684006,1345,180.35165762901306,47,405.7912296652794,89
LBC360268,y,2.0,2.0,71.61917808219178,F,1.0,506.0,0.0,N/A,N/A,2.0,2.0,15013.0,829,2861.0,165,12101.0,689,98.0,35,185.0,54,16822.0,1366,3515.0,261,13234.0,1136,122.0,34,240.0,60
MSSB312,y,1.0,0.0,34.7460643394935,F,1.0,N/A,N/A,0.0,0.0,1.0,1.0,931.7584193944931,104,252.75629675388336,19,565.336569070816,78,17.947192668914795,4,23.929590225219727,6,622.1693458557129,59,282.668284535408,9,246.77389919757843,49,22.433990836143494,3,16.451593279838562,6
MSSB263,y,4.0,3.0,83.89322381930187,F,1.0,96364.45983695984,1.0,0.0,1.0,3.0,3.0,7712.806049466133,168,4085.9775309562683,61,3559.5265460014343,108,197.41911935806274,20,118.1523517370224,10,6680.842471003532,144,4074.0127358436584,56,2605.3341357707977,89,216.86191141605377,16,127.1259480714798,9
LBC360304,y,2.0,2.0,72.33424657534246,F,0.0,10333.0,0.0,N/A,N/A,2.0,2.0,15310.0,584,2887.0,108,12376.0,500,113.0,29,248.0,62,17230.0,818,3506.0,152,13693.0,684,136.0,27,259.0,54
MSSB209,y,N/A,N/A,N/A,N/A,1.0,N/A,0.0,N/A,N/A,N/A,N/A,2910.4364111423492,238,886.8904377222061,47,1763.3116797208786,187,46.36358106136322,7,86.74476456642151,15,2077.3875514268875,176,616.186948299408,35,1292.1978721618652,139,62.81517434120178,7,95.7183609008789,13
VALDO1_101,y,N/A,N/A,N/A,N/A,N/A,N/A,N/A,N/A,N/A,N/A,N/A,3718.0,290,2235.0,146,1239.0,133,88.0,20,39.0,11,2971.0,152,2551.0,97,264.0,52,114.0,20,12.0,5
VALDO1_102,y,N/A,N/A,N/A,N/A,N/A,N/A,N/A,N/A,N/A,N/A,N/A,7406.0,439,2758.0,111,4302.0,331,104.0,15,82.0,16,7020.0,414,2884.0,78,3842.0,336,104.0,17,71.0,15
VALDO1_103,y,N/A,N/A,N/A,N/A,N/A,N/A,N/A,N/A,N/A,N/A,N/A,2846.0,240,1593.0,115,1078.0,124,92.0,17,33.0,12,2390.0,144,1493.0,68,734.0,72,98.0,13,31.0,7
VALDO1_104,y,N/A,N/A,N/A,N/A,N/A,N/A,N/A,N/A,N/A,N/A,N/A,997.0,123,551.0,67,397.0,55,40.0,7,27.0,5,679.0,40,600.0,34,44.0,5,52.0,7,7.0,2
VALDO1_105,y,N/A,N/A,N/A,N/A,N/A,N/A,N/A,N/A,N/A,N/A,N/A,4859.999710321426,351,2521.999849677086,153,2128.9998731017113,200,79.99999523162842,18,73.99999558925629,19,4242.999747097492,291,2928.9998254179955,100,1160.9999307990074,191,114.99999314546585,21,31.999998092651367,12
VALDO1_106,y,N/A,N/A,N/A,N/A,N/A,N/A,N/A,N/A,N/A,N/A,N/A,5015.0,310,3575.0,148,1263.0,156,121.0,24,46.0,15,4191.0,147,3886.0,113,145.0,34,169.0,28,9.0,2
