id,mask,bg,cso,age,sex,hyp,wmh,isl,lac,bld,bg_derivative,cso_derivative,vols_gt,counts_gt,BG_vols_gt,BG_counts_gt,CSO_vols_gt,CSO_counts_gt,BG_max_vols_gt,BG_max_counts_gt,CSO_max_vols_gt,CSO_max_counts_gt,vols_pred,counts_pred,BG_vols_pred,BG_counts_pred,CSO_vols_pred,CSO_counts_pred,BG_max_vols_pred,BG_max_counts_pred,CSO_max_vols_pred,CSO_max_counts_pred
MSSA028,n,4.0,2.0,85.0,F,1.0,101928.515625,1.0,N/A,1.0,3.0,2.0,N/A,N/A,N/A,N/A,N/A,N/A,N/A,N/A,N/A,N/A,27892.96875,310,7811.71875,50,19058.203125,269,1132.03125,22,935.15625,35
MSSA032,n,1.0,3.0,73.0,M,1.0,58524.609375,1.0,N/A,N/A,1.0,3.0,N/A,N/A,N/A,N/A,N/A,N/A,N/A,N/A,N/A,N/A,10153.125,251,411.328125,25,9604.6875,224,49.21875,4,773.4375,30
MSSA033,n,1.0,1.0,67.0,M,1.0,17437.5,1.0,N/A,N/A,1.0,1.0,N/A,N/A,N/A,N/A,N/A,N/A,N/A,N/A,N/A,N/A,16270.3125,491,4531.640625,95,11559.375,398,636.328125,27,1093.359375,53
MSSA034,n,1.0,1.0,68.0,F,0.0,18791.015625,1.0,N/A,0.0,1.0,1.0,N/A,N/A,N/A,N/A,N/A,N/A,N/A,N/A,N/A,N/A,7491.796875,263,1866.796875,66,5364.84375,193,189.84375,15,787.5,32
MSSA035,n,2.0,3.0,57.0,M,0.0,19908.899314641956,1.0,N/A,N/A,2.0,3.0,N/A,N/A,N/A,N/A,N/A,N/A,N/A,N/A,N/A,N/A,8556.994690418243,290,2281.6308767795563,60,5906.224765777588,224,242.57708859443665,13,544.9195468425751,25
MSSA040,n,2.0,2.0,77.0,F,1.0,15732.27037191391,1.0,N/A,0.0,2.0,2.0,N/A,N/A,N/A,N/A,N/A,N/A,N/A,N/A,N/A,N/A,9601.079415798187,258,2703.4895901679993,47,6503.84361743927,212,457.0268487930298,16,319.91879415512085,22
MSSA043,n,4.0,3.0,84.0,M,1.0,85019.35683703423,1.0,N/A,0.0,3.0,3.0,N/A,N/A,N/A,N/A,N/A,N/A,N/A,N/A,N/A,N/A,30041.368075609207,358,7259.850798845291,48,22693.62562060356,315,1160.169861316681,21,1216.4205212593079,34
MSSA044,n,1.0,2.0,72.0,M,1.0,18056.25,1.0,N/A,N/A,1.0,2.0,N/A,N/A,N/A,N/A,N/A,N/A,N/A,N/A,N/A,N/A,17071.875,490,2587.5,82,13872.65625,417,330.46875,18,696.09375,46
MSSA046,n,1.0,0.0,61.0,M,1.0,1283.2154822349548,1.0,N/A,N/A,1.0,1.0,N/A,N/A,N/A,N/A,N/A,N/A,N/A,N/A,N/A,N/A,3993.788459777832,248,2053.1447715759277,58,1873.8461699485779,185,288.28402614593506,14,246.09611988067627,24
MSSA048,n,0.0,1.0,54.0,M,1.0,5333.356839418411,1.0,N/A,0.0,1.0,1.0,N/A,N/A,N/A,N/A,N/A,N/A,N/A,N/A,N/A,N/A,8919.397693872452,338,1357.0703625679016,50,7418.182551860809,288,235.55366396903992,8,421.8871593475342,23
MSSA049,n,3.0,3.0,50.0,M,1.0,23987.109375,1.0,N/A,0.0,3.0,3.0,N/A,N/A,N/A,N/A,N/A,N/A,N/A,N/A,N/A,N/A,7628.90625,315,2833.59375,49,4735.546875,272,221.484375,16,348.046875,32
MSSA050,n,3.0,1.0,56.0,M,1.0,14737.5,1.0,N/A,N/A,3.0,1.0,N/A,N/A,N/A,N/A,N/A,N/A,N/A,N/A,N/A,N/A,19019.53125,776,2816.015625,88,15718.359375,689,393.75,23,738.28125,68
MSSA051,n,1.0,3.0,74.0,M,1.0,15700.78125,1.0,N/A,0.0,1.0,3.0,N/A,N/A,N/A,N/A,N/A,N/A,N/A,N/A,N/A,N/A,13819.921875,439,1532.8125,61,11900.390625,363,225.0,16,1163.671875,54
MSSA054,n,1.0,1.0,76.0,M,1.0,5624.969863891602,1.0,N/A,N/A,1.0,1.0,N/A,N/A,N/A,N/A,N/A,N/A,N/A,N/A,N/A,N/A,12318.684001922607,495,2239.441127061844,80,9780.416350841522,408,214.4519760608673,13,337.4981918334961,36
MSSA056,n,1.0,1.0,56.0,M,1.0,411.33735823631287,1.0,N/A,N/A,1.0,1.0,N/A,N/A,N/A,N/A,N/A,N/A,N/A,N/A,N/A,N/A,7070.080576181412,284,1944.1842658519745,43,4285.643074274063,234,232.03645849227905,13,541.4184031486511,45
MSSA059,n,3.0,1.0,75.0,M,1.0,24556.640625,N/A,N/A,0.0,3.0,1.0,N/A,N/A,N/A,N/A,N/A,N/A,N/A,N/A,N/A,N/A,15292.96875,326,4514.0625,62,10406.25,262,523.828125,22,636.328125,33
MSSA060,n,2.0,3.0,68.0,F,1.0,4728.515625,1.0,N/A,0.0,2.0,3.0,N/A,N/A,N/A,N/A,N/A,N/A,N/A,N/A,N/A,N/A,14104.6875,398,4612.5,62,9418.359375,348,393.75,19,611.71875,45
MSSA062,n,0.0,0.0,76.0,M,1.0,25927.734375,1.0,N/A,N/A,1.0,1.0,N/A,N/A,N/A,N/A,N/A,N/A,N/A,N/A,N/A,N/A,14512.5,389,2453.90625,77,11889.84375,312,376.171875,20,952.734375,42
MSSA066,n,1.0,3.0,83.0,M,0.0,4106.25,1.0,N/A,0.0,1.0,3.0,N/A,N/A,N/A,N/A,N/A,N/A,N/A,N/A,N/A,N/A,8697.65625,349,1455.46875,52,7003.125,289,130.078125,8,457.03125,35
MSSA072,n,1.0,0.0,51.0,M,0.0,1863.28125,N/A,N/A,N/A,1.0,1.0,N/A,N/A,N/A,N/A,N/A,N/A,N/A,N/A,N/A,N/A,10079.296875,579,2496.09375,87,7228.125,490,217.96875,18,639.84375,72
MSSA075,n,1.0,1.0,68.0,M,1.0,47569.921875,1.0,N/A,0.0,1.0,1.0,N/A,N/A,N/A,N/A,N/A,N/A,N/A,N/A,N/A,N/A,12083.203125,239,2622.65625,40,8423.4375,189,344.53125,8,555.46875,22
MSSA077,n,1.0,2.0,72.0,F,1.0,773.4292125701904,N/A,N/A,N/A,1.0,2.0,N/A,N/A,N/A,N/A,N/A,N/A,N/A,N/A,N/A,N/A,11316.675614833832,403,1845.6833481788635,64,9270.603788852692,341,193.3573031425476,15,639.8368940353394,44
MSSA079,n,1.0,3.0,67.0,M,1.0,16621.875,1.0,N/A,N/A,1.0,3.0,N/A,N/A,N/A,N/A,N/A,N/A,N/A,N/A,N/A,N/A,10736.71875,355,3076.171875,53,7544.53125,304,372.65625,16,450.0,39
MSSA081,n,3.0,2.0,80.0,M,1.0,20411.71875,0.0,N/A,0.0,3.0,2.0,N/A,N/A,N/A,N/A,N/A,N/A,N/A,N/A,N/A,N/A,11225.390625,261,4974.609375,54,5596.875,198,713.671875,19,636.328125,40
MSSA086,n,1.0,1.0,69.0,M,1.0,1560.9375,N/A,N/A,N/A,1.0,1.0,N/A,N/A,N/A,N/A,N/A,N/A,N/A,N/A,N/A,N/A,8022.65625,335,769.921875,48,7200.0,285,77.34375,10,615.234375,47
MSSA088,n,2.0,2.0,91.0,F,1.0,52369.14066314697,1.0,N/A,0.0,2.0,2.0,N/A,N/A,N/A,N/A,N/A,N/A,N/A,N/A,N/A,N/A,12055.168054103851,304,2067.2029209136963,65,8929.754114151001,238,260.1581907272339,16,569.5354986190796,24
MSSA090,n,4.0,4.0,75.0,M,1.0,26532.421875,1.0,N/A,N/A,3.0,3.0,N/A,N/A,N/A,N/A,N/A,N/A,N/A,N/A,N/A,N/A,21273.046875,296,6303.515625,58,14547.65625,242,861.328125,20,1174.21875,36
MSSA091,n,1.0,1.0,54.0,F,1.0,2478.5341143608093,N/A,N/A,N/A,1.0,1.0,N/A,N/A,N/A,N/A,N/A,N/A,N/A,N/A,N/A,N/A,7562.165787220001,358,1585.5587029457092,45,5723.4801959991455,307,186.32951498031616,10,460.55031061172485,49
MSSA092,n,1.0,1.0,65.0,F,1.0,4735.546875,N/A,N/A,N/A,1.0,1.0,N/A,N/A,N/A,N/A,N/A,N/A,N/A,N/A,N/A,N/A,3832.03125,181,882.421875,30,2889.84375,146,186.328125,12,203.90625,15
MSSA095,n,1.0,2.0,43.0,F,0.0,5143.359375,N/A,N/A,0.0,1.0,2.0,N/A,N/A,N/A,N/A,N/A,N/A,N/A,N/A,N/A,N/A,4591.40625,253,1480.078125,47,2879.296875,196,284.765625,10,348.046875,24
MSSA096,n,1.0,1.0,75.0,M,1.0,5392.96875,N/A,N/A,0.0,1.0,1.0,N/A,N/A,N/A,N/A,N/A,N/A,N/A,N/A,N/A,N/A,11137.5,413,1796.484375,62,9007.03125,344,355.078125,14,850.78125,40
MSSA097,n,1.0,1.0,72.0,F,1.0,5828.90625,1.0,N/A,0.0,1.0,1.0,N/A,N/A,N/A,N/A,N/A,N/A,N/A,N/A,N/A,N/A,8145.703125,296,1100.390625,33,6953.90625,260,291.796875,17,868.359375,39
MSSA102,n,0.0,1.0,65.0,M,1.0,428.90625,N/A,N/A,N/A,1.0,1.0,N/A,N/A,N/A,N/A,N/A,N/A,N/A,N/A,N/A,N/A,11756.25,491,1712.109375,79,9682.03125,409,189.84375,15,580.078125,48
MSSA105,n,1.0,1.0,61.0,M,1.0,2714.074095726013,N/A,N/A,N/A,1.0,1.0,N/A,N/A,N/A,N/A,N/A,N/A,N/A,N/A,N/A,N/A,6503.934037685394,257,1325.3962876796722,38,5059.005989313126,213,151.1725208759308,9,337.5014419555664,25
MSSA106,n,1.0,1.0,68.0,F,1.0,1596.09375,N/A,N/A,N/A,1.0,1.0,N/A,N/A,N/A,N/A,N/A,N/A,N/A,N/A,N/A,N/A,4078.125,235,1233.984375,38,2562.890625,188,179.296875,8,186.328125,15
MSSA107,n,3.0,2.0,81.0,M,1.0,32241.796875,1.0,N/A,1.0,3.0,2.0,N/A,N/A,N/A,N/A,N/A,N/A,N/A,N/A,N/A,N/A,13858.59375,363,3290.625,59,10409.765625,305,393.75,19,945.703125,39
MSSA108,n,0.0,2.0,60.0,M,1.0,5596.875,N/A,N/A,0.0,1.0,2.0,N/A,N/A,N/A,N/A,N/A,N/A,N/A,N/A,N/A,N/A,6366.796875,343,1673.4375,43,4471.875,290,274.21875,10,323.4375,34
MSSA110,n,1.0,1.0,55.0,M,0.0,1121.484375,N/A,N/A,0.0,1.0,1.0,N/A,N/A,N/A,N/A,N/A,N/A,N/A,N/A,N/A,N/A,9991.40625,456,1687.5,62,7969.921875,391,182.8125,14,541.40625,53
MSSA111,n,4.0,3.0,66.0,M,0.0,98511.328125,1.0,N/A,N/A,3.0,3.0,N/A,N/A,N/A,N/A,N/A,N/A,N/A,N/A,N/A,N/A,21304.6875,220,7713.28125,54,13025.390625,175,836.71875,19,903.515625,26
MSSA114,n,1.0,3.0,70.0,F,0.0,10807.03125,1.0,N/A,N/A,1.0,3.0,N/A,N/A,N/A,N/A,N/A,N/A,N/A,N/A,N/A,N/A,8585.15625,362,2274.609375,63,5969.53125,299,249.609375,14,495.703125,35
MSSA116,n,3.0,2.0,74.0,M,1.0,18513.28125,1.0,N/A,0.0,3.0,2.0,N/A,N/A,N/A,N/A,N/A,N/A,N/A,N/A,N/A,N/A,11471.484375,228,3926.953125,40,7396.875,191,650.390625,21,537.890625,38
MSSA117,n,4.0,2.0,81.0,M,0.0,36534.375,N/A,N/A,0.0,3.0,2.0,N/A,N/A,N/A,N/A,N/A,N/A,N/A,N/A,N/A,N/A,22816.40625,351,6169.921875,51,16235.15625,295,826.171875,26,892.96875,32
MSSA120,n,2.0,2.0,92.0,M,0.0,25910.514707565308,1.0,N/A,0.0,2.0,2.0,N/A,N/A,N/A,N/A,N/A,N/A,N/A,N/A,N/A,N/A,9411.458327293396,283,2432.8461570739746,81,6015.317593574524,185,316.4106273651123,23,629.3055810928345,26
MSSA131,n,1.0,1.0,71.0,M,0.0,4398.018838405609,1.0,N/A,0.0,1.0,1.0,N/A,N/A,N/A,N/A,N/A,N/A,N/A,N/A,N/A,N/A,22099.077872276306,518,4190.598285675049,90,17395.201608657837,429,502.7311701774597,27,1244.5233163833618,72
MSSA132,n,2.0,1.0,71.0,M,1.0,8940.367760658264,N/A,N/A,0.0,2.0,1.0,N/A,N/A,N/A,N/A,N/A,N/A,N/A,N/A,N/A,N/A,8623.956789970398,222,2197.2984075546265,51,6134.857153892517,175,203.90929222106934,10,513.2889080047607,22
MSSA133,n,2.0,2.0,68.0,M,1.0,24560.15625,1.0,N/A,N/A,2.0,2.0,N/A,N/A,N/A,N/A,N/A,N/A,N/A,N/A,N/A,N/A,11218.359375,271,2112.890625,64,9045.703125,212,256.640625,19,660.9375,33
MSSA135,n,1.0,0.0,83.0,M,1.0,8152.743221282959,1.0,N/A,0.0,1.0,1.0,N/A,N/A,N/A,N/A,N/A,N/A,N/A,N/A,N/A,N/A,9724.229301452637,401,2320.3150177001953,59,7094.538948059082,336,291.79719161987305,14,625.7819290161133,36
MSSA136,n,3.0,2.0,75.0,F,1.0,9741.796875,1.0,N/A,0.0,3.0,2.0,N/A,N/A,N/A,N/A,N/A,N/A,N/A,N/A,N/A,N/A,11619.140625,420,3515.625,81,7808.203125,343,386.71875,23,446.484375,31
MSSA138,n,3.0,1.0,87.0,M,1.0,92274.609375,1.0,N/A,1.0,3.0,1.0,N/A,N/A,N/A,N/A,N/A,N/A,N/A,N/A,N/A,N/A,19223.4375,370,5969.53125,69,12691.40625,292,618.75,26,762.890625,36
MSSA140,n,1.0,2.0,56.0,M,1.0,16400.390625,N/A,N/A,N/A,1.0,2.0,N/A,N/A,N/A,N/A,N/A,N/A,N/A,N/A,N/A,N/A,10996.875,435,1880.859375,57,8845.3125,372,217.96875,8,671.484375,61
MSSA151,n,3.0,3.0,74.0,M,1.0,19817.53646206856,1.0,N/A,1.0,3.0,3.0,N/A,N/A,N/A,N/A,N/A,N/A,N/A,N/A,N/A,N/A,10103.885008335114,219,1680.4652171134949,47,7741.389975070953,169,193.35896849632263,9,358.5929961204529,19
MSSA154,n,1.0,1.0,70.0,M,1.0,6219.140625,N/A,N/A,N/A,1.0,1.0,N/A,N/A,N/A,N/A,N/A,N/A,N/A,N/A,N/A,N/A,13942.96875,495,3012.890625,107,10873.828125,399,386.71875,33,583.59375,57
MSSA155,n,1.0,3.0,58.0,F,1.0,18819.140625,1.0,N/A,N/A,1.0,3.0,N/A,N/A,N/A,N/A,N/A,N/A,N/A,N/A,N/A,N/A,11260.546875,440,1736.71875,63,9123.046875,377,165.234375,15,576.5625,39
MSSA162,n,4.0,2.0,64.0,M,1.0,36928.125,1.0,N/A,0.0,3.0,2.0,N/A,N/A,N/A,N/A,N/A,N/A,N/A,N/A,N/A,N/A,22299.609375,380,5315.625,51,16558.59375,330,611.71875,16,994.921875,27
MSSA167,n,1.0,2.0,51.0,M,1.0,2858.203125,N/A,N/A,N/A,1.0,2.0,N/A,N/A,N/A,N/A,N/A,N/A,N/A,N/A,N/A,N/A,7400.390625,251,1167.1875,38,6201.5625,213,161.71875,9,288.28125,20
MSSA168,n,2.0,2.0,81.0,M,0.0,11141.015625,1.0,N/A,0.0,2.0,2.0,N/A,N/A,N/A,N/A,N/A,N/A,N/A,N/A,N/A,N/A,15549.609375,357,2981.25,48,12512.109375,312,386.71875,18,801.5625,40
MSSA171,n,1.0,1.0,70.0,M,0.0,29063.671875,1.0,N/A,N/A,1.0,1.0,N/A,N/A,N/A,N/A,N/A,N/A,N/A,N/A,N/A,N/A,13710.9375,264,2457.421875,31,10778.90625,222,235.546875,10,478.125,24
MSSA172,n,1.0,3.0,49.0,M,0.0,7126.171875,1.0,N/A,0.0,1.0,3.0,N/A,N/A,N/A,N/A,N/A,N/A,N/A,N/A,N/A,N/A,12445.3125,395,1733.203125,48,10487.109375,341,193.359375,11,653.90625,38
MSSA173,n,1.0,2.0,52.0,M,0.0,5171.484375,N/A,N/A,0.0,1.0,2.0,N/A,N/A,N/A,N/A,N/A,N/A,N/A,N/A,N/A,N/A,6015.234375,326,1307.8125,41,4187.109375,271,154.6875,8,305.859375,33
MSSA175,n,3.0,3.0,70.0,M,0.0,77403.515625,N/A,N/A,N/A,3.0,3.0,N/A,N/A,N/A,N/A,N/A,N/A,N/A,N/A,N/A,N/A,20619.140625,315,5231.25,64,14737.5,234,682.03125,25,1325.390625,41
MSSA176,n,1.0,3.0,78.0,M,0.0,10167.1875,1.0,N/A,N/A,1.0,3.0,N/A,N/A,N/A,N/A,N/A,N/A,N/A,N/A,N/A,N/A,13303.125,438,2738.671875,76,10342.96875,363,337.5,21,720.703125,43
MSSA177,n,1.0,1.0,77.0,M,1.0,50392.96875,N/A,N/A,0.0,1.0,1.0,N/A,N/A,N/A,N/A,N/A,N/A,N/A,N/A,N/A,N/A,6788.671875,230,1877.34375,57,4594.921875,175,246.09375,9,425.390625,19
MSSA178,n,1.0,1.0,76.0,M,1.0,36682.03125,N/A,N/A,N/A,1.0,1.0,N/A,N/A,N/A,N/A,N/A,N/A,N/A,N/A,N/A,N/A,13637.109375,337,2576.953125,54,10662.890625,285,319.921875,13,569.53125,34
MSSA179,n,1.0,3.0,57.0,M,1.0,7650.0,1.0,N/A,N/A,1.0,3.0,N/A,N/A,N/A,N/A,N/A,N/A,N/A,N/A,N/A,N/A,11165.625,511,2545.3125,67,8353.125,441,281.25,14,502.734375,56
MSSA180,n,1.0,1.0,64.0,M,1.0,11130.46875,1.0,N/A,N/A,1.0,1.0,N/A,N/A,N/A,N/A,N/A,N/A,N/A,N/A,N/A,N/A,4858.59375,163,1525.78125,39,3255.46875,124,179.296875,10,323.4375,20
MSSA182,n,1.0,1.0,57.0,M,1.0,11496.09375,N/A,N/A,1.0,1.0,1.0,N/A,N/A,N/A,N/A,N/A,N/A,N/A,N/A,N/A,N/A,8817.1875,387,1782.421875,58,6771.09375,326,193.359375,16,450.0,39
MSSA185,n,1.0,1.0,49.0,M,0.0,3779.296875,N/A,N/A,0.0,1.0,1.0,N/A,N/A,N/A,N/A,N/A,N/A,N/A,N/A,N/A,N/A,9007.03125,431,2605.078125,76,6250.78125,354,298.828125,16,460.546875,46
MSSA192,n,0.0,1.0,63.0,M,0.0,2049.609375,1.0,N/A,0.0,1.0,1.0,N/A,N/A,N/A,N/A,N/A,N/A,N/A,N/A,N/A,N/A,13144.921875,422,2141.015625,78,10814.0625,341,284.765625,19,706.640625,41
MSSA193,n,1.0,1.0,52.0,M,0.0,1525.7779388427734,N/A,N/A,N/A,1.0,1.0,N/A,N/A,N/A,N/A,N/A,N/A,N/A,N/A,N/A,N/A,7801.154945373535,305,1328.9033660888672,64,6071.4711990356445,234,133.5934600830078,10,537.8894577026367,39
MSSA197,n,2.0,3.0,73.0,M,0.0,4373.526181221008,1.0,N/A,N/A,2.0,3.0,N/A,N/A,N/A,N/A,N/A,N/A,N/A,N/A,N/A,N/A,18692.95715880394,347,2552.39550447464,64,15641.332781553268,268,277.74000668525696,17,917.5967309474945,37
MSSA199,n,1.0,1.0,58.0,F,0.0,14248.828125,1.0,N/A,N/A,1.0,1.0,N/A,N/A,N/A,N/A,N/A,N/A,N/A,N/A,N/A,N/A,8339.0625,309,2126.953125,53,6092.578125,246,337.5,18,411.328125,29
MSSA201,n,2.0,1.0,80.0,M,1.0,37951.08951568604,1.0,N/A,0.0,2.0,1.0,N/A,N/A,N/A,N/A,N/A,N/A,N/A,N/A,N/A,N/A,13584.345520019531,251,4721.4741287231445,50,8690.606140136719,205,608.2018051147461,15,812.1076126098633,35
MSSA202,n,1.0,1.0,50.0,F,1.0,1212.89449095726,1.0,N/A,N/A,1.0,1.0,N/A,N/A,N/A,N/A,N/A,N/A,N/A,N/A,N/A,N/A,6785.17787694931,342,2464.4609801769257,65,4151.96635890007,267,344.53234815597534,17,537.8923394680023,30
MSSA204,n,1.0,1.0,61.0,F,1.0,1501.171875,N/A,N/A,0.0,1.0,1.0,N/A,N/A,N/A,N/A,N/A,N/A,N/A,N/A,N/A,N/A,4510.546875,261,1051.171875,39,3427.734375,220,147.65625,8,464.0625,39
MSSA206,n,2.0,1.0,71.0,M,1.0,67233.09974956512,1.0,N/A,1.0,2.0,1.0,N/A,N/A,N/A,N/A,N/A,N/A,N/A,N/A,N/A,N/A,19244.613471508026,236,6437.136877298355,59,12181.692670583725,169,544.9242031574249,21,1044.1450860500336,35
MSSA207,n,2.0,2.0,57.0,M,1.0,6992.592825651169,1.0,N/A,1.0,2.0,2.0,N/A,N/A,N/A,N/A,N/A,N/A,N/A,N/A,N/A,N/A,8507.830386161804,335,3550.7887148857117,64,4608.994064569473,271,295.31312084198,16,383.2039306163788,37
MSSA209,n,1.0,3.0,56.0,M,1.0,6289.426253557205,1.0,N/A,N/A,1.0,3.0,N/A,N/A,N/A,N/A,N/A,N/A,N/A,N/A,N/A,N/A,17261.644999980927,464,3139.4397118091583,52,14009.705768823624,410,397.2639276981354,14,657.4190661907196,57
MSSA211,n,1.0,2.0,71.0,F,1.0,2882.8125,N/A,N/A,N/A,1.0,2.0,N/A,N/A,N/A,N/A,N/A,N/A,N/A,N/A,N/A,N/A,9696.09375,346,1251.5625,60,8360.15625,296,186.328125,14,625.78125,41
MSSA212,n,1.0,2.0,49.0,M,0.0,3856.640625,N/A,N/A,0.0,1.0,2.0,N/A,N/A,N/A,N/A,N/A,N/A,N/A,N/A,N/A,N/A,7224.609375,334,1480.078125,46,5575.78125,284,274.21875,12,544.921875,34
MSSA214,n,1.0,2.0,66.0,M,1.0,11548.828125,1.0,N/A,1.0,1.0,2.0,N/A,N/A,N/A,N/A,N/A,N/A,N/A,N/A,N/A,N/A,9042.1875,308,2879.296875,47,5892.1875,260,393.75,11,478.125,25
MSSA218,n,2.0,1.0,75.0,M,1.0,7576.171875,1.0,N/A,0.0,2.0,1.0,N/A,N/A,N/A,N/A,N/A,N/A,N/A,N/A,N/A,N/A,12803.90625,437,1856.25,54,10852.734375,383,214.453125,12,854.296875,62
MSSA221,n,1.0,2.0,69.0,F,1.0,4327.734375,1.0,N/A,0.0,1.0,2.0,N/A,N/A,N/A,N/A,N/A,N/A,N/A,N/A,N/A,N/A,8687.109375,363,1803.515625,47,6799.21875,317,263.671875,9,457.03125,31
MSSA224,n,1.0,2.0,73.0,M,1.0,5786.71875,1.0,N/A,0.0,1.0,2.0,N/A,N/A,N/A,N/A,N/A,N/A,N/A,N/A,N/A,N/A,15816.796875,413,2155.078125,67,13250.390625,351,242.578125,20,780.46875,49
MSSA225,n,1.0,2.0,54.0,M,0.0,1641.796875,1.0,N/A,0.0,1.0,2.0,N/A,N/A,N/A,N/A,N/A,N/A,N/A,N/A,N/A,N/A,5958.984375,292,1276.171875,39,4608.984375,250,140.625,8,481.640625,35
MSSA226,n,4.0,4.0,58.0,M,0.0,118785.9375,1.0,N/A,N/A,3.0,3.0,N/A,N/A,N/A,N/A,N/A,N/A,N/A,N/A,N/A,N/A,13021.875,387,3800.390625,80,7013.671875,291,333.984375,18,527.34375,28
MSSA227,n,1.0,1.0,54.0,M,0.0,36594.140625,1.0,N/A,N/A,1.0,1.0,N/A,N/A,N/A,N/A,N/A,N/A,N/A,N/A,N/A,N/A,9966.796875,359,2003.90625,61,7755.46875,294,284.765625,14,548.4375,32
MSSA230,n,2.0,4.0,70.0,F,0.0,35353.125,1.0,N/A,N/A,2.0,3.0,N/A,N/A,N/A,N/A,N/A,N/A,N/A,N/A,N/A,N/A,10195.3125,302,3142.96875,64,6799.21875,242,418.359375,19,516.796875,32
MSSA231,n,2.0,2.0,50.0,F,1.0,75596.484375,1.0,N/A,1.0,2.0,2.0,N/A,N/A,N/A,N/A,N/A,N/A,N/A,N/A,N/A,N/A,13886.71875,303,4503.515625,61,8746.875,238,653.90625,20,594.140625,27
MSSA232,n,4.0,2.0,68.0,M,1.0,96503.90625,N/A,N/A,N/A,3.0,2.0,N/A,N/A,N/A,N/A,N/A,N/A,N/A,N/A,N/A,N/A,19743.75,337,4921.875,67,14762.109375,280,506.25,19,822.65625,36
MSSA233,n,1.0,2.0,61.0,M,1.0,7284.375,1.0,N/A,N/A,1.0,2.0,N/A,N/A,N/A,N/A,N/A,N/A,N/A,N/A,N/A,N/A,11098.828125,390,1167.1875,52,9836.71875,334,168.75,16,759.375,47
MSSA234,n,1.0,2.0,80.0,M,1.0,17898.046875,1.0,N/A,0.0,1.0,2.0,N/A,N/A,N/A,N/A,N/A,N/A,N/A,N/A,N/A,N/A,9144.140625,344,1807.03125,72,7129.6875,286,193.359375,11,495.703125,33
MSSA241,n,1.0,2.0,72.0,M,1.0,3445.3125,1.0,N/A,N/A,1.0,2.0,N/A,N/A,N/A,N/A,N/A,N/A,N/A,N/A,N/A,N/A,9836.71875,385,1796.484375,64,8005.078125,332,260.15625,16,544.921875,42
MSSA255,n,1.0,1.0,57.0,M,1.0,5350.78125,1.0,N/A,N/A,1.0,1.0,N/A,N/A,N/A,N/A,N/A,N/A,N/A,N/A,N/A,N/A,7755.46875,385,889.453125,54,6648.046875,323,94.921875,8,506.25,49
MSSB001,y,1.0,0.0,66.53524982888433,F,1.0,N/A,1.0,0.0,0.0,1.0,1.0,8542.197615504265,431,1265.2700880169868,85,7007.721125781536,332,51.05638653039932,13,165.23703277111053,24,9298.760434091091,391,1073.1124150753021,59,8144.8860985040665,335,31.562129855155945,10,204.2255461215973,23
MSSB002,y,1.0,1.0,77.90280629705681,M,1.0,N/A,0.0,0.0,0.0,1.0,1.0,6279.000391483307,437,2158.290347456932,113,3835.722888469696,303,76.12034773826599,15,79.83353543281555,16,7338.187181353569,371,2546.318461537361,85,4736.1709043979645,296,95.61458313465118,15,92.82969236373901,14
MSSB003,y,1.0,3.0,60.77207392197124,F,1.0,N/A,1.0,0.0,0.0,1.0,3.0,5668.199576973915,528,631.2439751625061,59,4852.2239090800285,468,20.42259919643402,6,76.12059700489044,18,6845.283930659294,511,725.0022714734077,56,5751.7465736866,462,37.13199853897095,6,94.68659627437592,22
MSSB004,y,1.0,2.0,52.74743326488707,M,1.0,N/A,1.0,0.0,0.0,1.0,2.0,7114.4909200668335,838,1611.528736591339,104,5384.139788150787,732,51.05649799108505,11,123.4638951420784,38,8361.197771012783,790,1816.6830285191536,78,6406.198047935963,725,59.411197662353516,8,138.31669455766678,38
MSSB005,y,4.0,1.0,68.15879534565364,F,0.0,N/A,1.0,1.0,0.0,3.0,1.0,11595.369530022144,546,3106.0848969221115,127,7947.158637940884,408,88.18830400705338,23,168.0219265818596,26,12535.735340118408,595,2983.549569249153,132,9301.54532790184,474,91.90149575471878,20,168.95022451877594,28
MSSB006,y,4.0,2.0,67.12936344969201,F,0.0,N/A,1.0,1.0,0.0,3.0,2.0,13899.4353531003,660,2701.3528937101364,126,10465.653788208961,532,80.76209682226181,20,166.165693461895,39,14945.629411935806,764,2494.3420018553734,115,12000.133627831936,649,81.69039678573608,15,207.9391918182373,43
MSSB007,y,1.0,3.0,61.59069130732375,M,0.0,N/A,1.0,1.0,0.0,1.0,3.0,4948.772824823856,597,850.3237493038177,75,3793.966335594654,508,35.275439381599426,11,72.40748083591461,23,5683.058944582939,677,839.1841368675232,57,4511.543036699295,626,25.06412798166275,6,77.97728705406189,26
MSSB009,y,2.0,3.0,75.1978097193703,F,1.0,N/A,1.0,0.0,0.0,2.0,3.0,3974.976104736328,374,782.5560150146484,58,3131.152359008789,318,31.562164306640625,8,72.40731811523438,17,4232.11491394043,351,770.4881286621094,46,3430.0646209716797,311,28.777267456054688,7,64.05262756347656,16
MSSB010,y,3.0,4.0,68.00547570157424,M,1.0,N/A,1.0,1.0,1.0,3.0,3.0,12442.01879030466,444,2065.469805896282,80,10194.601981282234,350,55.69806218147278,15,237.6450653076172,27,12519.996077358723,356,1834.3228478431702,64,10601.197835206985,286,70.55087876319885,9,207.93943214416504,25
MSSB012,y,1.0,3.0,67.80835044490074,M,1.0,N/A,1.0,0.0,0.0,1.0,3.0,5905.831474661827,660,744.4949454069138,76,5033.231413960457,581,26.92064017057419,10,85.40341019630432,28,6758.008980751038,649,516.1336529254913,53,6184.3208557367325,603,29.705533981323242,7,122.53532767295837,33
MSSB013,y,3.0,2.0,57.64544832306639,M,1.0,N/A,1.0,1.0,1.0,3.0,2.0,9895.666809082031,458,1683.0059967041016,84,8008.435043334961,364,42.701751708984375,11,136.45994567871094,21,8866.18327331543,329,1521.4819793701172,63,7237.946914672852,268,37.1319580078125,7,124.39205932617188,16
MSSB014,y,1.0,2.0,59.589322381930174,F,1.0,N/A,N/A,0.0,0.0,1.0,2.0,6140.684149861336,659,975.640066742897,103,4845.7099413871765,545,54.76951849460602,18,98.39947390556335,27,8266.48410499096,785,1103.7450422048569,97,7025.351118087769,692,46.41484618186951,12,158.7387739419937,34
MSSB015,y,3.0,3.0,75.52908966461327,M,1.0,N/A,0.0,0.0,1.0,3.0,3.0,6069.225161194801,423,1784.192529797554,106,3620.3698575496674,301,86.33189660310745,18,86.33189660310745,21,5428.6981863975525,308,1279.1973496675491,69,3736.4073529839516,231,54.76969784498215,9,103.96959590911865,17
MSSB016,y,1.0,2.0,55.31279945242984,M,1.0,N/A,1.0,1.0,0.0,1.0,2.0,10654.098680794239,932,2599.2398977279663,176,7612.9880004525185,730,82.61869674921036,24,161.52419364452362,47,12299.046216070652,964,2394.085605800152,178,9811.202313959599,802,62.19609755277634,19,216.29389148950577,49
MSSB017,y,1.0,1.0,48.63518138261464,M,1.0,N/A,N/A,0.0,0.0,1.0,1.0,7568.404818415642,862,1161.299451470375,127,5838.987649679184,702,32.490392327308655,12,80.76183235645294,26,8350.030828118324,785,854.0331697463989,73,7015.139851927757,715,33.418689250946045,6,107.68244314193726,29
MSSB018,y,3.0,3.0,70.52156057494868,M,1.0,N/A,0.0,0.0,0.0,3.0,3.0,8222.872100830078,480,1875.1638793945312,152,5875.204055786133,296,73.33561706542969,21,122.53546142578125,22,8285.068130493164,422,1702.5002746582031,144,6473.028579711914,258,51.9847412109375,16,131.81845092773438,20
MSSB019,y,2.0,2.0,54.647501711156735,M,1.0,N/A,0.0,0.0,0.0,2.0,2.0,3322.3855692744255,403,721.2890716195107,48,2553.753199517727,355,30.63389879465103,6,51.984797954559326,20,3729.9092532396317,454,834.541667163372,33,2867.5185871720314,426,24.135799050331116,4,76.12059700489044,26
MSSB020,y,1.0,1.0,54.647501711156735,F,0.0,N/A,N/A,0.0,0.0,1.0,1.0,6119.340000152588,676,1049.9049666523933,132,4921.835661530495,543,40.84510922431946,12,100.25617718696594,35,5342.354626953602,574,407.52279430627823,68,4796.515440046787,521,31.562129855155945,5,111.39575242996216,29
MSSB021,n,1.0,3.0,52.468172484599584,F,0.0,N/A,N/A,0.0,0.0,1.0,3.0,N/A,N/A,N/A,N/A,N/A,N/A,N/A,N/A,N/A,N/A,2062.682518839836,248,245.07119035720825,22,1754.4869309663773,222,4.641499817371368,1,53.84139788150787,16
MSSB022,y,2.0,4.0,72.9226557152635,F,0.0,N/A,0.0,0.0,0.0,2.0,3.0,10434.057421684265,408,1598.5273025035858,62,8738.98723912239,352,67.76567542552948,5,176.37641549110413,21,13891.963462233543,584,2328.1686844825745,80,11500.670586943626,520,80.76183235645294,9,230.21763706207275,29
MSSB023,y,1.0,1.0,62.537987679671474,M,0.0,N/A,0.0,0.0,0.0,1.0,1.0,6893.532954931259,724,1265.2687069177628,107,5342.34879553318,594,48.27144002914429,12,89.11650466918945,36,8673.078157544136,717,1099.10355758667,97,7436.586655259132,626,43.629955410957336,11,131.8181631565094,39
MSSB024,y,4.0,3.0,81.42094455852157,M,0.0,N/A,0.0,0.0,1.0,3.0,3.0,6906.529111862183,694,2249.2634459733963,129,4260.882879495621,534,66.83737850189209,15,77.04864466190338,22,6389.467725396156,561,1788.8281718492508,83,4485.530735015869,475,52.91292464733124,11,78.90523850917816,19
MSSB025,y,1.0,2.0,69.43189596167012,F,0.0,N/A,0.0,0.0,0.0,1.0,2.0,6877.774429380894,642,624.7458754181862,65,6146.274058163166,571,26.920698940753937,8,112.32429558038712,29,7606.489900708199,683,636.8137749433517,66,6940.898826897144,626,38.06029850244522,7,104.89789587259293,25
MSSB026,y,1.0,1.0,53.66461327857632,M,0.0,N/A,1.0,0.0,1.0,1.0,1.0,3654.704988360405,463,546.7668880224228,65,3073.5911141633987,404,20.422532320022583,5,85.40331697463989,19,5840.844243526459,606,911.5875790119171,58,4897.69456911087,559,26.920610785484314,5,136.45964777469635,30
MSSB027,y,1.0,1.0,63.0965092402464,M,0.0,N/A,0.0,1.0,0.0,1.0,1.0,4802.095711052418,585,997.9224607348442,83,3715.9847537875175,505,29.705598831176758,7,70.5507972240448,25,5783.308772444725,612,850.3227665424347,65,4919.9898064136505,558,27.84899890422821,7,77.97719693183899,28
MSSB029,y,2.0,2.0,66.14099931553729,F,1.0,N/A,1.0,0.0,0.0,2.0,2.0,6651.269238293171,502,1355.3179466724396,89,5156.70629709959,406,39.91689842939377,12,83.54699671268463,24,6916.763027846813,420,1251.348350763321,79,5653.346777558327,346,43.63009828329086,9,114.18089550733566,22
MSSB030,y,2.0,2.0,52.52292950034224,F,1.0,N/A,1.0,0.0,0.0,2.0,2.0,6266.953053414822,750,971.9300617575645,117,5065.7329006791115,643,37.13199853897095,12,105.8261958360672,32,10216.869397997856,997,926.4433635473251,115,9140.969740331173,894,32.49049872159958,10,147.59969419240952,35
MSSB031,y,3.0,2.0,79.80013689253937,M,1.0,N/A,0.0,1.0,0.0,3.0,2.0,6355.120739221573,322,1302.4005838632584,81,4897.69456911087,242,51.05633080005646,14,127.17667853832245,17,6824.838982582092,268,1376.6643377542496,75,5430.537003278732,202,39.916767716407776,6,131.8181631565094,14
MSSB032,y,1.0,1.0,81.36892539356602,M,1.0,N/A,0.0,0.0,0.0,1.0,1.0,5323.80029052496,371,645.1684746146202,85,4585.801819562912,284,24.135799050331116,8,80.76209682226181,17,5117.717698633671,245,507.7800800204277,61,4602.511218905449,195,30.63389879465103,7,93.75829631090164,13
MSSB033,y,1.0,2.0,53.38261464750172,M,1.0,N/A,N/A,0.0,0.0,1.0,2.0,8510.626195907593,876,1967.989478111267,185,6052.495942115784,659,60.33930003643036,25,112.3239277601242,31,7222.150065898895,694,1079.6093221902847,135,5959.666249752045,564,35.275283098220825,12,140.1728354692459,35
MSSB034,y,0.0,0.0,56.4599589322382,M,1.0,N/A,0.0,0.0,0.0,1.0,1.0,7774.503707885742,869,1257.8450775146484,158,6261.376419067383,716,49.19984436035156,16,111.3958740234375,30,10276.26937866211,817,1249.4903869628906,135,8852.2587890625,706,39.91685485839844,13,156.8825225830078,39
MSSB035,y,2.0,1.0,72.7939767282683,F,1.0,N/A,1.0,0.0,0.0,2.0,1.0,3021.619873344898,388,688.7993689775467,73,2228.850788295269,326,34.34713834524155,9,53.84146010875702,19,3702.992834031582,541,653.5239295959473,68,2961.280305981636,484,30.633934199810028,8,77.04898601770401,22
MSSB036,y,3.0,4.0,72.07665982203969,M,1.0,N/A,1.0,1.0,0.0,3.0,3.0,9123.332041025162,478,1609.6721366643906,111,7045.796722769737,361,75.19229704141617,14,113.25259554386139,21,8061.356882810593,353,1169.6579539775848,72,6625.276839315891,288,62.19609755277634,10,114.18089550733566,17
MSSB037,y,3.0,3.0,87.26899383983574,M,1.0,N/A,1.0,0.0,1.0,3.0,3.0,7977.783761739731,389,1638.4440702199936,93,6137.899259090424,291,61.26759696006775,10,111.39563083648682,18,8898.654309988022,310,1600.3838963508606,91,7251.855567455292,223,48.27144002914429,10,140.1728354692459,12
MSSB038,y,1.0,1.0,51.32375085557837,M,1.0,N/A,1.0,0.0,0.0,1.0,1.0,6693.963729858398,738,895.8084869384766,99,5452.828033447266,638,37.1319580078125,12,100.25628662109375,32,9504.852951049805,949,921.8008575439453,100,8293.422821044922,866,39.91685485839844,9,149.4561309814453,44
MSSB039,y,4.0,2.0,89.07049965776862,M,1.0,N/A,1.0,1.0,0.0,3.0,2.0,7193.396416962147,513,2021.837320446968,116,4298.028830885887,382,77.04889696836472,14,78.90549689531326,17,7848.776191174984,501,2018.124120593071,115,4920.918106377125,389,82.61869674921036,14,93.75829631090164,22
MSSB040,y,1.0,2.0,76.22450376454482,M,1.0,N/A,1.0,0.0,1.0,1.0,2.0,10675.437927246094,526,1284.7657470703125,122,9135.38996887207,369,51.05644226074219,17,197.72767639160156,19,6951.1025390625,172,195.87107849121094,17,6717.171203613281,157,12.067886352539062,2,181.01829528808594,13
MSSB041,y,2.0,3.0,78.17932922655716,F,1.0,N/A,N/A,0.0,0.0,2.0,3.0,5483.467884242535,355,763.062569975853,89,4485.54542350769,241,27.84899890422821,8,62.19609755277634,11,6199.1871560812,285,697.1532725691795,95,5491.822583913803,199,29.705598831176758,7,95.61489623785019,11
MSSB042,y,1.0,1.0,56.40520191649555,M,0.0,674.874073445797,1.0,0.0,0.0,1.0,1.0,4566.307520329952,639,867.9604658484459,71,3586.0227589011192,566,62.19609755277634,9,51.984797954559326,22,8151.401979267597,960,1141.8089550733566,97,6832.287731170654,871,83.54699671268463,9,103.04129594564438,38
MSSB043,y,1.0,2.0,78.17932922655716,F,0.0,N/A,N/A,0.0,0.0,1.0,2.0,4578.365424871445,570,916.2300637364388,90,3301.0274636745453,461,43.63000303506851,15,96.54298543930054,28,4971.963750123978,664,828.9700576663017,65,3994.4660225510597,595,37.13191747665405,7,95.61468750238419,34
MSSB044,y,4.0,4.0,82.8309377138946,F,0.0,N/A,0.0,1.0,0.0,3.0,3.0,6764.5884882211685,215,2143.191532969475,49,4383.596917748451,156,77.77108144760132,9,134.60379481315613,19,5632.421014070511,123,1932.3122544288635,25,3647.762839436531,97,61.31950652599335,8,145.07297885417938,9
MSSB045,y,2.0,4.0,62.79534565366188,M,0.0,N/A,0.0,1.0,0.0,2.0,3.0,10211.29959821701,854,1394.306545138359,135,8428.03536838293,718,60.33949762582779,17,137.3883945941925,36,9469.587927401066,628,764.9191699028015,80,8557.997363269329,559,31.562198758125305,9,155.95439386367798,32
MSSB046,y,1.0,2.0,61.388090349076,F,0.0,N/A,N/A,0.0,0.0,1.0,2.0,7058.785217285156,733,1092.6078643798828,124,5777.732666015625,607,33.41876220703125,14,118.822265625,31,8544.991836547852,848,951.5064239501953,119,7509.010208129883,741,26.920669555664062,8,185.6597900390625,38
MSSB047,y,1.0,2.0,78.5982203969884,F,0.0,N/A,0.0,0.0,0.0,1.0,2.0,7996.9871435165405,379,1645.1628684997559,106,6127.483883857727,270,76.27573299407959,14,188.4459285736084,22,7652.998543739319,423,1302.6698713302612,96,6263.583721160889,339,92.72736167907715,13,237.80081462860107,27
MSSB048,y,1.0,2.0,60.63791923340178,F,0.0,N/A,1.0,0.0,0.0,1.0,2.0,1663.1100997924805,115,282.6688928604126,16,1103.7547245025635,98,17.94723129272461,3,31.407654762268066,8,1244.3413696289062,74,183.95912075042725,9,728.3584699630737,66,16.45162868499756,2,20.93843650817871,3
MSSB049,y,1.0,2.0,64.12867898699521,M,1.0,N/A,1.0,0.0,0.0,1.0,2.0,3780.8833923339844,278,508.50488662719727,44,3173.6687335968018,239,50.85048866271973,5,82.2581434249878,17,3224.5192222595215,238,360.44022846221924,17,2789.2988634109497,222,38.88566780090332,3,83.75374603271484,15
MSSB050,y,1.0,0.0,41.15537303216976,M,0.0,N/A,N/A,0.0,0.0,1.0,1.0,2475.225275158882,222,231.81868135929108,21,2126.7494509220123,196,23.929670333862305,7,58.32857143878937,11,2555.9879125356674,259,200.4109890460968,12,2267.3362641334534,248,35.89450550079346,4,86.74505496025085,19
MSSB051,y,1.0,3.0,77.50581793292265,F,0.0,N/A,1.0,0.0,0.0,1.0,3.0,1280.2358322143555,97,379.8830623626709,10,874.9275255203247,84,44.86807823181152,4,28.416449546813965,7,1156.1008157730103,95,360.44022846221924,10,794.164984703064,85,37.39006519317627,3,25.425244331359863,5
MSSB052,y,1.0,1.0,65.69472963723476,M,0.0,N/A,1.0,0.0,0.0,1.0,1.0,2971.759065389633,275,312.5805962085724,34,2591.876426935196,242,22.434014081954956,7,86.74485445022583,17,3068.973126411438,325,227.33134269714355,24,2804.2517602443695,303,29.91201877593994,5,130.11728167533875,22
MSSB053,y,1.0,3.0,60.86242299794664,M,0.0,N/A,N/A,0.0,0.0,1.0,3.0,3285.8281911611557,222,264.7207964658737,21,2911.928761124611,201,31.407552123069763,4,134.60379481315613,16,4059.0522124767303,255,191.43650817871094,13,3792.8358182907104,241,35.8943452835083,4,140.58618569374084,21
MSSB054,y,2.0,2.0,70.45311430527039,M,1.0,N/A,1.0,1.0,0.0,2.0,2.0,3531.117756843567,208,1118.710750579834,41,2277.8027715682983,163,52.34609127044678,8,64.31091213226318,14,3160.2083101272583,193,1190.4996757507324,35,1850.0604257583618,155,62.81530952453613,7,55.33729648590088,12
MSSB055,y,3.0,4.0,68.72005475701576,M,1.0,42587.28425502777,1.0,1.0,1.0,3.0,3.0,10164.115322113037,362,2324.166452407837,70,7687.397403717041,295,101.70097732543945,12,263.22605895996094,21,9042.413366317749,312,2128.2425107955933,64,6836.399519920349,249,118.15260601043701,11,290.14690589904785,22
MSSB057,y,1.0,2.0,73.88364134154689,F,1.0,N/A,N/A,0.0,0.0,1.0,2.0,2298.741208076477,166,515.9828996658325,45,1734.899024963379,128,23.929641723632812,5,65.80651473999023,12,2072.9052143096924,147,400.8214988708496,29,1652.640881538391,124,28.416449546813965,4,77.77133560180664,12
MSSB058,y,3.0,2.0,61.47296372347708,M,1.0,N/A,1.0,1.0,1.0,3.0,2.0,5937.542352676392,193,1715.4561910629272,47,3933.4348583221436,146,119.64820861816406,10,136.09983730316162,10,4824.814012527466,168,1337.0687313079834,34,3341.1762256622314,131,85.2493486404419,7,112.17019557952881,9
MSSB059,y,1.0,2.0,61.68377823408625,M,1.0,N/A,N/A,0.0,0.0,1.0,2.0,2023.5503282546997,180,272.19967460632324,28,1678.066125869751,150,23.929641723632812,4,50.85048866271973,10,1767.802282333374,165,142.08224773406982,12,1573.3739433288574,153,23.929641723632812,2,55.33729648590088,11
MSSB060,y,4.0,3.0,74.13004791238879,F,1.0,N/A,1.0,0.0,0.0,3.0,3.0,6157.382684826851,270,1543.4585695266724,78,4447.912583112717,197,67.30197250843048,11,128.62154746055603,14,4993.806360125542,183,1274.2506794929504,53,3617.8549221754074,137,76.27556884288788,8,125.63034868240356,14
MSSB061,y,3.0,2.0,96.87337440109516,F,1.0,N/A,0.0,0.0,1.0,3.0,2.0,7274.602966308594,200,1814.1639387607574,61,5257.037299871445,134,64.31084036827087,12,158.5336995124817,16,6621.025356054306,214,1390.9088730812073,69,5209.178069829941,150,53.841633796691895,9,160.0293004512787,15
MSSB062,y,2.0,2.0,75.8767967145791,M,1.0,N/A,1.0,1.0,0.0,2.0,2.0,1788.7387228012085,104,806.1289060115814,17,970.6450092792511,88,34.39882159233093,2,32.903220653533936,4,1227.8883707523346,51,668.5336196422577,7,554.8679482936859,45,31.40761971473694,1,25.42521595954895,3
MSSB063,y,1.0,0.0,56.22724161533196,F,1.0,3368.0898241996765,1.0,0.0,0.0,1.0,1.0,1945.774805188179,149,321.5538686513901,28,1456.7138049602509,123,19.442792057991028,5,62.81517434120178,14,2561.961753487587,215,435.2194222211838,34,2011.5811783075333,185,29.911987781524658,6,100.2051590681076,16
MSSB064,y,1.0,2.0,51.93429158110884,F,1.0,N/A,N/A,1.0,0.0,1.0,2.0,7350.870997309685,289,765.7468872070312,36,6440.050969362259,256,62.81517434120178,8,155.54233646392822,24,6659.904079556465,226,598.2397556304932,10,5988.379953861237,217,46.36358106136322,5,161.52473402023315,19
MSSB065,y,1.0,2.0,55.92334017796031,M,1.0,16671.42778646946,1.0,1.0,0.0,1.0,2.0,5737.112854480743,372,777.7108144760132,65,4796.381888508797,308,31.407552123069763,8,118.15221989154816,21,5173.272513985634,268,436.7145342826843,31,4628.874943852425,245,25.425161242485046,3,100.205047249794,22
MSSB066,y,3.0,3.0,79.2662559890486,F,1.0,N/A,N/A,0.0,0.0,3.0,3.0,6707.763260006905,212,2654.6889156103134,68,3873.6024177074432,141,154.046737074852,11,97.21396028995514,13,6585.1241101026535,173,2527.5629675388336,70,3991.7547694444656,105,170.49833035469055,11,116.65675234794617,8
MSSB067,y,2.0,1.0,63.9835728952772,M,0.0,N/A,1.0,1.0,0.0,2.0,1.0,5490.357172966003,331,1214.4293174743652,66,4121.880786895752,262,52.34609127044678,9,139.09104251861572,21,4518.21547794342,273,1135.1623792648315,50,3332.202610015869,224,65.80651473999023,9,136.09983730316162,20
MSSB068,y,1.0,1.0,73.9000684462697,M,1.0,7557.289012312889,1.0,0.0,0.0,1.0,1.0,5388.662638306618,220,3578.981319308281,42,1706.4846156835556,171,40.38131868839264,7,59.82417583465576,12,4320.801099658012,295,1826.1329673528671,38,2460.269231200218,261,46.363736271858215,7,113.66593408584595,20
MSSB069,y,3.0,4.0,75.46885694729639,M,1.0,40734.14496088028,1.0,1.0,0.0,3.0,3.0,11388.989347815514,352,1313.1362636089325,60,9694.475239992142,292,61.31957495212555,8,284.16388392448425,25,10774.297998905182,290,1141.1423338651657,40,9386.381765842438,254,64.31077373027802,6,284.16388392448425,22
MSSB070,y,1.0,1.0,61.51403148528404,F,1.0,N/A,0.0,1.0,0.0,1.0,1.0,2051.9667778015137,163,378.38745975494385,24,1645.1628684997559,142,37.39006519317627,4,46.363680839538574,9,1857.538438796997,168,373.9006519317627,17,1483.6377868652344,156,56.83289909362793,6,43.37247562408447,13
MSSB071,y,2.0,2.0,86.87200547570157,M,1.0,N/A,0.0,0.0,0.0,2.0,2.0,2536.536563873291,214,480.08740389347076,30,2047.4755636453629,186,23.929590225219727,3,79.26676762104034,15,4091.9599285125732,336,602.7265537977219,48,3465.3037844896317,289,35.89438533782959,7,122.6391499042511,21
MSSB072,y,1.0,1.0,67.88227241615331,M,1.0,N/A,N/A,0.0,1.0,1.0,1.0,5933.05554485321,462,864.4583072662354,80,4887.629322052002,379,40.38127040863037,10,163.02068424224854,33,2828.184531211853,292,340.9973945617676,21,2430.3542375564575,273,44.86807823181152,3,104.69218254089355,21
MSSB073,y,3.0,2.0,68.7583846680356,F,1.0,N/A,0.0,1.0,0.0,3.0,2.0,3601.403328895569,179,1839.5872485637665,41,1579.352954864502,133,113.6655535697937,12,43.372382283210754,10,3163.1927078962326,126,1926.332013130188,35,1189.0015143156052,92,115.16115295886993,9,50.85037922859192,9
MSSB074,y,4.0,2.0,71.71800136892539,M,1.0,N/A,N/A,0.0,0.0,3.0,2.0,6538.774600982666,202,960.1768741607666,61,4515.224272727966,139,55.33729648590088,8,186.95032596588135,10,5523.2604303359985,158,732.8452777862549,46,4015.6930017471313,108,58.32850170135498,8,188.4459285736084,10
MSSB075,y,4.0,4.0,81.31416837782339,M,0.0,N/A,1.0,0.0,0.0,3.0,3.0,7316.472211360931,360,1346.0394501686096,57,5586.06371819973,297,73.28437006473541,8,137.59514379501343,18,6619.522896051407,323,1144.1335326433182,40,5104.480714917183,278,70.29317128658295,4,131.6127462387085,17
MSSB076,y,2.0,3.0,60.57494866529774,M,0.0,N/A,N/A,0.0,0.0,2.0,3.0,3495.2232942581177,318,623.6662874221802,48,2835.6625442504883,268,37.39006519317627,7,89.73615646362305,22,3822.760265350342,366,681.9947891235352,57,3013.6392545700073,315,53.84169387817383,6,95.71856689453125,24
MSSB077,y,1.0,1.0,62.20944558521559,F,0.0,N/A,N/A,0.0,0.0,1.0,1.0,6481.941701889038,409,1316.1302947998047,71,4929.506195068359,325,82.2581434249878,9,103.1965799331665,22,7717.309455871582,453,1133.6667766571045,59,6523.8185749053955,397,95.71856689453125,10,200.4107494354248,28
MSSB078,y,1.0,1.0,56.28473648186172,M,0.0,N/A,N/A,0.0,0.0,1.0,1.0,2718.616596221924,216,349.92094802856445,23,2287.9446601867676,191,21.87005925178528,5,67.29249000549316,13,3065.1729197502136,299,474.4120545387268,29,2557.1146202087402,271,33.64624500274658,6,94.20948600769043,19
MSSB080,y,1.0,1.0,71.22792607802873,F,0.0,N/A,1.0,0.0,0.0,1.0,1.0,5587.571342468262,394,1503.080620765686,78,3809.2998418807983,308,94.2229642868042,13,127.12622165679932,26,4932.4974002838135,348,1509.0630311965942,59,3381.557496070862,291,100.2053747177124,13,113.66579818725586,23
MSSB081,y,1.0,1.0,52.59685147159482,F,0.0,N/A,N/A,0.0,0.0,1.0,1.0,2057.946891784668,118,249.7653567790985,15,1675.0730514526367,104,22.434014081954956,3,128.62168073654175,15,1171.0555350780487,54,122.63927698135376,6,951.2021970748901,49,11.964807510375977,2,67.30204224586487,7
MSSB082,y,2.0,3.0,67.62765229295,M,0.0,N/A,0.0,0.0,0.0,2.0,3.0,3925.9440153837204,319,595.2478926181793,40,3242.4558572769165,281,35.8943452835083,7,107.6830358505249,21,3897.527658700943,310,486.06925904750824,38,3399.4936178922653,282,43.3723338842392,4,189.94091045856476,20
MSSB083,y,3.0,3.0,68.44626967830251,M,1.0,46873.580453038216,1.0,1.0,0.0,3.0,3.0,9111.19147825241,351,1896.4200253486633,71,6938.0855659246445,278,62.81517434120178,13,212.37511324882507,17,9331.044588446617,321,1535.9805725812912,58,7612.6008903980255,264,65.80637311935425,9,210.87951385974884,15
MSSB084,y,1.0,2.0,62.21218343600274,F,1.0,2398.946582794189,1.0,0.0,0.0,1.0,2.0,4082.9951190948486,298,613.1970691680908,46,3412.96515083313,249,40.38127040863037,7,115.16140079498291,24,3562.525411605835,250,515.9828996658325,27,3045.0469093322754,226,35.89446258544922,5,104.69218254089355,16
MSSB085,y,3.0,3.0,77.78234086242301,F,1.0,22281.487649917603,1.0,1.0,0.0,3.0,3.0,5032.702775001526,262,1269.766613960266,65,3305.281763076782,193,67.30211734771729,8,113.66579818725586,14,3486.2496786117554,165,792.6693820953369,33,2485.6915340423584,133,49.354886054992676,5,115.16140079498291,10
MSSB089,y,1.0,1.0,51.011635865845314,F,1.0,N/A,N/A,1.0,0.0,1.0,1.0,1141.1410604715347,97,197.41889905929565,20,741.8164691925049,76,20.93836808204651,3,50.85032248497009,8,821.0831483602524,58,171.9937378168106,9,424.7497525215149,47,23.929563522338867,2,31.407552123069763,5
MSSB090,y,2.0,2.0,61.4428473648186,M,1.0,2219.4769234657288,1.0,1.0,0.0,2.0,2.0,3444.3769236803055,231,441.20329678058624,44,2874.5516488552094,189,26.920879125595093,4,73.28461539745331,16,2605.3428575992584,168,185.45494508743286,19,2345.107692718506,152,23.929670333862305,3,65.80659341812134,13
MSSB091,y,2.0,1.0,90.89117043121148,M,0.0,35851.090109825134,1.0,1.0,0.0,2.0,1.0,6085.60701084137,287,1280.2358322143555,69,4518.21547794342,214,61.31970691680908,11,143.57785034179688,12,5050.6500062942505,241,865.9539098739624,62,4033.640233039856,185,38.88566780090332,7,152.55146598815918,9
MSSB092,y,2.0,2.0,75.97262149212867,F,0.0,49389.34396469593,1.0,0.0,0.0,2.0,2.0,5168.808792114258,185,2698.070330142975,56,2369.037363052368,123,236.30549454689026,8,119.64835166931152,14,3864.641758918762,116,2229.9461542367935,33,1622.7307695150375,81,209.38461542129517,5,106.18791210651398,11
MSSB094,y,1.0,1.0,72.20260095824779,F,1.0,4993.817107200623,1.0,0.0,0.0,1.0,1.0,2271.82036113739,155,230.32280158996582,22,1948.7701978683472,126,17.94723129272461,4,142.08224773406982,11,1847.0692205429077,128,118.15260601043701,13,1682.5529336929321,113,16.45162868499756,2,119.64820861816406,7
MSSB095,y,2.0,1.0,69.48665297741272,M,1.0,76631.52149748802,1.0,0.0,0.0,2.0,1.0,7132.513486504555,144,481.583003282547,26,6350.315006017685,120,34.39878594875336,3,160.02913463115692,10,6656.912880778313,111,200.4103181362152,17,6128.9662964344025,97,26.920789003372192,3,152.55113768577576,9
MSSB105,y,3.0,4.0,70.86652977412732,M,1.0,17482.098881721497,1.0,1.0,1.0,3.0,3.0,2228.4478855133057,104,1360.9983730316162,48,776.2177534103394,54,77.77133560180664,8,35.89446258544922,5,2025.0459308624268,75,1289.2094478607178,41,690.9684047698975,35,65.80651473999023,7,59.82410430908203,4
MSSB106,y,1.0,1.0,66.46406570841889,F,1.0,N/A,N/A,0.0,0.0,1.0,1.0,3255.9232437610626,231,637.1259999275208,38,2496.157966852188,190,44.86802816390991,7,62.81523942947388,13,4038.122534751892,315,664.0468168258667,32,3275.3660559654236,286,46.36362910270691,6,104.6920657157898,19
MSSB107,y,2.0,2.0,80.39972621492127,M,1.0,N/A,N/A,0.0,0.0,2.0,2.0,7801.063201904297,253,752.2881116867065,43,6945.578510284424,209,46.363680839538574,7,218.3579807281494,22,7519.889911651611,205,358.9446258544922,28,7131.033233642578,182,31.407654762268066,6,240.79201984405518,20
MSSB108,y,2.0,2.0,76.37508555783711,F,1.0,31940.089290618896,1.0,0.0,0.0,2.0,2.0,3137.7742710113525,167,653.5783395767212,34,2433.3454427719116,132,44.86807823181152,5,106.1877851486206,12,2977.744791984558,146,577.3026065826416,26,2382.494954109192,124,49.354886054992676,4,118.15260601043701,12
MSSB109,y,2.0,1.0,55.04449007529091,M,1.0,11076.42055273056,1.0,0.0,0.0,2.0,1.0,3475.776581764221,249,1124.6919059753418,53,2291.2606382369995,199,50.8504319190979,6,77.77124881744385,14,3139.266370534897,209,1081.3194787502289,36,2013.078863620758,177,58.328436613082886,4,77.77124881744385,10
MSSB112,y,1.0,2.0,53.86173853524983,M,1.0,10881.99243068695,1.0,0.0,1.0,1.0,2.0,10385.452919006348,561,1417.8296899795532,90,8563.810975551605,461,73.28444600105286,14,270.70376992225647,40,6908.1807363033295,321,604.2227792739868,40,6134.955050945282,285,47.859230041503906,5,218.35773706436157,24
MSSB113,y,1.0,2.0,66.72416153319644,M,1.0,1177.0367192029953,1.0,0.0,0.0,1.0,2.0,3057.00515127182,283,785.1896792650223,53,2128.2379306554794,229,68.79757189750671,8,52.34597861766815,13,3188.6178975105286,326,845.0136548280716,51,2313.6922549009323,282,80.76236701011658,6,83.75356578826904,18
MSSB114,y,1.0,1.0,72.30663928815879,F,1.0,N/A,1.0,0.0,1.0,1.0,1.0,1194.9864835739136,90,423.25553798675537,18,720.8804569244385,71,28.416449546813965,6,23.929641723632812,5,2117.773292541504,232,614.6926717758179,34,1468.6817607879639,200,56.83289909362793,7,68.79771995544434,16
MSSB116,y,2.0,3.0,68.6899383983573,M,1.0,N/A,1.0,0.0,0.0,2.0,3.0,4395.5666044950485,236,1015.5119851827621,62,3258.9110687971115,175,58.32837617397308,9,98.70955967903137,12,3393.5150138139725,156,472.6094069480896,32,2882.020022749901,124,56.83277678489685,5,103.19635784626007,9
MSSB117,y,4.0,3.0,79.46338124572212,M,1.0,20402.96686577797,1.0,1.0,0.0,3.0,3.0,6058.6731251478195,312,1516.5377805233002,55,4243.015466809273,254,85.24916517734528,8,137.59514379501343,12,4518.2057543993,270,1141.1423338651657,52,3287.32745718956,214,73.28437006473541,9,158.5335352420807,14
MSSB119,y,1.0,1.0,48.20807665982203,M,1.0,2597.858830690384,1.0,0.0,0.0,1.0,1.0,4561.582863330841,336,529.442732334137,47,3815.2779948711395,291,38.885624408721924,5,95.71846008300781,17,4123.371788263321,300,255.7477605342865,16,3596.920257806778,282,23.929615020751953,2,101.7008638381958,19
MSSB121,y,2.0,4.0,73.91101984941822,M,1.0,N/A,N/A,0.0,1.0,2.0,3.0,4388.098051071167,212,442.69837188720703,34,3873.6107540130615,180,37.39006519317627,6,107.68338775634766,11,3867.6283435821533,161,251.26123809814453,18,3559.534206390381,146,14.956026077270508,3,100.2053747177124,10
MSSB123,y,1.0,2.0,75.49349760438055,M,1.0,N/A,1.0,0.0,0.0,1.0,2.0,4175.717821121216,131,662.5512158870697,32,3453.3425676822662,105,46.36362910270691,5,88.24045538902283,7,4869.6766567230225,92,438.21107506752014,22,4416.509572267532,74,67.30204224586487,3,188.44571828842163,8
MSSB124,y,1.0,2.0,46.63928815879535,F,1.0,N/A,N/A,0.0,0.0,1.0,2.0,4278.919060707092,342,521.9653100967407,54,3389.035509109497,278,37.39006519317627,8,106.1877851486206,18,4495.781438827515,364,474.1060266494751,37,3785.3702001571655,318,41.87687301635742,5,173.4899024963379,27
MSSB125,y,1.0,1.0,59.953456536618766,M,1.0,N/A,0.0,0.0,0.0,1.0,1.0,1713.9626376628876,133,215.36703300476074,11,1446.249450802803,123,25.4252747297287,2,56.832967042922974,9,1589.8274728059769,116,210.88021981716156,9,1350.5307694673538,109,26.920879125595093,3,52.34615385532379,8
MSSB126,y,1.0,1.0,72.17248459958935,F,1.0,3306.766559243202,1.0,0.0,0.0,1.0,1.0,1413.3398455381393,110,649.0894105434418,22,717.886905670166,84,58.32831108570099,5,38.88554072380066,7,1099.2643243074417,83,667.0365831851959,17,418.7673616409302,67,56.83271336555481,5,23.929563522338867,6
MSSB127,y,2.0,3.0,75.83572895277209,F,1.0,N/A,1.0,0.0,0.0,2.0,3.0,9879.939801692963,257,1746.8618965148926,58,7928.1805765628815,190,124.13487792015076,10,270.70376992225647,27,8562.315374612808,173,954.1933989524841,42,7563.253947496414,133,68.79764318466187,8,285.65977931022644,19
MSSB129,y,2.0,3.0,77.24572210814513,F,1.0,32855.39808654785,1.0,0.0,0.0,2.0,3.0,3223.0236196517944,162,553.3729648590088,33,2590.383716583252,127,23.929641723632812,6,50.85048866271973,8,3260.4136848449707,177,517.4785022735596,38,2683.111078262329,139,44.86807823181152,4,68.79771995544434,9
MSSB131,y,1.0,1.0,57.169062286105394,M,0.0,3529.610619544983,1.0,1.0,0.0,1.0,1.0,4575.033425927162,270,958.6781386137009,60,3291.8105820417404,201,53.84151792526245,10,116.65662217140198,15,3572.982953429222,222,554.8667541742325,44,2896.972783923149,178,35.8943452835083,6,115.1610244512558,16
MSSB132,y,3.0,2.0,87.67967145790554,M,1.0,N/A,1.0,0.0,1.0,3.0,2.0,6582.125566363335,194,831.5523324012756,57,5430.515321850777,133,44.867931604385376,8,140.58618569374084,11,6009.311639547348,147,655.0718014240265,39,5222.627238750458,101,46.363529324531555,6,134.60379481315613,9
MSSB136,y,1.0,1.0,43.86858316221766,F,1.0,N/A,N/A,0.0,0.0,1.0,1.0,2174.606191635132,233,459.1500005722046,40,1613.7552137374878,195,35.89446258544922,6,47.859283447265625,11,2380.999351501465,280,361.9358310699463,31,1870.9988622665405,248,40.38127040863037,9,82.2581434249878,18
MSSB138,y,1.0,1.0,59.540041067761805,F,1.0,N/A,1.0,1.0,0.0,1.0,1.0,8572.794147491455,243,1124.6931610107422,52,7250.681442260742,187,41.87687301635742,8,215.3667755126953,16,8764.231281280518,229,1227.8897409439087,56,7467.543820381165,179,47.859283447265625,7,191.4371337890625,16
MSSB139,y,0.0,1.0,49.22655715263519,M,1.0,N/A,1.0,0.0,0.0,1.0,1.0,3770.414174079895,356,360.44022846221924,33,3240.970850944519,319,31.407654762268066,6,103.1965799331665,21,3902.0272035598755,415,282.6688928604126,24,3544.5781803131104,392,23.929641723632812,4,124.13501644134521,31
MSSB140,y,2.0,2.0,74.95687885010265,M,0.0,6330.885838508606,1.0,0.0,0.0,2.0,2.0,3739.006519317627,273,788.1825742721558,62,2858.096583366394,209,40.38127040863037,7,82.2581434249878,18,3061.498538017273,230,605.7190561294556,45,2415.398211479187,188,40.38127040863037,6,110.67459297180176,16
MSSB143,y,2.0,2.0,85.18275154004107,F,1.0,N/A,N/A,0.0,1.0,2.0,2.0,4836.784616231918,229,1547.9505497217178,62,3097.396703839302,154,82.25824177265167,11,82.25824177265167,12,4440.449451327324,162,1250.3252749443054,37,3148.2472532987595,123,74.7802197933197,7,119.64835166931152,10
MSSB145,y,1.0,2.0,64.95003422313482,F,1.0,4494.280821084976,1.0,0.0,0.0,1.0,2.0,3619.354271888733,277,364.9266290664673,27,3091.407140493393,247,41.87682628631592,3,89.73605632781982,18,4069.530154466629,272,472.6098966598511,27,3522.140210866928,247,38.885624408721924,4,127.12607979774475,21
MSSB146,y,1.0,2.0,89.68104038329909,M,1.0,16542.824842572212,1.0,0.0,0.0,1.0,2.0,5580.081320643425,284,804.6324713230133,40,4630.375708580017,240,37.38998472690582,7,118.1523517370224,19,4259.467060089111,218,496.5389971733093,19,3752.4588671922684,199,31.40758717060089,4,134.60394501686096,13
MSSB148,y,1.0,2.0,62.7132101300479,M,1.0,N/A,N/A,0.0,0.0,1.0,2.0,4123.381319403648,318,498.0362638235092,42,3369.596703886986,267,34.39890110492706,6,113.66593408584595,22,3592.4417588710785,256,351.4670330286026,17,3080.9450554847717,240,41.87692308425903,3,146.56923079490662,17
MSSB151,y,1.0,2.0,48.43258042436688,F,1.0,9153.058047294617,1.0,0.0,0.0,1.0,2.0,3423.423181414604,189,487.5648567676544,20,2636.738780617714,172,65.80629968643188,3,83.75347232818604,18,2973.2482676506042,125,536.9195815324783,14,1938.2946453094482,114,80.76227688789368,4,77.77108144760132,10
MSSB152,y,1.0,1.0,62.70773442847364,M,0.0,N/A,1.0,0.0,0.0,1.0,1.0,1163.5763247013092,78,195.9235199689865,14,966.1572053432465,65,17.947192668914795,3,98.70955967903137,9,1067.8579638004303,57,94.22276151180267,11,967.6528047323227,46,5.982397556304932,2,177.97632730007172,6
MSSB153,y,1.0,2.0,61.13073237508556,M,0.0,14896.153292655945,1.0,0.0,0.0,1.0,2.0,3656.736425757408,238,850.995102763176,36,2760.873391389847,202,22.433965802192688,4,91.23146092891693,17,3350.1388931274414,226,731.3472851514816,23,2617.2960102558136,210,28.416356682777405,5,125.63020849227905,19
MSSB154,y,1.0,3.0,72.1095140314853,F,0.0,N/A,1.0,0.0,0.0,1.0,3.0,1313.140659570694,91,375.3967033624649,22,889.8846155405045,65,28.416483521461487,5,38.885714292526245,6,954.1956045627594,55,243.78351652622223,11,698.447252869606,45,32.90329670906067,3,38.885714292526245,5
MSSB155,y,1.0,2.0,61.88364134154688,M,1.0,4890.6263744831085,1.0,0.0,0.0,1.0,2.0,5116.462638258934,358,490.55824184417725,51,4434.467033743858,311,31.407692313194275,7,109.17912089824677,23,4159.275824904442,346,212.37582421302795,23,3762.9406599998474,323,17.94725275039673,5,103.19670331478119,20
MSSB156,y,1.0,3.0,72.50376454483228,F,1.0,N/A,0.0,0.0,0.0,1.0,3.0,2457.272342443466,118,367.9178309440613,31,2059.442492723465,89,23.929615020751953,5,70.29324412345886,7,1906.8911969661713,79,97.21406102180481,13,1806.6859340667725,69,7.478004693984985,2,68.79764318466187,6
MSSB157,y,2.0,2.0,71.76180698151951,M,0.0,N/A,N/A,0.0,0.0,2.0,2.0,7087.652848958969,376,1052.903060913086,63,5886.6852951049805,311,53.841633796691895,9,183.95891547203064,22,6472.960863113403,339,632.6391971111298,38,5780.497628450394,303,38.885624408721924,7,221.34893894195557,22
MSSB158,y,2.0,2.0,61.3908281998631,M,0.0,N/A,1.0,1.0,1.0,2.0,2.0,5698.233672380447,338,1986.1559886932373,58,3562.517744779587,276,76.27556884288788,13,140.5863425731659,17,4820.316830992699,297,1645.1593279838562,39,3145.245515227318,257,74.77996945381165,8,137.59514379501343,20
MSSB159,y,2.0,2.0,79.90417522245038,F,0.0,12115.863205194471,1.0,0.0,0.0,2.0,2.0,1715.4542768001556,70,200.4105257987976,18,1504.574544429779,54,10.46920657157898,3,74.78004693984985,6,1580.850192308426,53,89.73605632781982,12,1489.618535041809,41,13.460408449172974,2,88.24045538902283,6
MSSB161,y,3.0,4.0,68.8952772073922,F,1.0,N/A,1.0,1.0,0.0,3.0,3.0,6941.069019198418,170,442.69692516326904,36,6356.290310621262,134,29.911954402923584,4,281.1723713874817,16,5879.19463789463,118,210.87927854061127,16,5626.438623189926,104,20.93836808204651,3,252.75601470470428,18
MSSB165,y,2.0,4.0,59.58110882956879,F,1.0,11324.690308570862,1.0,0.0,0.0,2.0,3.0,4193.66503238678,238,888.3869576454163,53,3155.717980861664,184,52.3460328578949,8,106.18766665458679,16,3564.017037153244,143,676.0116243362427,25,2814.7209668159485,123,40.38122534751892,6,101.7008638381958,13
MSSB166,y,2.0,1.0,82.15468856947297,M,1.0,11828.721024513245,1.0,0.0,0.0,2.0,1.0,3495.2232942581177,156,2237.421501159668,39,1120.206353187561,110,121.14381122589111,13,50.85048866271973,11,2959.7975606918335,111,2213.491859436035,38,693.9596099853516,69,139.09104251861572,13,26.920846939086914,7
MSSB167,y,2.0,3.0,62.6338124572211,M,1.0,N/A,0.0,1.0,0.0,2.0,3.0,2261.353846549988,120,747.802197933197,13,1482.1439563035965,107,25.4252747297287,2,82.25824177265167,8,1770.7956047058105,102,708.9164836406708,14,1040.9406595230103,87,29.91208791732788,2,67.30219781398773,7
MSSB168,y,1.0,1.0,47.31279945242984,F,1.0,N/A,N/A,0.0,0.0,1.0,1.0,1437.2725021839142,114,182.46331453323364,14,954.1933989524841,96,14.95600938796997,2,37.39002346992493,9,925.7769811153412,80,103.1964647769928,9,512.99112200737,69,8.973605632781982,1,34.39882159233093,5
MSSB169,y,2.0,4.0,73.53867214236826,F,1.0,N/A,0.0,0.0,0.0,2.0,3.0,3733.0160751342773,175,335.0142631530762,22,3179.644301176071,146,22.433990836143494,5,107.68315601348877,16,4871.167210221291,267,414.2810307741165,37,4231.050671696663,229,38.885584115982056,6,158.5335352420807,18
MSSB171,y,1.0,1.0,58.98699520876112,F,1.0,N/A,N/A,0.0,0.0,1.0,1.0,4136.841758966446,340,708.9164836406708,72,3261.9131873846054,272,50.8505494594574,8,97.21428573131561,20,3734.524176478386,276,424.7516484260559,31,3209.5670335292816,248,53.841758251190186,5,118.15274727344513,23
MSSB172,y,1.0,1.0,55.373032169746736,M,1.0,N/A,N/A,0.0,0.0,1.0,1.0,1529.9981750249863,151,169.00273096561432,10,1307.1538660526276,138,14.955993890762329,2,50.85037922859192,9,1538.9717713594437,172,149.5599389076233,6,1343.0482513904572,164,22.433990836143494,2,70.29317128658295,12
MSSB173,y,2.0,3.0,75.58110882956878,M,1.0,36983.22001457214,1.0,1.0,0.0,2.0,3.0,3472.785379886627,198,260.2345633506775,19,3067.477525472641,177,32.903220653533936,3,116.65687322616577,12,2979.237070083618,157,142.08208918571472,7,2774.3397414684296,147,23.929615020751953,3,115.16127228736877,12
MSSB174,y,3.0,4.0,67.31279945242984,F,1.0,6941.091702461243,1.0,0.0,0.0,3.0,3.0,5381.178182601929,384,975.1329002380371,56,4313.317920684814,328,52.34609127044678,8,118.15260601043701,23,5161.324599266052,348,928.7692193984985,50,4225.0773668289185,301,50.85048866271973,7,149.56026077270508,21
MSSB175,y,1.0,2.0,34.3025325119781,F,1.0,399.3250368833542,1.0,0.0,0.0,1.0,2.0,1621.2297377586365,74,166.01153218746185,7,1124.6907405853271,68,25.42518961429596,3,61.31957495212555,6,1275.7462788820267,32,115.16115295886993,4,842.0224560499191,28,23.929590225219727,1,56.83277678489685,3
MSSB176,y,2.0,2.0,80.04106776180699,M,0.0,117400.06524431704,1.0,1.0,1.0,2.0,2.0,10337.582977294922,277,1025.9811809062958,49,8155.503468632698,219,62.81517434120178,9,264.7210918664932,26,9322.07099211216,285,858.4740493297577,52,7349.3753979206085,229,65.80637311935425,8,192.93232119083405,22
MSSB178,y,3.0,3.0,82.68583162217661,F,0.0,N/A,0.0,0.0,1.0,3.0,3.0,3439.8785948753357,208,1187.505914926529,43,2146.185123324394,167,130.11714684963226,8,40.38118350505829,10,2457.2697962522507,144,1017.0075845718384,20,1386.420633673668,125,127.1259480714798,3,38.885584115982056,8
MSSB179,y,1.0,3.0,79.92881587953457,M,1.0,21041.63308811188,1.0,0.0,0.0,1.0,3.0,3371.0882778167725,191,352.962215423584,21,2892.495443344116,168,17.94723129272461,4,110.67459297180176,12,3028.595280647278,137,278.18208503723145,14,2690.5890913009644,123,23.929641723632812,3,107.68338775634766,12
MSSB180,y,1.0,1.0,70.92676249144424,F,1.0,6036.259341716766,1.0,0.0,0.0,1.0,1.0,2949.331868648529,196,882.4065935611725,22,2031.030769586563,173,32.90329670906067,4,76.2758241891861,15,1540.4725277423859,90,658.0659341812134,11,882.4065935611725,80,19.442857146263123,2,44.86813187599182,9
MSSB184,y,4.0,4.0,68.15605749486654,M,0.0,65468.29460167885,1.0,1.0,1.0,3.0,3.0,9733.349962711334,374,4594.4761962890625,65,4296.852249979973,300,218.35726714134216,22,206.39248538017273,22,8305.054139971733,305,4314.799422621727,65,3432.3967677354813,235,267.7119919061661,19,240.79123294353485,19
MSSB186,y,1.0,1.0,75.21149897330594,M,1.0,N/A,1.0,0.0,0.0,1.0,1.0,3037.55896961689,182,1311.6392005681992,39,1559.908422112465,138,41.87673616409302,9,70.29309284687042,13,3109.3476601839066,200,1547.9436403512955,27,1491.1109269857407,174,41.87673616409302,7,59.82390880584717,17
MSSB187,y,1.0,2.0,55.78918548939083,M,1.0,1552.4321658611298,1.0,0.0,0.0,1.0,2.0,2662.1669125556946,211,378.3866454362869,35,2165.6279153823853,175,23.929590225219727,6,74.77996945381165,13,2548.501358985901,222,206.39271569252014,19,2261.346276283264,201,13.460394501686096,3,77.77116823196411,13
MSSB191,y,1.0,1.0,67.85763175906914,M,1.0,12030.613951683044,1.0,0.0,0.0,1.0,1.0,4271.436281204224,186,924.2813801765442,33,2953.811854124069,153,47.859230041503906,5,74.78004693984985,12,4075.512558221817,181,828.5629200935364,27,2961.289858818054,155,50.8504319190979,6,71.78884506225586,8
MSSB192,y,3.0,1.0,54.17111567419576,M,0.0,N/A,1.0,1.0,0.0,3.0,1.0,2252.3775272369385,115,1289.2094478607178,30,955.6900663375854,84,65.80651473999023,9,32.90325736999512,7,2191.0578203201294,104,1482.1421842575073,33,705.924430847168,72,65.80651473999023,8,28.416449546813965,6
MSSB194,y,3.0,3.0,73.2375085557837,F,0.0,N/A,0.0,0.0,0.0,3.0,3.0,6751.158242940903,313,1944.2857146263123,75,4590.009890913963,239,122.63956046104431,8,180.96813189983368,23,5530.745055913925,217,1515.0472530126572,41,3969.33406662941,176,103.19670331478119,5,167.50769233703613,17
MSSB196,y,2.0,2.0,67.73442847364815,F,0.0,N/A,1.0,0.0,0.0,2.0,2.0,2047.4799699783325,187,601.2322483062744,48,1392.4060277938843,137,32.90325736999512,7,35.89446258544922,8,734.3408803939819,89,146.56905555725098,18,568.3289909362793,71,10.469218254089355,4,22.43403911590576,6
MSSB197,y,3.0,4.0,64.51471594798085,M,1.0,26081.72864162922,1.0,0.0,1.0,3.0,3.0,4543.625873804092,210,361.93464827537537,28,4117.380523562431,181,19.44277036190033,5,148.06417429447174,18,4658.786898255348,208,230.3220489025116,23,4400.048492670059,183,19.44277036190033,4,154.04656517505646,18
MSSB198,y,1.0,0.0,57.59890485968515,M,1.0,N/A,0.0,0.0,0.0,1.0,1.0,2503.638765335083,192,447.1851797103882,28,2010.0899047851562,162,40.38127040863037,7,53.84169387817383,9,2541.0288305282593,239,219.85358333587646,20,2300.236810684204,220,16.45162868499756,4,64.31091213226318,14
MSSB200,y,3.0,3.0,63.373032169746736,M,1.0,16509.957186698914,1.0,0.0,0.0,3.0,3.0,4579.5351848602295,212,798.6517925262451,33,3689.6516332626343,177,34.39885997772217,5,152.55146598815918,14,4036.63143825531,159,670.0299682617188,35,3356.132251739502,124,29.912052154541016,4,188.4459285736084,12
MSSB201,y,2.0,3.0,66.03969883641342,M,1.0,N/A,N/A,1.0,0.0,2.0,3.0,6300.960226178169,357,1320.6142605543137,57,4803.86523771286,301,70.29317128658295,13,122.6391499042511,22,5527.735342025757,300,1374.455838561058,42,4045.59634745121,256,70.29317128658295,12,158.5335352420807,19
MSSB202,y,2.0,2.0,81.19644079397675,F,1.0,N/A,N/A,0.0,0.0,2.0,2.0,1242.8430923223495,124,385.8646423816681,28,815.1016670465469,94,32.903186559677124,8,40.38118350505829,10,976.6264010667801,92,248.26949858665466,20,707.4185110330582,73,29.911987781524658,3,37.38998472690582,12
MSSB203,y,3.0,4.0,85.42915811088294,F,1.0,N/A,0.0,0.0,1.0,3.0,3.0,2819.2077696323395,101,1015.513037443161,27,1776.7739152908325,76,55.33723473548889,5,118.15247416496277,10,4142.814600467682,134,1718.4454786777496,38,2404.9263095855713,99,83.75365257263184,8,145.07329106330872,14
MSSB204,y,1.0,1.0,46.39288158795345,M,0.0,N/A,N/A,0.0,0.0,1.0,1.0,4097.951145172119,348,705.924430847168,62,3175.164336204529,290,40.38127040863037,6,89.73615646362305,18,2366.0433254241943,229,251.26123809814453,16,2038.5063543319702,216,25.425244331359863,3,83.75374603271484,14
MSSB205,y,1.0,3.0,65.6536618754278,F,0.0,N/A,0.0,0.0,1.0,1.0,3.0,4639.344127893448,285,418.7673616409302,41,4175.708834648132,245,26.920758962631226,4,113.66542673110962,17,3205.065914273262,163,152.55096745491028,9,2998.6734288930893,155,16.45157492160797,1,79.2666791677475,11
MSSB206,y,1.0,1.0,81.23477070499658,F,1.0,26808.676743507385,1.0,0.0,0.0,1.0,1.0,4694.696585655212,150,535.4257335662842,28,4106.924760818481,121,31.407654762268066,4,151.05586338043213,9,4190.678506851196,114,276.6864824295044,14,3887.071177482605,99,26.920846939086914,2,166.01188945770264,11
MSSB207,y,3.0,4.0,64.27652292950035,M,1.0,29720.615020751957,1.0,1.0,0.0,3.0,3.0,7635.051312446594,239,2037.0107517242432,54,5375.1957721710205,181,82.2581434249878,11,201.90635204315186,13,6350.328672409058,199,1685.5441389083862,45,4585.517595291138,154,71.78892517089844,8,206.393159866333,12
MSSB209,y,N/A,N/A,N/A,N/A,1.0,N/A,0.0,N/A,N/A,N/A,N/A,2910.4364111423492,238,886.8904377222061,47,1763.3116797208786,187,46.36358106136322,7,86.74476456642151,15,2077.3875514268875,176,616.186948299408,35,1292.1978721618652,139,62.81517434120178,7,95.7183609008789,13
MSSB210,n,1.0,1.0,80.30663928815879,F,0.0,6275.535036563873,1.0,0.0,0.0,1.0,1.0,N/A,N/A,N/A,N/A,N/A,N/A,N/A,N/A,N/A,N/A,1679.5581139326096,151,312.5802723169327,16,1362.4910434484482,137,23.929590225219727,3,74.77996945381165,16
MSSB211,y,2.0,2.0,76.11772758384669,F,1.0,16539.85078215599,1.0,0.0,0.0,2.0,2.0,1236.8619763851166,82,192.93252110481262,14,990.0878214836121,67,17.947211265563965,2,37.39002346992493,7,2203.0201828479767,157,472.6098966598511,25,1715.4542768001556,132,28.416417837142944,3,62.81523942947388,10
MSSB212,y,2.0,2.0,76.15879534565364,M,1.0,19339.61573958397,1.0,0.0,0.0,2.0,2.0,5533.723473548889,251,1168.0643332004547,54,4272.931882143021,196,52.3460328578949,9,191.43692016601562,13,3878.0932343006134,208,761.2608778476715,36,3082.433534860611,173,50.8504319190979,6,145.07329106330872,16
MSSB213,y,1.0,2.0,67.39767282683096,M,1.0,3598.424176454544,1.0,0.0,0.0,1.0,2.0,2395.9582421779633,206,224.3406593799591,29,1927.834066271782,169,16.451648354530334,5,82.25824177265167,11,2421.383516907692,202,213.87142860889435,16,2060.942857503891,185,22.43406593799591,2,94.22307693958282,13
MSSB215,y,1.0,3.0,61.00205338809035,M,1.0,1891.9372987747192,1.0,0.0,0.0,1.0,3.0,3496.7188968658447,294,332.0237789154053,30,3133.2874631881714,268,37.39006519317627,4,110.67459297180176,21,2389.972967147827,207,222.84478855133057,18,2165.6325759887695,193,23.929641723632812,2,71.78892517089844,14
MSSB217,y,2.0,2.0,66.77070499657769,M,1.0,N/A,0.0,0.0,0.0,2.0,2.0,2244.899514198303,109,524.9565153121948,33,1468.6817607879639,80,26.920846939086914,5,62.81530952453613,9,2271.82036113739,106,492.0532579421997,31,1550.9399042129517,78,35.89446258544922,3,76.27573299407959,8
MSSB218,y,2.0,3.0,75.08555783709791,F,0.0,44826.05486822128,1.0,0.0,0.0,2.0,3.0,5931.540558099747,196,557.8579496145248,44,5215.149250149727,143,50.85032248497009,6,249.76481926441193,24,5524.737978219986,136,215.3660717010498,22,5309.371906518936,118,20.93836808204651,3,329.0314984321594,16
MSSB219,y,1.0,1.0,49.65913757700205,F,0.0,5155.331094145775,1.0,0.0,0.0,1.0,1.0,3258.9110687971115,239,972.1396028995514,46,2107.299539208412,194,28.416388392448425,5,100.2051590681076,22,2496.1553803682327,105,1088.7963552474976,14,1159.0895265340805,91,31.40758717060089,3,58.32837617397308,13
MSSB220,y,1.0,2.0,77.52498288843262,M,0.0,N/A,N/A,0.0,0.0,1.0,2.0,4011.201717853546,179,329.03220653533936,24,3486.2457883358,153,8.973605632781982,3,101.7008638381958,11,4347.7119290828705,208,367.9178309440613,33,3821.2603986263275,178,14.95600938796997,4,94.22285914421082,12
MSSB221,y,2.0,3.0,71.46338124572212,F,1.0,50168.32992458344,1.0,0.0,0.0,2.0,3.0,7554.264084458351,285,1036.4492200613022,65,6330.865149378777,223,65.80629968643188,12,218.35726714134216,20,6203.739343166351,192,601.230283498764,31,5577.083898425102,165,44.867931604385376,4,210.87927854061127,16
MSSB222,y,1.0,3.0,56.32306639288158,F,1.0,36878.56910133362,1.0,0.0,0.0,1.0,3.0,6061.677369117737,287,789.6781768798828,52,5162.820201873779,243,32.90325736999512,7,155.54267120361328,22,5562.146098136902,302,668.5343656539917,44,4842.76124382019,266,41.87687301635742,5,139.09104251861572,25
MSSB223,y,2.0,2.0,62.89938398357289,M,1.0,9595.797803878784,1.0,0.0,0.0,2.0,2.0,1742.379121184349,156,770.2362638711929,41,848.0076924562454,106,53.841758251190186,7,22.43406593799591,6,1710.9714288711548,156,816.6000001430511,42,798.6527473926544,110,41.87692308425903,7,28.416483521461487,6
MSSB227,y,2.0,4.0,63.49075975359344,F,0.0,39470.495611310005,1.0,0.0,0.0,2.0,3.0,4094.964835882187,250,683.4912089109421,35,3224.5230774879456,216,49.354945063591,4,115.16153848171234,11,3744.9934072494507,213,445.6901099681854,21,3140.7692313194275,197,35.89450550079346,2,106.18791210651398,13
MSSB228,y,1.0,1.0,75.1540041067762,F,1.0,1174.0480470657349,1.0,0.0,0.0,1.0,1.0,1157.5964183807373,101,257.24364852905273,11,858.4758968353271,89,31.407654762268066,4,49.354886054992676,10,764.252932548523,78,260.23485374450684,7,496.54006576538086,72,38.88566780090332,4,34.39885997772217,6
MSSB229,y,3.0,1.0,50.59274469541408,M,0.0,10445.301100730896,1.0,1.0,0.0,3.0,1.0,2520.093407034874,164,1106.7472529411316,29,1374.4604398012161,130,50.8505494594574,6,58.32857143878937,10,1936.8076926469803,119,1090.2956045866013,30,845.0164836645126,90,32.90329670906067,3,55.33736264705658,8
MSSB232,y,3.0,1.0,75.15947980835045,M,1.0,32532.34792327881,1.0,0.0,0.0,3.0,1.0,6842.381930351257,242,1990.6470708847046,53,4748.538279533386,188,94.2229642868042,12,189.94153118133545,16,4609.4472370147705,118,1075.3382749557495,26,3534.108962059021,97,67.30211734771729,6,183.95912075042725,11
MSSB233,y,4.0,4.0,81.76317590691309,F,1.0,N/A,1.0,1.0,0.0,3.0,3.0,4703.6600786447525,188,1021.4943827390671,38,3378.55901992321,143,67.30197250843048,5,122.6391499042511,10,4106.915922403336,153,765.7468872070312,38,3134.776319503784,115,71.78877067565918,4,127.1259480714798,11
MSSB236,y,2.0,3.0,72.5612594113621,M,1.0,37899.98411858082,1.0,0.0,0.0,2.0,3.0,6457.998162031174,237,999.0603919029236,40,5225.624265432358,195,73.28437006473541,8,212.37511324882507,19,6366.7665992975235,228,900.3508322238922,43,5294.4218373298645,186,80.76236701011658,9,243.78270041942596,18
MSSB239,y,1.0,2.0,50.87748117727584,F,1.0,234.8093473911285,1.0,0.0,0.0,1.0,2.0,1815.6595396995544,191,218.35773706436157,25,1576.363389492035,172,26.920816898345947,5,67.30204224586487,16,1742.3750936985016,186,192.93252110481262,14,1546.451370716095,177,22.434014081954956,2,77.77124881744385,13
MSSB240,y,1.0,2.0,71.89322381930187,M,1.0,N/A,N/A,0.0,0.0,1.0,2.0,3083.9259402751923,170,311.08467292785645,17,2762.372071623802,153,40.38118350505829,4,79.26676762104034,9,2935.861600756645,165,222.8443089723587,9,2707.0348942279816,155,14.955993890762329,2,124.13474929332733,12
MSSB241,y,2.0,2.0,54.57631759069132,M,1.0,1090.2930843830109,1.0,1.0,0.0,2.0,2.0,4066.538952589035,323,852.4925351142883,59,3097.389544248581,271,56.83283567428589,6,74.78004693984985,17,4287.887891530991,388,996.0702252388,55,3196.0992062091827,336,61.31963849067688,8,119.64807510375977,27
MSSB242,y,2.0,4.0,52.1943874058864,M,1.0,5050.6500062942505,1.0,0.0,0.0,2.0,3.0,6375.7539167404175,425,1302.6698713302612,75,4842.76124382019,347,110.67459297180176,9,131.61302947998047,23,5841.82378578186,495,916.8043985366821,44,4766.485510826111,455,97.2141695022583,6,157.03827381134033,31
MSSB243,y,1.0,2.0,80.29568788501025,M,1.0,2152.174725651741,1.0,1.0,0.0,1.0,2.0,2874.5516488552094,195,868.9461539983749,38,1926.3384618759155,154,44.86813187599182,8,70.29340660572052,9,1900.9131871461868,151,447.1857143640518,17,1425.3109892606735,136,34.39890110492706,3,64.31098902225494,12
MSSB244,y,3.0,3.0,89.83983572895278,M,1.0,N/A,N/A,0.0,0.0,3.0,3.0,3175.1575030088425,164,716.3921073675156,37,2306.214257955551,123,37.38998472690582,6,86.74476456642151,11,2593.369340658188,123,414.2810307741165,21,2114.7775361537933,100,19.442792057991028,3,59.823975563049316,7
MSSB245,y,1.0,1.0,62.75427789185488,M,0.0,N/A,N/A,0.0,0.0,1.0,1.0,4500.268246650696,364,713.4024438858032,48,3632.8187341690063,308,49.354886054992676,9,121.14381122589111,24,4697.6877908706665,429,664.0475578308105,48,3952.877692222595,392,44.86807823181152,7,180.96791553497314,27
MSSB246,y,3.0,4.0,39.56741957563312,M,1.0,N/A,1.0,1.0,1.0,3.0,3.0,5482.879159927368,312,1452.2301321029663,56,3966.3381156921387,267,122.63941383361816,8,170.4986972808838,14,4989.330299377441,261,1269.766613960266,27,3683.669222831726,238,130.11742687225342,5,125.63061904907227,14
MSSB248,y,3.0,1.0,60.92265571526352,M,1.0,N/A,N/A,0.0,0.0,3.0,1.0,5904.6390953063965,417,1903.9021196365356,77,3753.9625453948975,338,83.75374603271484,13,121.14381122589111,24,5850.797401428223,421,2214.987462043762,56,3466.8068447113037,366,88.240553855896,11,170.4986972808838,29
MSSB249,y,2.0,2.0,48.91170431211499,F,1.0,29001.167753577232,1.0,0.0,0.0,2.0,2.0,6697.294064283371,236,1945.774805188179,55,4006.710763335228,176,140.5863425731659,7,128.62154746055603,16,6024.274339199066,147,1742.3732882738113,34,3943.895588994026,108,131.6127462387085,4,137.59514379501343,10
MSSB250,y,3.0,4.0,77.48117727583848,M,1.0,N/A,1.0,0.0,0.0,3.0,3.0,6280.028342008591,279,1045.425056219101,65,4887.623867988586,204,47.859230041503906,12,163.02050232887268,14,4643.840914964676,147,372.40463376045227,28,4082.990562915802,117,25.42521595954895,4,158.5336995124817,8
MSSB251,y,3.0,4.0,84.95277207392198,F,1.0,N/A,0.0,0.0,1.0,3.0,3.0,1467.1845209598541,94,445.6890797615051,19,1002.052628993988,73,14.95600938796997,2,82.25805163383484,9,1818.6507415771484,111,677.5072252750397,29,1136.6567134857178,83,23.929615020751953,3,100.2052628993988,9
MSSB252,y,1.0,1.0,58.81177275838469,M,1.0,N/A,1.0,1.0,0.0,1.0,1.0,1915.8648025989532,108,590.7623708248138,33,1211.4367604255676,73,61.31963849067688,4,83.75365257263184,7,1521.026154756546,71,394.8386478424072,12,1051.407459974289,57,61.31963849067688,3,88.24045538902283,8
MSSB253,y,1.0,2.0,83.24435318275151,M,1.0,N/A,1.0,1.0,0.0,1.0,2.0,7467.543820381165,373,1380.4412069320679,67,5955.489583969116,310,58.32850170135498,10,192.93273639678955,28,6576.164666175842,293,1045.4262228012085,44,5475.401146888733,253,47.859283447265625,7,254.25244331359863,31
MSSB254,y,2.0,3.0,63.134839151266256,M,1.0,7256.65575504303,0.0,0.0,0.0,2.0,3.0,2781.8177461624146,200,441.20227694511414,40,2231.4366006851196,169,25.42521595954895,4,70.29324412345886,12,2708.5333001613617,206,384.36944127082825,33,2276.3046288490295,181,29.91201877593994,4,98.7096619606018,14
MSSB255,y,1.0,1.0,63.77823408624231,F,1.0,N/A,0.0,0.0,0.0,1.0,1.0,2171.607889652252,174,659.558594584465,48,1346.0379481315613,126,35.8943452835083,6,47.859127044677734,11,1247.3284986019135,100,381.3774186372757,22,749.2944577932358,75,44.867931604385376,4,50.85032248497009,5
MSSB256,y,2.0,3.0,63.97262149212868,M,1.0,5068.603297591209,1.0,1.0,0.0,2.0,3.0,1992.1450552940369,166,626.6582418680191,29,1350.5307694673538,137,43.37252748012543,5,43.37252748012543,8,2431.8527476787567,228,825.5736265182495,36,1592.8186815977097,194,53.841758251190186,7,52.34615385532379,10
MSSB257,y,2.0,3.0,63.86584531143051,M,1.0,17323.527723670006,1.0,0.0,0.0,2.0,3.0,6987.44034576416,402,973.6352022886276,72,5614.480106592178,327,38.885584115982056,8,146.56874012947083,19,5426.034583568573,338,557.8585721254349,49,4663.278895139694,281,37.38998472690582,5,173.48952913284302,22
MSSB258,y,2.0,1.0,50.94592744695415,M,1.0,8387.3394241333,1.0,0.0,0.0,2.0,1.0,2355.574107170105,137,705.924430847168,37,1507.5674285888672,102,70.29332256317139,6,140.58664512634277,7,1713.9605884552002,83,505.51368141174316,15,1064.8690567016602,72,56.83289909362793,3,133.10863208770752,7
MSSB259,y,2.0,1.0,85.95756331279946,M,1.0,N/A,N/A,0.0,0.0,2.0,1.0,4065.043351650238,275,1205.4543566703796,47,2798.2693564891815,227,44.86802816390991,9,89.73605632781982,16,4551.113656759262,285,1408.8560843467712,46,3110.849952697754,239,73.28444600105286,7,95.71846008300781,15
MSSB260,y,3.0,4.0,74.04243668720054,F,1.0,N/A,N/A,0.0,0.0,3.0,3.0,6136.457499504089,273,1042.4350175857544,62,4963.9050550460815,205,53.84169387817383,8,169.00309467315674,18,5714.697564125061,211,544.3993492126465,32,5128.421341896057,176,29.912052154541016,4,182.4635181427002,16
MSSB261,y,1.0,2.0,65.76865160848732,M,1.0,102861.343583107,1.0,0.0,0.0,1.0,2.0,15995.435466170311,322,1157.5939271450043,72,14535.730462431908,261,52.34597861766815,9,318.5626698732376,24,11571.452473282814,241,659.5593305826187,41,10790.74959218502,204,23.929590225219727,3,222.8443089723587,20
MSSB262,y,1.0,0.0,55.73990417522246,F,1.0,N/A,N/A,0.0,1.0,1.0,1.0,2044.4843648672104,194,532.4333825111389,46,1396.8898293972015,148,29.911987781524658,6,56.83277678489685,12,1319.1186611652374,115,361.93505215644836,20,822.5796639919281,93,19.442792057991028,3,46.36358106136322,11
MSSB263,y,4.0,3.0,83.89322381930187,F,1.0,96364.45983695984,1.0,0.0,1.0,3.0,3.0,7712.806049466133,168,4085.9775309562683,61,3559.5265460014343,108,197.41911935806274,20,118.1523517370224,10,6680.842471003532,144,4074.0127358436584,56,2605.3341357707977,89,216.86191141605377,16,127.1259480714798,9
MSSB264,y,1.0,2.0,56.265571526351806,M,1.0,6052.690727591515,1.0,0.0,0.0,1.0,2.0,2750.4072765111923,174,412.7854313850403,24,2286.77146589756,154,28.416388392448425,3,44.86798167228699,8,3921.4615981578827,308,515.9817892313004,24,3351.638230919838,286,50.85037922859192,4,83.75356578826904,15
MSSB266,y,1.0,1.0,61.05954825462012,F,1.0,8635.590872526169,1.0,0.0,0.0,1.0,1.0,6909.669177532196,439,1556.9189640283585,75,5055.125935077667,362,106.18755662441254,12,146.56874012947083,29,7313.481012582779,409,1483.634593963623,54,5722.163262605667,362,91.23156273365021,10,197.41911935806274,32
MSSB267,y,1.0,1.0,90.25325119780972,F,0.0,9981.651803970335,N/A,0.0,0.0,1.0,1.0,2704.049514770508,173,943.725245475769,32,1748.3594484329224,144,47.859283447265625,7,59.82410430908203,10,2600.8529348373413,160,867.4495124816895,20,1733.4034223556519,145,56.83289909362793,5,61.31970691680908,8
MSSB269,y,1.0,1.0,46.97330595482547,F,0.0,853.9881360530853,1.0,0.0,0.0,1.0,1.0,707.4192440509796,83,106.18766665458679,11,526.451530456543,68,17.947211265563965,3,40.38122534751892,7,463.6362910270691,46,73.28444600105286,5,287.15538024902344,40,5.982403755187988,2,17.947211265563965,7
MSSB270,y,2.0,2.0,83.1895961670089,M,0.0,702.9332256317139,1.0,0.0,0.0,2.0,2.0,976.6285028457642,72,230.32280158996582,15,689.4728021621704,55,23.929641723632812,4,23.929641723632812,4,617.683876991272,35,94.2229642868042,4,507.0092840194702,29,11.964820861816406,1,13.460423469543457,3
MSSB271,y,2.0,2.0,66.8227241615332,M,0.0,2422.8762245178223,1.0,0.0,0.0,2.0,2.0,4130.854402542114,257,1377.4500017166138,60,2448.301468849182,183,160.02947902679443,12,94.2229642868042,18,3178.155541419983,228,882.40553855896,34,2255.3687324523926,192,139.09104251861572,8,85.2493486404419,19
MSSB272,y,1.0,1.0,85.25667351129361,M,0.0,N/A,1.0,0.0,0.0,1.0,1.0,5430.521381735802,212,426.2458258867264,30,4878.645207166672,174,34.39878594875336,4,221.34870958328247,15,4576.534130573273,141,124.13474929332733,10,4452.399381279945,132,19.442792057991028,2,233.31350469589233,14
MSSB273,y,1.0,0.0,57.4401095140315,F,1.0,N/A,N/A,0.0,0.0,1.0,1.0,3927.4571435451508,317,842.0252748727798,60,3010.651648879051,264,46.363736271858215,7,82.25824177265167,20,4531.681319475174,487,635.6318682432175,53,3845.198901772499,438,37.39010989665985,6,145.07362639904022,31
MSSB274,y,4.0,4.0,73.43189596167012,F,1.0,N/A,N/A,0.0,0.0,3.0,3.0,7650.007338523865,218,1486.6289920806885,66,6057.190561294556,143,80.76254081726074,12,228.82719898223877,19,7561.766784667969,231,1263.784203529358,72,6280.035349845886,159,76.27573299407959,11,260.23485374450684,16
MSSB277,y,1.0,1.0,67.08829568788501,M,1.0,11233.458651304243,1.0,0.0,0.0,1.0,1.0,5955.482938289642,328,756.7740750312805,57,5074.573985338211,275,44.86802816390991,9,119.64807510375977,22,4225.072652101517,193,186.95011734962463,15,3643.283886909485,176,22.434014081954956,2,68.79764318466187,11
MSSB278,y,3.0,3.0,72.91991786447639,M,1.0,11273.839876651764,1.0,0.0,0.0,3.0,3.0,2173.1081640720367,150,317.0673990249634,20,1556.920577287674,130,22.434014081954956,5,44.86802816390991,8,1995.131652355194,163,352.9618215560913,25,1640.6742298603058,137,23.929615020751953,5,83.75365257263184,10
MSSB279,y,3.0,4.0,48.295687885010246,F,1.0,35574.32706856728,1.0,1.0,1.0,3.0,3.0,6583.628510713577,209,2433.340206027031,43,3952.8691853284836,166,173.48952913284302,5,109.178755402565,13,5629.436100482941,142,2473.7213895320892,24,3062.987548828125,117,185.45432424545288,4,94.22276151180267,7
MSSB280,y,1.0,3.0,88.21902806297055,F,1.0,N/A,N/A,0.0,0.0,1.0,3.0,4705.160553455353,168,423.25506567955017,18,4187.682628631592,146,22.434014081954956,4,143.57769012451172,16,4346.2163281440735,133,170.49850702285767,9,4151.788206100464,124,8.973605632781982,2,121.14367604255676,14
MSSB281,y,3.0,1.0,79.1622176591376,M,1.0,118821.2824383974,1.0,0.0,1.0,3.0,1.0,6969.516484737396,165,1084.3131870031357,54,5508.310989975929,106,43.37252748012543,8,167.50769233703613,11,6381.743957161903,139,824.0780221223831,38,5409.601099848747,93,46.363736271858215,5,197.419780254364,10
MSSB282,y,1.0,0.0,51.22245037645447,M,0.0,8840.487988829613,1.0,0.0,0.0,1.0,1.0,4243.015466809273,308,1064.8667650222778,55,2916.418808698654,248,59.823975563049316,8,89.73596334457397,21,3399.4974113702774,281,865.9520462751389,47,2291.258264064789,233,58.32837617397308,6,85.24916517734528,20
MSSB283,y,1.0,1.0,62.11088295687886,M,0.0,12129.297510385511,1.0,0.0,0.0,1.0,1.0,2662.163941860199,171,414.28056848049164,33,2182.0770736932755,132,34.39874756336212,7,58.32831108570099,9,2098.3236013650894,134,269.20758962631226,18,1824.6292185783386,116,25.425161242485046,3,50.85032248497009,8
MSSB284,y,4.0,4.0,67.895961670089,M,1.0,52582.45934987068,1.0,1.0,1.0,3.0,3.0,6516.348352789879,172,1480.64835190773,28,4842.767033815384,143,41.87692308425903,5,219.85384619235992,14,6036.259341716766,143,1503.082417845726,25,4438.9538469314575,119,47.85934066772461,4,254.252747297287,13
MSSB285,y,2.0,2.0,82.02874743326487,M,1.0,N/A,1.0,0.0,1.0,2.0,2.0,4835.283230781555,142,388.8566780090332,24,4419.505705833435,119,22.43403911590576,4,143.57785034179688,13,5043.171993255615,119,388.8566780090332,18,4642.350494384766,105,26.920846939086914,4,173.4899024963379,11
MSSB286,y,1.0,1.0,41.06776180698151,M,0.0,4195.151605010033,1.0,0.0,0.0,1.0,1.0,2929.875933766365,235,566.8315359354019,31,2090.8456127643585,204,50.85032248497009,7,68.79749512672424,13,2493.1613994836807,234,423.2541548013687,21,1844.071988940239,211,38.88554072380066,4,79.2666791677475,14
MSSB287,y,1.0,3.0,68.1697467488022,F,1.0,18298.65852534771,1.0,0.0,1.0,1.0,3.0,3149.7323133945465,170,505.5125935077667,26,2545.5101602077484,146,37.38998472690582,9,79.26676762104034,10,2608.32533454895,125,300.6154772043228,18,2259.850676894188,109,25.42518961429596,4,89.73596334457397,13
MSSB288,y,1.0,1.0,76.82409308692675,F,1.0,N/A,N/A,0.0,0.0,1.0,1.0,1015.5153847932816,86,234.80989015102386,14,762.758241891861,72,22.43406593799591,3,46.363736271858215,7,1025.9846155643463,106,198.9153846502304,12,827.0692309141159,97,20.938461542129517,2,41.87692308425903,10
MSSB290,y,2.0,4.0,67.35112936344969,F,0.0,29967.35601067543,1.0,1.0,0.0,2.0,3.0,8725.33587694168,322,1500.087741613388,57,6879.7643184661865,256,107.68326759338379,10,314.0761971473694,24,7418.1806564331055,287,1123.1963050365448,46,6238.151515722275,241,100.2052628993988,5,284.16417837142944,22
MSSB291,y,1.0,1.0,55.51813826146476,M,0.0,2799.7649574279785,1.0,0.0,0.0,1.0,1.0,1875.4835772514343,145,357.4486243724823,19,1257.8003895282745,124,23.929615020751953,4,67.30204224586487,14,1687.0378589630127,108,275.19057273864746,13,1165.0731313228607,94,25.42521595954895,3,61.31963849067688,9
MSSB292,y,2.0,2.0,76.55852156057495,M,0.0,7738.239257335663,1.0,0.0,0.0,2.0,2.0,1806.6859340667725,128,285.65977931022644,19,1504.574544429779,109,8.973605632781982,2,116.65687322616577,11,2211.9937884807587,163,230.32254457473755,21,1977.1844410896301,143,16.451610326766968,2,210.8797323703766,10
MSSB293,y,1.0,1.0,60.52292950034224,M,0.0,7099.617656469345,1.0,0.0,0.0,1.0,1.0,1531.495361328125,140,137.59528636932373,17,1310.1464223861694,121,8.973605632781982,3,59.82403755187988,9,1372.9616618156433,131,22.434014081954956,4,1250.3223848342896,124,5.982403755187988,1,44.86802816390991,9
MSSB294,y,1.0,3.0,46.38740588637919,M,0.0,N/A,1.0,1.0,0.0,1.0,3.0,7952.110191583633,477,1049.911859035492,88,6685.336196422577,387,47.859230041503906,11,137.59528636932373,26,6306.949158906937,330,502.521915435791,41,5617.477126121521,294,41.87682628631592,6,158.5336995124817,18
MSSB295,y,1.0,0.0,78.88569472963722,M,1.0,11513.12409710884,1.0,0.0,1.0,1.0,1.0,2512.6069736480713,203,554.8673733472824,35,1830.613652229309,157,28.416388392448425,5,70.29317128658295,13,1378.9426367282867,116,242.28710103034973,15,1120.2039424180984,100,25.42518961429596,4,47.85918045043945,10
MSSB296,y,4.0,3.0,79.78918548939085,M,1.0,N/A,1.0,0.0,1.0,3.0,3.0,6100.549908041954,236,1159.0895265340805,57,4690.199684143066,165,85.24916517734528,10,221.34870958328247,15,5251.049455046654,172,853.987251162529,34,4296.857044816017,132,80.76236701011658,6,216.86191141605377,13
MSSB298,y,2.0,3.0,55.55920602327174,M,1.0,40822.38532483578,1.0,1.0,1.0,2.0,3.0,7012.865535378456,167,1014.0163857936859,34,5784.978436946869,136,34.39878594875336,4,263.225492477417,16,6374.244596242905,102,836.0400584936142,18,5378.1754031181335,88,35.89438533782959,4,297.62427842617035,9
MSSB299,y,3.0,4.0,66.58726899383984,M,1.0,N/A,1.0,0.0,0.0,3.0,3.0,4721.617432594299,232,797.1561899185181,45,3765.927366256714,177,44.86807823181152,8,125.63061904907227,17,4530.180298805237,236,679.003583908081,39,3809.2998418807983,199,26.920846939086914,6,119.64820861816406,15
MSSB300,y,0.0,0.0,49.37713894592744,F,1.0,2355.5714786052704,1.0,0.0,0.0,1.0,1.0,3091.407140493393,200,665.5424177646637,36,2200.0289809703827,156,64.31084036827087,11,73.28444600105286,12,7048.767224550247,366,1558.416178226471,56,5104.486004114151,310,107.68326759338379,12,167.50730514526367,25
MSSB301,y,1.0,1.0,79.56194387405888,M,1.0,14372.741060256958,1.0,0.0,1.0,1.0,1.0,2062.435996055603,95,206.393159866333,16,1760.3242692947388,79,16.45162868499756,3,29.912052154541016,6,1455.2213373184204,50,101.70097732543945,9,1320.6171026229858,42,16.45162868499756,2,38.88566780090332,4
MSSB302,y,0.0,0.0,58.95687885010264,F,1.0,N/A,N/A,0.0,0.0,1.0,1.0,3613.3681240081787,347,723.8701043128967,64,2805.744453907013,281,47.85918045043945,9,101.70075845718384,22,3022.6063653230667,289,559.3541715145111,45,2449.7917993068695,247,49.354779839515686,5,121.14355051517487,22
MSSB303,y,1.0,1.0,69.77686516084874,M,1.0,2898.4778537750244,1.0,0.0,0.0,1.0,1.0,3759.9449558258057,354,839.0330629348755,66,2762.378016471863,284,40.38127040863037,9,71.78892517089844,18,1546.4530963897705,183,302.11172676086426,28,1241.3501644134521,155,22.43403911590576,4,47.859283447265625,13
MSSB304,y,3.0,3.0,84.30390143737169,M,1.0,N/A,0.0,1.0,0.0,3.0,3.0,7431.641064882278,225,1722.9322814941406,53,5562.139891386032,159,79.26684975624084,12,212.37533330917358,13,6073.635412454605,152,987.0966196060181,33,5059.617975950241,121,46.36362910270691,5,212.37533330917358,12
MSSB306,y,2.0,3.0,71.95619438740587,M,1.0,25950.14499986172,1.0,1.0,1.0,2.0,3.0,3984.2767724990845,222,839.0312572717667,43,2784.8060624599457,178,46.36358106136322,6,67.30197250843048,11,3670.2009007930756,192,723.8701043128967,33,2620.29012966156,161,43.372382283210754,3,85.24916517734528,10
MSSB307,y,3.0,3.0,77.32785763175906,M,1.0,N/A,1.0,1.0,0.0,3.0,3.0,11647.753108978271,322,1627.2156372070312,80,9891.915647506714,245,113.66579818725586,12,320.05895805358887,22,10312.179980278015,265,1153.1096105575562,54,9099.246265411377,211,86.74495124816895,9,291.6425085067749,17
MSSB308,y,4.0,3.0,86.32169746748801,F,1.0,52458.20292830467,0.0,1.0,0.0,3.0,3.0,5473.899435997009,208,1546.451370716095,44,3345.6593000888824,158,71.78884506225586,12,116.65687322616577,12,5472.403835058212,223,1452.2285115718842,53,3747.9759526252747,169,101.7008638381958,14,131.61288261413574,13
MSSB310,y,4.0,4.0,75.64407939767284,F,1.0,49453.48939919472,1.0,1.0,1.0,3.0,3.0,6085.593914151192,190,864.4564468860626,48,5038.674341797829,143,38.885584115982056,7,171.99392974376678,16,5994.3623514175415,138,794.1632755994797,26,5105.976314306259,116,31.40758717060089,4,194.42792057991028,14
MSSB311,y,1.0,1.0,88.24640657084191,F,1.0,N/A,1.0,1.0,0.0,1.0,1.0,2318.179053068161,178,580.2925629615784,34,1678.0625145435333,140,43.372382283210754,4,50.85037922859192,10,2128.2379306554794,175,471.11380755901337,32,1634.6901322603226,140,40.38118350505829,4,76.27556884288788,12
MSSB312,y,1.0,0.0,34.7460643394935,F,1.0,N/A,N/A,0.0,0.0,1.0,1.0,931.7584193944931,104,252.75629675388336,19,565.336569070816,78,17.947192668914795,4,23.929590225219727,6,622.1693458557129,59,282.668284535408,9,246.77389919757843,49,22.433990836143494,3,16.451593279838562,6
MSSB313,y,1.0,2.0,65.94113620807668,M,1.0,40795.50680756569,1.0,1.0,0.0,1.0,2.0,5337.7997505664825,174,442.69787788391113,20,4877.154661417007,158,44.86802816390991,4,125.63047885894775,15,4969.881919622421,153,303.6069905757904,11,4657.301323413849,146,35.89442253112793,2,176.48091077804565,16
MSSB314,y,1.0,1.0,49.018480492813126,M,1.0,13025.175079464912,1.0,1.0,0.0,1.0,1.0,6597.088905215263,390,1684.0449120998383,62,4598.968121409416,328,106.18755662441254,9,125.63034868240356,25,5252.54505443573,348,1329.587856888771,34,3640.288913011551,317,95.7183609008789,6,133.10834562778473,26
MSSB315,y,3.0,4.0,68.01916495550994,F,1.0,N/A,N/A,0.0,0.0,3.0,3.0,4984.84349155426,238,1151.614007949829,59,3783.8745975494385,178,73.28452777862549,11,106.1877851486206,15,4666.280136108398,216,937.7428350448608,51,3724.0504932403564,166,50.85048866271973,10,107.68338775634766,14
MSSB316,y,1.0,2.0,63.444216290212175,F,1.0,27637.273631215096,1.0,1.0,0.0,1.0,2.0,2940.3582422733307,163,906.3362638950348,30,1977.189011335373,131,92.72747254371643,9,85.24945056438446,9,3065.989011526108,141,1067.8615386486053,29,1978.6846157312393,111,98.709890127182,9,82.25824177265167,7
MSSB317,y,3.0,3.0,67.00342231348391,M,1.0,50953.74616277218,1.0,0.0,0.0,3.0,3.0,9645.152748942375,265,786.6879122257233,46,8746.294507026672,219,23.929670333862305,5,384.37032973766327,25,9577.850551128387,227,607.215384721756,29,8859.960441112518,200,25.4252747297287,3,430.7340660095215,25
MSSB318,y,1.0,2.0,53.68377823408623,M,1.0,N/A,1.0,0.0,0.0,1.0,2.0,4993.811534643173,364,747.8004693984985,46,3936.4216709136963,327,88.24045538902283,5,110.67446947097778,20,4317.7999103069305,355,492.05270886421204,27,3587.946652173996,336,80.76245069503784,4,98.7096619606018,16
MSSB319,y,4.0,2.0,80.5284052019165,F,1.0,N/A,N/A,0.0,1.0,3.0,2.0,3792.8527479171753,199,1184.518681526184,65,1873.9923080205917,134,73.28461539745331,12,65.80659341812134,8,3381.561539053917,184,961.6736265420914,58,1724.4318684339523,127,65.80659341812134,10,67.30219781398773,8
MSSB320,y,1.0,1.0,55.003422313483895,M,1.0,N/A,1.0,1.0,1.0,1.0,1.0,12540.642859339714,353,2699.5659345388412,77,9344.53626537323,255,142.08241760730743,15,364.92747259140015,24,8423.243957519531,197,1580.8538464307785,36,6640.48351764679,161,100.2054945230484,8,315.57252752780914,19
MSSB321,y,1.0,2.0,64.09856262833672,M,1.0,30016.71084165573,1.0,1.0,0.0,1.0,2.0,5921.084116697311,321,2113.284126520157,63,3736.0111451148987,258,77.77124881744385,11,176.48091077804565,15,4863.6942529678345,221,1688.5334599018097,40,3167.68278837204,184,97.21406102180481,7,186.95011734962463,21
MSSB322,y,1.0,1.0,73.63175906913075,F,1.0,38777.98441314697,1.0,0.0,0.0,1.0,1.0,3229.0060300827026,118,444.1939744949341,37,2783.3164529800415,86,22.43403911590576,4,136.09983730316162,9,2695.0758991241455,74,225.83599376678467,15,2460.2662897109985,60,26.920846939086914,1,136.09983730316162,7
MSSB323,y,3.0,1.0,56.68172484599591,F,1.0,12893.590081214905,1.0,1.0,1.0,3.0,1.0,4138.3324155807495,262,1908.3889274597168,73,2092.348048210144,187,68.79771995544434,9,71.78892517089844,17,3643.2879524230957,217,1983.1690578460693,58,1643.6672658920288,165,82.2581434249878,9,67.30211734771729,13
MSSB324,y,1.0,1.0,49.28131416837783,F,1.0,146.56905555725098,1.0,0.0,0.0,1.0,1.0,2063.93159866333,193,496.54006576538086,32,1507.5674285888672,160,41.87687301635742,10,43.37247562408447,11,2016.0723152160645,199,397.8302936553955,23,1600.2947902679443,180,26.920846939086914,5,61.31970691680908,14
MSSB325,y,1.0,1.0,56.15605749486655,M,1.0,N/A,N/A,1.0,0.0,1.0,1.0,5295.917436718941,366,1550.9365664720535,76,3511.667365550995,291,86.74476456642151,15,110.67435479164124,18,2729.468885064125,202,644.6033366918564,45,1851.5520436763763,158,49.354779839515686,5,59.823975563049316,12
MSSB326,y,1.0,0.0,67.50171115674195,F,1.0,N/A,N/A,0.0,0.0,1.0,1.0,1779.769231081009,166,258.73956048488617,27,1489.6219782829285,141,26.920879125595093,5,56.832967042922974,13,2155.165934443474,217,273.6956044435501,24,1879.9747256040573,197,17.94725275039673,4,77.77142858505249,14
MSSB328,y,2.0,2.0,62.38466803559205,M,1.0,30997.792937994003,1.0,0.0,0.0,2.0,2.0,8001.456731557846,272,1256.3034868240356,48,6621.018495440483,222,43.372382283210754,8,248.26949858665466,18,7105.592697501183,219,840.5268566608429,45,6217.2066603899,176,26.920789003372192,4,281.1726851463318,14
MSSB329,y,1.0,1.0,59.41409993155374,F,1.0,9914.34968662262,1.0,0.0,1.0,1.0,1.0,2258.3599376678467,198,438.2115640640259,36,1739.38583278656,162,34.39885997772217,6,61.31970691680908,13,1719.9429988861084,149,303.6073293685913,14,1411.848861694336,138,37.39006519317627,5,56.83289909362793,12
MSSB330,y,1.0,1.0,36.290212183436005,F,1.0,414.28192234039307,1.0,0.0,0.0,1.0,1.0,1853.051630973816,168,444.1939744949341,34,1347.5379495620728,137,35.89446258544922,6,64.31091213226318,14,1085.8074932098389,111,291.6425085067749,12,741.8188934326172,99,29.912052154541016,3,55.33729648590088,11
MSSB331,y,4.0,3.0,82.52703627652295,M,1.0,111334.28683269024,1.0,1.0,1.0,3.0,3.0,8465.12088060379,126,2280.796703696251,47,5762.563737273216,84,113.66593408584595,11,192.93296706676483,8,8079.254946470261,130,2188.0692311525345,50,5578.60439658165,80,115.16153848171234,10,170.49890112876892,6
MSS3_ED_001,y,2.0,2.0,48.611,F,0.0,6847.8439375162125,1.0,1.0,0.0,2.0,2.0,5959.5296812057495,606,2880.096571445465,162,2425.2612161636353,360,68.81856679916382,20,55.37126064300537,13,4979.458367824554,459,2700.5354833602905,157,2036.8713736534119,293,58.535332679748535,14,44.2970085144043,11
MSS3_ED_002,y,3.0,3.0,60.411,M,1.0,44422.68665242195,1.0,1.0,0.0,3.0,3.0,26347.16829061508,1604,5485.697492957115,188,18941.674429178238,1312,159.78527665138245,39,277.64669358730316,73,27281.358447670937,2316,5155.8437287807465,237,20564.83971476555,2010,128.93564403057098,39,265.78145027160645,85
MSS3_ED_003,y,3.0,4.0,55.778,M,1.0,22315.330026328564,1.0,1.0,1.0,3.0,3.0,36380.37143564224,1906,4053.161924600601,239,29152.07446706295,1524,113.90618991851807,39,343.3006001710892,99,30753.089247584343,1606,3281.922097027302,208,25552.955271720886,1374,82.2655816078186,30,329.0623264312744,81
MSS3_ED_004,y,2.0,3.0,84.367,F,0.0,17679.184564948082,1.0,1.0,0.0,2.0,3.0,19092.72831517458,1456,2222.75206387043,227,15690.572932004929,1188,72.77337718009949,23,198.54475730657578,59,22454.541934907436,1640,2809.6851711273193,261,18187.01617527008,1325,82.26555681228638,23,233.3494159579277,71
MSS3_ED_005,y,2.0,2.0,71.047,M,0.0,12855.556876659391,1.0,1.0,0.0,2.0,2.0,72825.46892929077,1849,7502.765111923218,139,59134.60350418091,1544,186.67923736572266,51,547.3814926147461,143,101650.79981422424,1348,11646.09496498108,76,81820.87692642212,1135,280.80986976623535,47,811.5800743103027,118
MSS3_ED_006,y,2.0,3.0,56.619,M,1.0,40817.98520553112,1.0,1.0,1.0,2.0,3.0,25882.029299736023,1722,3429.8434915542603,275,20409.783618330956,1360,95.71288341283798,34,221.48435831069946,63,28839.636498749256,2203,4056.3278193473816,318,22609.59790569544,1812,117.86131924390793,34,252.33396536111832,71
MSS3_ED_007,y,2.0,3.0,55.8,M,0.0,4109.324313998222,0.0,0.0,0.0,2.0,3.0,10754.644385576248,1100,2872.967667579651,181,6886.579436659813,819,65.65427213907242,24,79.10153269767761,28,12312.944579720497,1342,3211.522227525711,184,8406.910895109177,1104,77.51950204372406,23,87.01168596744537,38
MSS3_ED_008,y,2.0,4.0,69.856,F,1.0,51719.90202665329,1.0,1.0,1.0,2.0,3.0,21305.26782166958,1302,4141.768111467361,170,15829.053032577038,1087,138.42807859182358,39,177.18794059753418,56,25582.29994136095,1617,4999.231181144714,169,19116.52214473486,1400,155.0394480228424,40,219.1118729710579,68
MSS3_ED_009,y,1.0,1.0,53.988,M,0.0,1100.3073773384094,1.0,0.0,0.0,1.0,1.0,7708.48037391901,1126,1718.0933167934418,168,4553.105493307114,731,58.53540766239166,23,74.3557881116867,28,8356.324953317642,1165,1696.7358031868935,195,5991.178076148033,908,43.50604623556137,18,90.17616856098175,33
MSS3_ED_010,y,3.0,3.0,79.461,M,1.0,21586.046535789967,1.0,1.0,0.0,3.0,3.0,18833.310883402824,1130,4239.848222732544,174,13714.643374204636,918,127.35364997386932,39,162.94939064979553,44,23134.85838997364,1574,5251.558274388313,239,16983.91440117359,1311,144.75601208209991,40,209.61936175823212,58
MSS3_ED_011,y,3.0,2.0,79.179,M,0.0,28781.976944684982,1.0,1.0,0.0,3.0,2.0,29660.79558545351,1710,5873.307390511036,207,21427.090989112854,1316,171.6508691906929,46,219.90295684337616,78,29667.914745926857,1681,6468.943816781044,253,21699.201122760773,1347,171.6508691906929,41,227.02211731672287,62
MSS3_ED_012,y,2.0,2.0,67.573,M,0.0,5001.574083507061,1.0,1.0,0.0,2.0,2.0,13414.785464286804,1210,2721.0839080810547,189,9870.25726890564,966,88.59342956542969,31,115.48786354064941,44,14360.04571723938,1415,2890.3606395721436,208,10847.158032417297,1191,103.62267208099365,29,136.84520816802979,46
MSS3_ED_013,y,3.0,4.0,59.258,M,1.0,44084.80640912056,1.0,1.0,1.0,3.0,3.0,26513.209775209427,1640,4506.407186865807,204,20015.029146790504,1359,115.48805499076843,36,246.79639148712158,66,27000.474445581436,1931,4793.545296192169,256,20375.731565117836,1627,118.65211129188538,34,244.42334926128387,63
MSS3_ED_014,y,1.0,1.0,40.348,M,0.0,2335.852595448494,1.0,0.0,0.0,1.0,1.0,9925.593758106232,1194,1619.1975153684616,177,7168.923830866814,869,70.39989197254181,23,94.92120265960693,32,9513.477536559105,1047,1426.9820799827576,172,7524.087330818176,820,51.41565144062042,17,94.92120265960693,28
MSS3_ED_015,y,3.0,1.0,69.741,F,1.0,4016.784002542496,1.0,1.0,0.0,3.0,1.0,14886.1454808712,1561,3376.850792169571,228,10352.828102111816,1226,78.31066489219666,31,155.83031296730042,58,12835.829890966415,1369,3561.9487273693085,212,8497.893666028976,1120,87.0118498802185,26,126.56269073486328,44
MSS3_ED_016,y,1.0,3.0,51.647,M,1.0,5531.558093905449,1.0,0.0,0.0,1.0,3.0,19823.591790556908,1619,2096.1860358715057,209,15993.503946900368,1293,75.93730545043945,25,199.33542680740356,52,21568.56778872013,1398,2352.474441766739,189,17637.230204463005,1165,77.51933264732361,20,255.49739229679108,47
MSS3_ED_017,y,1.0,3.0,71.521,F,0.0,3784.225308418274,1.0,1.0,0.0,1.0,3.0,11540.14695328474,1002,1230.8224456310272,153,9394.117843389511,788,55.37118971347809,17,119.4435663819313,41,13088.958231270313,1321,1503.7233092188835,174,10881.229795694351,1108,56.95322370529175,17,136.05492329597473,46
MSS3_ED_018,y,2.0,4.0,76.156,F,1.0,2024.201205432415,1.0,0.0,0.0,2.0,3.0,26179.352518558502,1468,2591.3572289943695,193,21265.582339525223,1191,70.40012007951736,24,308.4949082136154,79,29197.856543540955,1629,2938.6117538809776,211,24313.35383015871,1345,72.77315783500671,27,393.1332548260689,79
MSS3_ED_019,y,2.0,1.0,73.703,M,1.0,6562.251779556274,1.0,0.0,0.0,2.0,1.0,33911.56186598539,1656,5996.677252829075,178,24899.539185404778,1274,174.81409746408463,46,317.196620285511,91,40499.12658852339,1536,7411.801326870918,221,30543.424187242985,1284,223.06595242023468,40,361.4934051632881,77
MSS3_ED_020,y,2.0,2.0,76.025,M,1.0,21832.983490109444,1.0,1.0,0.0,2.0,2.0,36510.38404536247,2437,6664.355351030827,240,26534.02206468582,1986,171.65164524316788,50,236.51540058851242,82,42091.040069282055,2117,8171.251130700111,262,31407.50495105982,1809,191.42718040943146,45,289.5138348340988,79
MSS3_ED_021,y,3.0,3.0,68.849,M,1.0,7510.663930177689,1.0,0.0,0.0,3.0,3.0,30393.074269533157,1796,4770.596541643143,272,23051.68701982498,1398,129.72605419158936,39,278.43640899658203,90,40490.34915828705,2417,5837.672438621521,349,32014.649946928024,1957,159.78453016281128,41,389.96917510032654,96
MSS3_ED_022,y,2.0,2.0,74.108,M,1.0,33954.4454857707,1.0,1.0,0.0,2.0,2.0,14398.901906192303,1226,2916.4836196303368,224,9967.618684828281,902,83.8479152917862,28,164.53175830841064,45,14270.756979048252,1167,3092.880648970604,233,9849.756992578506,884,96.50420439243317,29,155.83055955171585,44
MSS3_ED_023,y,1.0,2.0,63.8,F,1.0,5534.741749823093,N/A,0.0,0.0,1.0,2.0,18539.049966573715,1423,2557.3558280467987,200,14643.294490814209,1136,79.89265036582947,31,234.14083671569824,62,18060.485080718994,1221,2409.435772418976,181,14777.767268657684,1021,72.77350330352783,22,257.0803105831146,58
MSS3_ED_024,y,3.0,2.0,69.164,M,1.0,3230.5082993507385,1.0,1.0,0.0,3.0,2.0,10068.048392295837,852,2128.623367667198,161,7283.672972679138,628,73.56446421146393,26,143.1738497018814,43,10090.987848877907,842,2563.6820269823074,177,7056.651454091072,655,75.9375114440918,23,143.1738497018814,40
MSS3_ED_025,y,2.0,2.0,62.795,M,1.0,6585.247752070427,1.0,1.0,0.0,2.0,2.0,18518.58680164814,1542,2869.823284626007,206,14421.890332221985,1264,83.84819960594177,35,132.89148616790771,50,21818.72537481785,1753,2931.5229032039642,227,17837.517935037613,1459,82.26615810394287,28,172.44252371788025,63
MSS3_ED_026,y,3.0,2.0,67.422,M,1.0,48912.67231106758,1.0,1.0,0.0,3.0,2.0,12612.801164388657,978,3925.828295946121,188,7751.988172531128,730,98.08638095855713,30,87.01211214065552,27,13785.882639884949,1232,4243.818014860153,199,8694.092041254044,978,98.87740015983582,28,102.83249616622925,30
MSS3_ED_027,y,3.0,3.0,79.348,F,1.0,3346.7946749925613,1.0,1.0,0.0,3.0,3.0,12755.15578687191,1151,3221.0229063034058,177,8754.980728626251,927,98.87717664241791,33,127.35380351543427,46,12907.822147607803,1265,3427.4784511327744,205,8817.47110426426,1041,98.08615922927856,27,156.62144780158997,48
MSS3_ED_028,y,3.0,4.0,70.155,M,1.0,4223.240059375763,1.0,1.0,0.0,3.0,3.0,18330.236846148968,1229,2922.8077998757362,149,14371.987798631191,1026,68.8184786438942,24,203.29136794805527,58,19621.176583468914,1190,2959.1945816874504,158,15695.359232783318,1014,65.65441066026688,20,240.46916675567627,62
MSS3_ED_029,y,3.0,3.0,86.338,M,0.0,21931.733923316,1.0,1.0,0.0,3.0,3.0,25452.55195939541,2151,4205.837050318718,258,18382.44258272648,1687,101.25016784667969,38,198.54525101184845,68,32427.739303708076,2170,5132.117882728577,312,24617.2380746603,1785,127.3537267446518,38,286.348130941391,72
MSS3_ED_030,y,2.0,4.0,64.838,M,0.0,12262.325142741203,1.0,0.0,1.0,2.0,3.0,21784.571954011917,1214,1737.8614590764046,175,18739.161568284035,947,62.49023908376694,19,249.1699406504631,80,24175.81236857176,1420,1806.6798236370087,183,21336.857076525688,1164,52.207035183906555,17,285.55666214227676,88
MSS3_ED_031,y,1.0,1.0,74.229,M,1.0,5283.1738525033,1.0,0.0,0.0,1.0,1.0,20468.24319601059,2144,2211.6713547706604,250,15991.111626625061,1751,71.19113802909851,24,158.99354159832,67,25110.69640815258,2759,2834.9893188476562,324,20329.81598317623,2345,87.01139092445374,29,211.99138879776,73
MSS3_ED_032,y,1.0,2.0,73.919,M,0.0,3055.712009847164,1.0,1.0,0.0,1.0,2.0,9315.849278628826,854,1920.5979492664337,138,6661.184238374233,651,64.86368691921234,20,88.59430408477783,30,9776.223251640797,841,1864.435488641262,141,7483.054612874985,675,64.07266634702682,18,94.13144809007645,29
MSS3_ED_033,y,3.0,4.0,67.072,M,1.0,6734.733419895172,1.0,1.0,1.0,3.0,3.0,35347.462720394135,1543,5219.932562589645,186,27233.98366379738,1275,136.05522060394287,43,339.34703278541565,90,36886.78515815735,1556,5073.594098567963,194,29107.116003274918,1331,136.8462393283844,39,388.3901937007904,87
MSS3_ED_034,y,2.0,1.0,75.537,F,1.0,36389.92394328117,1.0,1.0,0.0,2.0,1.0,7569.235930263996,766,1961.7206716537476,174,4782.48515355587,503,64.86334478855133,22,78.31062358617783,23,9163.133975982666,848,2660.9791691303253,180,5768.091587781906,630,82.26570558547974,25,98.87704998254776,24
MSS3_ED_035,y,1.0,2.0,56.277,M,1.0,2848.447909533977,1.0,0.0,0.0,1.0,2.0,13987.5324588418,1374,2510.6841613054276,205,10126.584320425987,1060,69.60939073562622,23,135.26370245218277,48,17405.51174712181,1597,2734.541633784771,201,13601.5167465806,1349,80.6836119890213,24,172.44144523143768,56
MSS3_ED_036,y,1.0,1.0,61.93,M,1.0,943.6770185828208,1.0,0.0,0.0,1.0,1.0,5767.266674339771,766,1296.4682593941689,148,3837.1980026364326,554,62.48992830514908,18,54.57981079816818,28,6916.6067481040955,928,1335.2278351783752,169,5109.935909509659,714,72.77308106422424,18,71.19105756282806,33
MSS3_ED_037,y,3.0,2.0,55.502,M,1.0,13258.146954417229,1.0,1.0,0.0,3.0,2.0,9335.519978284836,803,4034.1596245765686,197,4451.8137974739075,544,112.32366013526917,34,84.6382509469986,29,9432.023404598236,924,4003.3101686239243,218,4776.12859082222,670,114.6966952085495,30,82.26521587371826,33
MSS3_ED_038,y,2.0,1.0,83.154,M,1.0,11925.340779304504,1.0,1.0,0.0,2.0,1.0,52424.505242705345,1867,7642.7849061489105,127,41076.60705769062,1536,202.49978637695312,60,454.0424897670746,142,55681.904150128365,1557,9429.687317967415,135,43681.41876292229,1333,234.14037799835205,45,476.19090390205383,95
MSS3_ED_039,y,1.0,2.0,80.846,M,1.0,1731.5351602435112,1.0,0.0,0.0,1.0,2.0,16344.771870315075,1492,2677.5905135273933,223,12129.445475459099,1170,81.47468918561935,28,152.66616517305374,48,20696.944102346897,1835,2751.9460551142693,275,16370.084395110607,1479,84.63875478506088,28,216.7384935617447,53
MSS3_ED_040,y,1.0,2.0,69.892,F,1.0,8014.518375873566,1.0,0.0,0.0,1.0,2.0,9150.408073425293,890,2327.9435477256775,163,6054.393446922302,671,66.44487190246582,26,88.5931625366211,26,10639.880618572235,1044,2170.532482147217,142,7927.506026268005,874,71.19093418121338,26,112.32347393035889,34
MSS3_ED_041,y,1.0,2.0,69.555,M,1.0,9422.579545021055,1.0,0.0,0.0,1.0,2.0,27876.18794220686,1983,3880.723533511162,275,21864.46783322096,1604,125.77151280641556,44,249.1699782013893,71,30702.487409234047,2495,4047.627868115902,368,24328.482062101364,2049,118.65237057209015,46,262.6172468662262,79
MSS3_ED_042,y,3.0,4.0,74.366,F,1.0,26514.10467946529,1.0,1.0,0.0,3.0,3.0,38134.935119748116,1504,2993.999780714512,194,32208.63489329815,1201,90.17595112323761,26,297.4224352836609,96,40053.151623904705,1820,3000.327917635441,239,35120.368894040585,1539,71.19154036045074,24,342.5104108452797,99
MSS3_ED_043,y,2.0,3.0,59.849,M,1.0,8781.881276249886,1.0,1.0,1.0,2.0,3.0,17350.980031490326,1369,4156.799638271332,229,11177.875487804413,989,113.9065933227539,35,146.33833169937134,45,15932.684741020203,1487,3677.4427247047424,285,10883.616788387299,1142,108.36946725845337,28,151.08443975448608,46
MSS3_ED_044,y,2.0,3.0,68.192,M,0.0,4210.57997918129,1.0,1.0,0.0,2.0,3.0,11252.997608542442,1002,2923.596173286438,175,7505.162470817566,762,64.0723187327385,22,101.25008392333984,40,12365.166499137878,1166,3032.7564200162888,202,8612.585263729095,941,65.65435129404068,21,108.36923044919968,41
MSS3_ED_045,y,3.0,2.0,54.037,F,1.0,6548.020436048508,1.0,1.0,1.0,3.0,2.0,14105.375744819641,1237,5095.717280626297,199,7948.11661529541,975,136.05454397201538,48,97.2948192358017,37,14532.523731708527,1340,5391.556812286377,206,8315.938492894173,1091,158.9939728975296,43,95.71278965473175,36
MSS3_ED_046,y,2.0,2.0,65.076,F,1.0,8490.805864691734,1.0,0.0,0.0,2.0,2.0,11523.576407432556,997,2967.1152597665787,167,7846.916389465332,796,80.6840193271637,25,105.20563304424286,39,12922.890428900719,1040,3108.7078034877777,175,9373.584598302841,853,79.10197973251343,23,137.63744473457336,41
MSS3_ED_047,y,3.0,3.0,74.111,M,1.0,52039.77795475721,1.0,0.0,0.0,3.0,3.0,16444.31354635954,1456,3818.2068155407906,184,10790.171777665615,1140,117.06952738761902,32,137.635795712471,50,21601.70083397627,1724,5181.908607542515,238,14614.706675767899,1430,146.33690923452377,35,189.05146652460098,56
MSS3_ED_048,y,2.0,1.0,75.619,M,1.0,5552.973622083664,1.0,0.0,0.0,2.0,1.0,11153.410238027573,973,3440.1546897292137,145,6741.880528986454,758,71.98300224542618,22,102.04183834791183,32,15891.632034182549,1408,4493.795997321606,188,10068.919072329998,1139,89.38548630475998,28,140.8019164800644,46
MSS3_ED_049,y,1.0,1.0,82.79,F,1.0,6102.665773332119,0.0,0.0,0.0,1.0,1.0,14365.588218986988,1308,2084.3194183707237,187,11200.74495792389,1073,71.982188642025,25,133.68120747804642,49,13408.462413966656,1447,1957.7573284506798,204,10550.532220959663,1213,68.02712333202362,25,134.4722205400467,43
MSS3_ED_050,y,2.0,3.0,70.856,F,1.0,27877.589318215847,1.0,1.0,1.0,2.0,3.0,15893.775154054165,1202,2389.6428975462914,197,12774.820521473885,957,71.98196083307266,21,155.03806948661804,45,16924.461911916733,1474,2820.743651986122,243,13539.727731645107,1214,74.35499250888824,23,189.0515235066414,54
MSS3_ED_051,y,2.0,2.0,59.885,M,1.0,5835.2950040102005,1.0,1.0,0.0,2.0,2.0,7570.774606883526,853,1158.041377544403,100,5742.746175527573,684,35.59553414583206,15,79.8921988606453,30,9408.295180678368,945,1385.8527960777283,95,7377.767710626125,823,45.87868845462799,15,113.11469739675522,31
MSS3_ED_052,y,3.0,3.0,55.789,M,1.0,10950.017745375631,1.0,1.0,0.0,3.0,3.0,10336.190267920494,825,2887.995000243187,163,6076.575620889664,620,79.10147905349731,25,109.1600410938263,31,9821.239639282227,770,2874.5477488040924,164,5836.898139357567,580,81.47452342510223,24,95.71278965473175,26
MSS3_ED_053,y,3.0,4.0,66.149,M,1.0,28660.78059476614,1.0,1.0,1.0,3.0,3.0,53293.72207081318,1887,6097.9206139445305,264,42490.85505503416,1465,151.08351761102676,49,459.5786582827568,125,56858.818478524685,2493,6725.194066643715,373,46479.14351469278,2019,166.90378123521805,46,529.978831410408,130
MSS3_ED_054,y,2.0,1.0,85.457,F,1.0,29571.29915761948,1.0,1.0,1.0,2.0,1.0,9567.3238915205,953,3218.6391826868057,188,5955.550357937813,738,87.01162695884705,34,97.2948192358017,41,9560.204758405685,982,3481.256093144417,208,5814.749725222588,766,98.87684881687164,27,104.41395235061646,35
MSS3_ED_056,y,1.0,1.0,70.248,F,1.0,11324.95875608921,0.0,0.0,0.0,1.0,1.0,12320.847305774689,1419,2532.8295501470566,247,8435.382361888885,1099,74.35539591312408,26,172.4412373304367,52,13061.237205505371,1318,2952.067420721054,225,9028.643499493599,1057,85.42960381507874,28,222.27517288923264,50
MSS3_ED_057,y,2.0,3.0,75.581,F,1.0,24716.865234375,1.0,1.0,0.0,2.0,3.0,19664.584721326828,1315,4878.968566417694,178,13823.7442715168,1109,151.87450790405273,39,203.2903569340706,61,18747.80058246851,1328,5242.04356187582,205,12727.40016758442,1089,151.87450790405273,35,193.00718712806702,53
MSS3_ED_058,y,2.0,2.0,64.022,F,1.0,4752.421875,1.0,1.0,0.0,2.0,2.0,16729.89600598812,1426,3112.630769908428,191,12743.197383284569,1173,91.7573492527008,27,172.4405356645584,60,17990.76854658127,1484,3323.039863884449,198,14030.964319348335,1260,98.8764539361,26,190.6338031888008,58
MSS3_ED_059,y,1.0,1.0,52.556,M,1.0,8316.73828125,1.0,1.0,0.0,1.0,1.0,3810.330017745495,506,1493.440538406372,124,1706.224174439907,290,56.95324087142944,18,23.730517029762268,11,5146.3581265211105,602,1776.6247082948685,132,2636.460442006588,401,68.02748215198517,19,38.75984448194504,16
MSS3_ED_060,y,2.0,3.0,56.252,M,1.0,4317.36328125,1.0,1.0,0.0,2.0,3.0,7955.2956928014755,896,2303.4524269104004,193,4711.319592952728,610,68.81880533695221,23,64.0726808309555,21,9021.591665148735,1024,2403.9120622873306,206,5829.8229348659515,787,75.93799209594727,21,72.77390909194946,26
MSS3_ED_061,y,1.0,3.0,58.527,M,0.0,2188.740234375,1.0,1.0,0.0,1.0,3.0,9172.654510974884,912,1057.5921939611435,117,7235.449362874031,677,40.34196102619171,14,126.56301498413086,30,9876.661281824112,922,986.4004980325699,100,8351.576951265335,789,30.05871605873108,12,128.1450526714325,35
MSS3_ED_062,y,3.0,2.0,75.472,M,1.0,84467.8125,1.0,1.0,0.0,3.0,2.0,63453.57665348053,2365,8467.015937805176,191,50230.19236421585,1929,238.88628673553467,63,498.338942527771,131,61591.52923965454,2084,10010.284631252289,253,48200.449941158295,1766,262.61671257019043,48,476.1905450820923,102
MSS3_ED_063,y,3.0,4.0,68.287,M,1.0,2007.59765625,1.0,1.0,0.0,3.0,3.0,19076.18312239647,1658,2528.0926048755646,196,15382.921428978443,1392,71.19159400463104,21,200.1274809241295,69,22278.22281718254,1883,2608.7764114141464,213,18788.252675533295,1642,64.07243460416794,19,234.93226021528244,69
MSS3_ED_064,y,1.0,1.0,56.32,M,0.0,2144.443359375,1.0,0.0,0.0,1.0,1.0,17638.046470284462,1529,2695.778203010559,248,13230.512389540672,1173,79.89248782396317,27,180.35135865211487,58,18646.59025222063,1709,2842.11592823267,288,14576.819461584091,1356,87.01162040233612,24,238.09543401002884,60
MSS3_ED_065,y,2.0,2.0,75.858,M,1.0,14735.0390625,1.0,0.0,0.0,2.0,2.0,7399.935001432896,761,1886.568143069744,164,4784.843059718609,534,52.2069171667099,18,71.98226457834244,23,11323.363927900791,1076,2985.286445260048,191,7601.643545031548,834,86.22051471471786,31,123.39816784858704,34
MSS3_ED_066,y,2.0,3.0,75.548,F,1.0,2812.060546875,0.0,1.0,0.0,2.0,3.0,6183.378925144672,603,2752.73873090744,114,2786.7524566054344,412,78.31067079305649,23,55.37118136882782,19,6407.236701250076,572,2884.8385493159294,120,3024.0575196146965,426,92.54897457361221,22,60.9082995057106,21
MSS3_ED_067,y,2.0,3.0,71.455,F,1.0,23908.447265625,1.0,0.0,1.0,2.0,3.0,15705.578547418118,1222,3571.427204310894,255,10870.902340829372,906,83.84746038913727,28,150.29261767864227,49,20039.543033003807,1608,4604.491197407246,285,14312.60328567028,1289,105.9958461523056,32,199.33547186851501,57
MSS3_ED_068,y,2.0,2.0,75.639,F,1.0,9299.1796875,1.0,1.0,0.0,2.0,2.0,19758.663165450096,1550,3354.6775485277176,225,15220.633197069168,1259,113.11456954479218,34,186.67859029769897,64,15932.543075323105,1347,2652.2598019838333,222,12569.95541703701,1108,87.01120734214783,27,157.4111841917038,49
MSS3_ED_069,y,4.0,4.0,58.853,F,1.0,92787.71484375,1.0,1.0,1.0,3.0,3.0,10882.773287773132,954,3282.7089071273804,216,6757.634263515472,673,109.95097303390503,35,85.42953300476074,29,9224.016521930695,988,3395.032922744751,259,5317.197415351868,707,117.86111497879028,30,80.68344783782959,24
MSS3_ED_070,y,2.0,3.0,74.483,M,1.0,7451.3671875,1.0,0.0,0.0,2.0,3.0,9601.409875631332,1094,2187.172376513481,199,6671.469013929367,857,61.69961857795715,22,125.77229940891266,36,12012.441124677658,1352,2496.4614901542664,214,8740.77929854393,1112,64.0726808309555,22,163.7412954568863,43
MSS3_ED_071,y,1.0,1.0,71.214,M,1.0,2171.337890625,1.0,1.0,0.0,1.0,1.0,4462.124184072018,534,1513.2146009802818,118,2599.280281662941,354,47.4609911441803,14,44.29692506790161,15,5957.936421632767,692,2010.7639914751053,116,3669.5256319642067,543,60.117255449295044,17,62.49030500650406,20
MSS3_ED_072,y,1.0,1.0,59.428,F,0.0,1488.69140625,1.0,0.0,0.0,1.0,1.0,8400.584038496017,1106,1731.5328117012978,183,5649.432316660881,841,60.11717391014099,23,83.0566218495369,34,6281.4536581635475,669,1408.007494211197,118,4345.838861346245,527,52.9980348944664,15,67.23631292581558,23
MSS3_ED_073,y,4.0,3.0,77.027,M,1.0,37444.306640625,1.0,1.0,1.0,3.0,3.0,25476.24983280897,1629,5414.503993093967,222,18565.934729278088,1320,182.72467821836472,48,243.63290429115295,69,26152.568446993828,1842,6375.588339567184,238,18632.38006681204,1528,203.29109221696854,47,276.06455713510513,73
MSS3_ED_074,y,1.0,3.0,71.606,M,1.0,22636.494140625,1.0,0.0,0.0,1.0,3.0,27349.455910921097,1766,2681.5518593788147,245,22600.18235230446,1416,56.16229557991028,25,250.75278449058533,65,32965.685468912125,1799,2981.347775220871,275,27888.139337539673,1460,68.02756929397583,25,306.9150800704956,67
MSS3_ED_075,y,1.0,2.0,50.658,F,1.0,5329.86328125,1.0,1.0,1.0,1.0,2.0,9152.81834757328,979,2846.8579407930374,187,5272.105633616447,679,79.10135984420776,25,75.93730545043945,27,9416.225875854492,905,2743.2351593971252,164,5988.76395380497,697,77.51933264732361,22,85.42946863174438,32
MSS3_ED_076,y,2.0,3.0,81.697,M,1.0,21999.7265625,1.0,1.0,0.0,2.0,3.0,23017.614510416985,1872,3827.699804663658,246,16860.38878619671,1493,113.9055118560791,36,189.0515092611313,68,23322.944563031197,2166,4145.686025261879,257,17453.64666044712,1838,111.53248035907745,31,215.1548557281494,66
MSS3_ED_077,y,1.0,1.0,70.519,M,0.0,2583.45703125,1.0,0.0,1.0,1.0,1.0,5823.444744586945,753,1544.850256204605,135,3301.692252635956,521,65.65415835380554,19,45.878809452056885,19,6320.201508998871,790,1787.6915407180786,153,3841.954784631729,587,58.535032749176025,18,65.65415835380554,21
MSS3_ED_078,y,1.0,1.0,77.881,F,1.0,8137.96875,1.0,0.0,0.0,1.0,1.0,42861.24623417854,1605,5230.994211435318,157,35078.431770801544,1295,139.2189598083496,42,367.0318031311035,113,50579.197318553925,1442,6293.329796791077,213,41622.51389861107,1141,145.54709434509277,36,459.5807707309723,97
MSS3_ED_079,y,1.0,4.0,69.358,F,1.0,5502.3046875,1.0,0.0,0.0,1.0,3.0,20988.898742079735,1471,1790.867066860199,179,17947.430600702763,1240,69.6096739768982,25,227.02245944738388,71,21711.89012861252,1505,1909.5199202299118,159,18617.423712730408,1325,79.89292126893997,22,231.7685735821724,72
MSS3_ED_080,y,1.0,2.0,68.775,F,0.0,5340.146484375,1.0,0.0,0.0,1.0,2.0,10618.644958496094,879,1252.9747924804688,104,8593.635192871094,715,49.834224700927734,18,107.57864379882812,32,10161.435722351074,911,1116.1284294128418,110,8582.560920715332,804,40.34199142456055,18,117.86189651489258,32
MSS3_ED_081,y,1.0,2.0,70.995,M,0.0,2348.525390625,1.0,0.0,0.0,1.0,2.0,18457.497397899628,1304,2024.2022731304169,192,14946.981693267822,1002,61.69901418685913,22,169.2767825126648,51,20020.539090633392,1330,2004.4269480705261,180,17024.181837558746,1074,65.65407919883728,20,196.96223759651184,53
MSS3_ED_082,y,2.0,1.0,60.641,M,1.0,2884.04296875,1.0,0.0,1.0,2.0,1.0,24519.105785429478,2432,4218.485374510288,278,18556.431352078915,1993,123.39840960502625,38,189.84370708465576,80,29487.473802924156,2166,5388.397219419479,290,22804.184298098087,1836,144.75582665205002,35,249.1698655486107,59
MSS3_ED_083,y,1.0,2.0,52.986,F,1.0,1627.91015625,1.0,1.0,0.0,1.0,2.0,8850.679830372334,807,1658.7608905434608,150,6430.170376360416,619,62.490276753902435,21,85.42974543571472,27,9383.824723184109,853,1613.672969341278,134,7248.081087291241,712,55.37113130092621,20,100.45905250310898,31
MSS3_ED_084,y,2.0,3.0,63.028,M,1.0,3367.353515625,1.0,0.0,0.0,2.0,3.0,22871.380972623825,1747,2883.2463043928146,214,18542.160938620567,1397,99.66777348518372,32,262.6166729927063,79,21431.735355615616,1876,2774.08636200428,246,17735.326581835747,1601,90.96661865711212,29,262.6166729927063,73
MSS3_ED_085,y,2.0,3.0,79.754,F,0.0,4785.64453125,1.0,1.0,0.0,2.0,3.0,22786.800845623016,1425,2517.0132360458374,173,18839.630497455597,1176,80.68364238739014,27,293.4669737815857,77,23866.537824630737,1667,2588.2046852111816,211,20034.855827331543,1434,71.9824652671814,25,326.68965005874634,77
MSS3_ED_086,y,2.0,2.0,81.687,M,1.0,11797.20703125,1.0,0.0,0.0,2.0,2.0,21703.780415654182,1534,3173.5391438007355,190,16812.954761087894,1224,92.54837483167648,30,199.33496117591858,57,22944.877852499485,1675,3698.770946264267,225,18071.454456448555,1386,102.83152759075165,26,212.7821609377861,62
MSS3_ED_087,y,2.0,3.0,72.682,M,1.0,16360.576171875,1.0,1.0,0.0,2.0,3.0,24535.70047044754,1615,2547.068009376526,197,19868.71250295639,1323,74.3554015159607,31,220.6931598186493,72,28251.888516426086,1763,3076.2569839954376,200,22938.641367673874,1484,83.05656552314758,24,264.989994764328,76
MSS3_ED_088,y,3.0,2.0,55.343,M,1.0,17804.970703125,1.0,1.0,1.0,3.0,2.0,12247.293999016285,1076,3200.4489775896072,224,8101.581420779228,785,76.72850984334946,29,147.91991072893143,36,12677.606466591358,1314,3189.3747596740723,261,8869.657534778118,1042,90.1757744550705,27,155.83006638288498,43
MSS3_ED_089,y,3.0,2.0,76.438,F,1.0,9850.517578125,1.0,1.0,0.0,3.0,2.0,18625.28758907318,1326,4449.470937252045,209,12823.968503952026,1043,129.72679710388184,37,170.85968399047852,52,17966.370381832123,1416,4658.299439907074,204,12464.846760749817,1185,145.54713821411133,35,174.0237522125244,50
MSS3_ED_090,y,1.0,2.0,63.644,M,0.0,2123.0859375,1.0,0.0,0.0,1.0,2.0,7501.980316400528,620,1915.8368121385574,109,5046.671701669693,465,50.62491989135742,13,79.89245170354843,25,8158.5222462415695,629,1968.8347751498222,114,5789.434198200703,506,43.505790531635284,12,103.62288290262222,25
MSS3_ED_091,y,1.0,2.0,64.096,M,1.0,15875.68359375,1.0,0.0,0.0,1.0,2.0,15003.977591514587,1400,2797.0299854278564,197,10840.86423933506,1120,97.29487788677216,27,186.679603099823,50,13301.71273612976,1370,2566.053527355194,204,9988.940796375275,1110,102.04096949100494,25,187.47061836719513,45
MSS3_ED_092,y,3.0,4.0,75.565,M,1.0,5563.212890625,1.0,1.0,0.0,3.0,3.0,39482.777707099915,1435,3844.338254928589,215,33573.88742637634,1136,81.4746584892273,30,354.3752136230469,101,44645.739803791046,1805,4434.436266899109,254,38513.782982349396,1498,94.92193222045898,27,439.0139365196228,105
MSS3_ED_093,y,4.0,2.0,83.368,M,1.0,18864.931640625,1.0,1.0,1.0,3.0,2.0,17013.1550886631,1176,6744.1956614255905,167,8786.59692788124,929,233.34948629140854,54,94.1308097243309,36,17539.971217036247,1215,7632.505739748478,184,8816.655505776405,979,278.4373531341553,47,93.33979451656342,33
MSS3_ED_094,y,1.0,2.0,53.262,M,1.0,1970.419921875,1.0,0.0,0.0,1.0,2.0,17949.772549152374,1976,3020.8964112997055,232,13779.527490139008,1627,103.62331235408783,33,185.09813046455383,65,21605.85613465309,2097,3132.4299001693726,274,17663.424159288406,1801,109.16043591499329,28,204.08255410194397,66
MSS3_ED_095,y,1.0,1.0,55.086,M,0.0,1014.08203125,0.0,0.0,0.0,1.0,1.0,4746.865808188915,562,931.0216724276543,106,3140.319489836693,392,36.38657343387604,15,52.206822752952576,15,6066.2746013998985,620,1204.7119856476784,96,4401.984373033047,493,48.25176042318344,16,76.72820919752121,19
MSS3_ED_096,y,1.0,2.0,68.036,M,0.0,2643.57421875,1.0,0.0,0.0,1.0,2.0,8601.547331690788,954,1589.1584135890007,169,5886.76800096035,692,56.9534125328064,21,75.9378833770752,26,9840.284054279327,1054,1714.9305329322815,159,7431.6293159127235,843,75.146863758564,22,89.3852168917656,31
MSS3_ED_097,y,3.0,3.0,80.296,M,0.0,9818.876953125,1.0,1.0,1.0,3.0,3.0,17335.927175998688,1176,4948.60195350647,171,11412.792356967926,941,151.08423483371735,38,166.11355662345886,44,19591.116461396217,1256,5790.243973731995,195,13079.46504175663,1014,166.11355662345886,38,207.24643731117249,50
MSS3_ED_098,y,1.0,1.0,53.875,M,1.0,1986.240234375,0.0,0.0,0.0,1.0,1.0,4480.304397583008,577,899.3831391334534,97,3112.6408553123474,422,37.96868133544922,13,40.341723918914795,16,4939.883644580841,559,859.0414152145386,89,3804.778275489807,456,31.640567779541016,12,51.41592264175415,20
MSS3_ED_099,y,3.0,3.0,72.709,F,0.0,14161.552734375,0.0,1.0,0.0,3.0,3.0,16993.359220683575,1338,3720.9310512542725,189,11937.987122774124,1050,94.13069623708725,28,167.69502186775208,47,17962.351681947708,1335,3972.4735840559006,202,12921.217840611935,1104,106.78692430257797,25,165.32197910547256,47
MSS3_ED_100,y,3.0,4.0,63.504,F,1.0,22679.208984375,1.0,1.0,1.0,3.0,3.0,15516.53794670105,1158,2903.8137643933296,174,11771.875903487206,947,88.59360980987549,30,208.82779455184937,49,20961.880892515182,1568,2978.169115483761,225,16802.72731769085,1315,105.9959260225296,31,262.6167719364166,68
MSS3_ED_101,y,2.0,2.0,68.827,M,1.0,9971.54296875,1.0,1.0,0.0,2.0,2.0,15819.514332175255,1607,3953.4943063259125,264,10609.887781262398,1267,109.16010689735413,33,125.77142751216888,44,13891.019110321999,1267,3618.103832960129,227,9333.98015499115,1028,102.83198475837708,29,100.45893895626068,35
MSS3_ED_102,y,3.0,2.0,68.435,M,0.0,7199.82421875,1.0,1.0,0.0,3.0,2.0,23831.673855781555,1621,3633.1279215216637,229,18433.00238519907,1315,109.15995061397552,34,222.27497190237045,62,23383.168841302395,1650,3455.1497411727905,191,18553.23653370142,1409,113.11502128839493,28,233.34916979074478,61
MSS3_ED_103,y,2.0,1.0,73.969,M,0.0,11892.919921875,1.0,1.0,0.0,2.0,1.0,14740.528410375118,1569,3191.7377051711082,208,10070.387292325497,1239,89.38447600603104,29,106.78676337003708,45,17249.62184303999,1787,3989.078871667385,235,11966.445601940155,1497,103.62271112203598,31,151.08349484205246,55
MSS3_ED_104,y,1.0,1.0,40.214,M,0.0,1052.841796875,1.0,1.0,0.0,1.0,1.0,5079.118982553482,566,1275.1191091537476,121,2743.2463216781616,337,53.789143562316895,18,52.2071099281311,19,4756.384121179581,497,1153.3025193214417,86,3022.4752581119537,348,44.29694175720215,15,54.58016037940979,20
MSS3_ED_105,y,1.0,2.0,62.423,F,0.0,2713.974609375,1.0,1.0,0.0,1.0,2.0,7534.430073201656,734,1718.878377854824,146,5320.375503659248,539,66.44536757469177,22,107.57821416854858,32,7856.373699426651,710,1672.9994335770607,139,5863.012672185898,556,64.0723187327385,17,133.68175143003464,30
MSS3_ED_106,y,1.0,2.0,66.858,M,1.0,8852.255859375,1.0,1.0,0.0,1.0,2.0,30090.9414960742,2075,5195.376140117645,251,22762.202163219452,1673,128.93518739938736,38,335.38968992233276,86,28508.914656817913,1914,4920.103470087051,274,22256.74458807707,1578,126.56214714050293,31,359.9111059308052,74
MSS3_ED_107,y,1.0,4.0,83.756,F,1.0,20083.095703125,1.0,1.0,1.0,1.0,3.0,25023.029762983322,1258,2909.3602917194366,194,20001.65425133705,971,68.8184734582901,26,263.4086397886276,85,27227.593964457512,1183,3062.8175773620605,215,22462.50794017315,938,76.72864282131195,25,315.61575758457184,81
MSS3_ED_108,y,3.0,4.0,79.808,M,0.0,8203.623046875,1.0,1.0,0.0,3.0,3.0,26510.063697218895,1582,3827.719706118107,212,20914.426333904266,1309,111.53306025266647,35,260.24380725622177,76,28639.47503197193,1864,4303.910502374172,223,22662.568625807762,1618,118.65219175815582,34,287.1383040547371,77
MSS3_ED_109,y,2.0,1.0,79.441,F,1.0,16835.9765625,1.0,0.0,0.0,2.0,1.0,11890.528955459595,1140,2117.5456368923187,191,8949.53729391098,875,59.32608246803284,21,101.24984741210938,32,13410.85869550705,1362,2395.1917028427124,222,10495.97051024437,1113,71.1912989616394,21,129.72636699676514,39
MSS3_ED_110,y,2.0,4.0,66.021,M,0.0,1374.78515625,1.0,0.0,1.0,2.0,3.0,19075.2598670125,1350,1679.318959057331,156,15806.006330609322,1102,62.489965975284576,17,160.5754821896553,56,20113.85892176628,1365,1769.4943529963493,161,17080.327029168606,1165,61.69895374774933,16,180.3507878780365,54
MSS3_ED_111,y,1.0,1.0,62.634,F,0.0,1941.15234375,1.0,0.0,0.0,1.0,1.0,4663.0332443118095,532,1417.4988250732422,108,2809.6851711273193,367,50.62495803833008,18,50.62495803833008,21,4464.488487005234,512,1244.2665467858315,97,2964.724105119705,403,43.50582331418991,16,53.78901791572571,17
MSS3_ED_112,y,2.0,4.0,80.326,F,1.0,46662.01171875,0.0,1.0,0.0,2.0,3.0,27693.530067801476,1608,3081.8050026893616,220,22418.232952058315,1278,77.51973569393158,27,261.8268623948097,63,28494.831009209156,1744,3511.3276198506355,260,23248.80154877901,1446,83.84787738323212,26,235.723277926445,62
MSS3_ED_113,y,2.0,2.0,57.202,M,1.0,41226.943359375,1.0,1.0,1.0,2.0,2.0,91250.8539955616,1814,12438.73195052147,55,72039.44013977051,1414,315.6155197620392,66,767.2858500480652,163,101564.91605615616,1300,15793.432249546051,66,80164.75998687744,1105,447.7152485847473,44,938.9363958835602,104
MSS3_ED_114,y,2.0,3.0,67.105,F,0.0,9060.29296875,1.0,1.0,0.0,2.0,3.0,13938.590307176113,1008,1535.3727816939354,124,11536.257933139801,838,50.6253776550293,18,137.6377454996109,43,14916.292913138866,1186,1600.2365468144417,130,12654.762370705605,1048,46.67027002573013,17,182.72597247362137,52
MSS3_ED_115,y,2.0,2.0,77.492,F,1.0,15035.625,1.0,0.0,0.0,2.0,2.0,6979.885584354401,640,2223.533361017704,155,4175.749773323536,438,80.68317425251007,20,83.0562087893486,18,6917.395674884319,576,2319.245754003525,142,4181.2868539094925,396,65.65395551919937,18,83.84722030162811,18
MSS3_ED_116,y,2.0,2.0,54.921,M,1.0,1877.87109375,1.0,0.0,0.0,2.0,2.0,11767.140457391739,951,3220.22242552042,141,7490.912888646126,732,73.56440323591232,28,118.65226328372955,36,13245.54765790701,1013,3591.9995171427727,150,8914.74004805088,838,93.33978044986725,25,165.32215350866318,47
MSS3_ED_117,y,2.0,2.0,78.464,M,1.0,5554.51171875,1.0,1.0,0.0,2.0,2.0,14088.902444601059,1192,2632.5230102539062,183,10336.29151892662,939,84.63941168785095,31,132.89178657531738,44,16541.86333847046,1403,3122.9569845199585,222,12502.902253627777,1140,111.53417801856995,31,156.6224627494812,46
MSS3_ED_118,y,2.0,2.0,82.179,F,0.0,19199.53125,1.0,0.0,0.0,2.0,2.0,16034.713981747627,1099,3318.318048119545,190,11728.415184617043,859,78.31072390079498,26,162.9495871067047,43,17376.279514431953,1289,3671.111814379692,217,12943.417931199074,1049,87.8029328584671,24,189.05316174030304,46
MSS3_ED_119,y,2.0,2.0,69.624,F,1.0,14165.5078125,0.0,0.0,0.0,2.0,2.0,15729.31133121252,1702,2676.000011742115,226,11972.786336898804,1376,72.77327847480774,27,134.47236239910126,54,13502.607212662697,1757,2635.6583030223846,250,10116.276721894741,1442,72.77327847480774,24,137.63641798496246,43
MSS3_ED_120,y,2.0,2.0,54.995,M,0.0,4504.833984375,1.0,1.0,0.0,2.0,2.0,13364.993957519531,1071,2204.55955016613,187,10157.427048325539,810,71.98238933086395,22,130.51751911640167,44,13822.991797327995,1050,2274.1688936948776,173,10972.963788986206,848,60.908175587654114,18,145.54680919647217,44
MSS3_ED_121,y,2.0,3.0,70.847,F,1.0,14506.435546875,1.0,1.0,0.0,2.0,3.0,25305.296959638596,1885,3433.7874433994293,227,20476.95359301567,1557,85.42940425872803,28,238.88592672348022,81,24532.477256298065,1774,3438.533521413803,262,20127.325845956802,1480,87.01143026351929,29,220.69262766838074,64
MSS3_ED_122,y,3.0,2.0,82.995,M,1.0,118131.064453125,1.0,1.0,0.0,3.0,2.0,22272.63366627693,1064,6140.65614771843,210,15305.365941286087,793,165.32231545448303,45,197.75396585464478,52,20594.098004102707,1468,6361.349573612213,271,12994.017588376999,1122,180.35161685943604,46,173.23247408866882,46
MSS3_ED_123,y,2.0,3.0,57.128,M,0.0,14832.333984375,1.0,1.0,1.0,2.0,3.0,20813.11843585968,1194,2693.397243618965,164,16807.431610107422,937,65.65402972698212,25,206.45423805713654,58,20163.697250247,1220,2508.3003405332565,160,16849.35526764393,1037,68.81807935237885,22,212.78233730793,60
MSS3_ED_124,y,1.0,1.0,56.517,M,1.0,9224.82421875,1.0,0.0,0.0,1.0,1.0,10029.327162921429,1859,1066.2933208942413,280,7846.906337738037,1421,37.177882850170135,17,95.71327286958694,43,8929.811053097248,1193,1688.0340851545334,156,6581.27628326416,998,53.78927731513977,17,83.05697232484818,31
MSS3_ED_125,y,2.0,2.0,57.719,M,1.0,4822.03125,1.0,0.0,0.0,2.0,2.0,9395.68288576603,955,1455.4686403274536,238,6972.802208960056,641,34.013669312000275,17,79.89257210493088,28,11272.762822449207,1039,1424.6190332770348,136,9227.987585902214,872,38.759762704372406,13,102.04100793600082,35
MSS3_ED_126,y,2.0,3.0,80.405,M,0.0,17421.328125,1.0,0.0,0.0,2.0,3.0,24595.69157600403,1554,2862.6682901382446,204,20394.6329164505,1260,83.8471508026123,24,232.55719184875488,81,29546.628527641296,1952,3443.2702589035034,212,25073.462133407593,1705,92.5482702255249,25,288.71896266937256,86
MSS3_ED_127,y,2.0,3.0,72.26,F,0.0,10447.734375,1.0,0.0,0.0,2.0,3.0,19066.600397109985,1582,2327.954072713852,167,15454.83067369461,1351,70.40024209022522,25,209.61869835853577,55,20979.272142887115,1789,2725.834092617035,207,17046.350753307343,1535,78.31038165092468,29,226.22999143600464,62
MSS3_ED_128,y,4.0,4.0,81.925,F,0.0,37532.900390625,1.0,1.0,1.0,3.0,3.0,43543.890466213226,2110,6612.900092601776,198,33085.85791546106,1688,162.1584352850914,48,382.85211062431335,122,44559.55598282814,1733,7783.604893684387,228,33503.51476341486,1401,187.47097152471542,41,448.50650149583817,111
MSS3_ED_129,y,1.0,1.0,76.26,M,1.0,18014.58984375,1.0,0.0,1.0,1.0,1.0,20430.280746936798,1662,3556.393922805786,246,15408.93096446991,1295,94.92154598236084,31,221.4836072921753,66,22409.39498066902,1853,3975.6307508945465,285,17475.847628235817,1519,105.9957263469696,31,242.84095513820648,65
MSS3_ED_130,y,2.0,2.0,51.921,M,0.0,3186.2109375,1.0,1.0,0.0,2.0,2.0,12604.815938174725,1163,2323.2095645070076,199,9157.574779808521,872,71.98231881856918,26,121.02521735429764,36,13363.398836493492,1198,2138.1121732592583,178,10514.164634466171,990,79.89246374368668,25,132.89043474197388,43
MSS3_ED_131,y,1.0,1.0,73.511,M,0.0,1223.701171875,1.0,0.0,0.0,1.0,1.0,6559.887635111809,755,1487.8992694616318,108,4530.143070816994,583,46.66988670825958,19,70.40033757686615,28,7725.843787789345,828,1765.5455446243286,111,5625.698885917664,689,60.90815722942352,20,83.05657804012299,29
MSS3_ED_132,y,1.0,1.0,74.053,M,0.0,1794.814453125,0.0,1.0,0.0,1.0,1.0,10688.265944480896,1005,2353.28531563282,154,7060.646967172623,776,71.98284494876862,33,109.95181810855865,42,11736.367807745934,970,2694.215053796768,151,7888.054173946381,774,78.31100714206696,25,132.10038578510284,44
MSS3_ED_133,y,1.0,1.0,50.459,M,0.0,4080.849609375,1.0,0.0,0.0,1.0,1.0,19920.932996749878,1975,2259.1401143074036,336,16003.82450723648,1517,75.9374828338623,30,219.90229403972626,79,18440.94309693575,1585,2460.0580376386642,258,15014.264184057713,1266,102.04099255800247,26,211.20112413167953,67
MSS3_ED_134,y,2.0,2.0,54.483,M,1.0,15198.57421875,1.0,0.0,0.0,2.0,2.0,15634.399088323116,1241,2478.2480315566063,196,12062.178178489208,976,54.57999175786972,25,134.47244346141815,48,15794.183991730213,1215,2577.1248282194138,171,12428.417833328247,1035,73.56433671712875,20,146.33765906095505,46
MSS3_ED_135,y,2.0,2.0,68.966,M,1.0,18092.109375,1.0,1.0,0.0,2.0,2.0,13989.937131285667,1169,1786.1177226305008,145,11312.342582523823,943,45.8790203332901,21,165.32267671823502,50,19885.391244113445,1573,2124.6732519865036,168,16839.182497501373,1380,60.1173369884491,20,238.09629517793655,69
MSS3_ED_136,y,1.0,2.0,68.726,M,1.0,5169.287109375,0.0,0.0,0.0,1.0,2.0,29084.844749212265,2283,3955.0769329071045,255,22973.459872484207,1886,139.21870803833008,39,203.29095435142517,69,40194.65585374832,2505,5497.556936740875,335,32449.82420372963,2098,172.44135427474976,45,292.67569303512573,93
MSS3_ED_137,y,1.0,2.0,58.563,M,0.0,640.72265625,1.0,0.0,0.0,1.0,2.0,10845.568651735783,1546,2226.6994205117226,254,7152.332561373711,1133,83.84729611873627,27,113.90576076507568,47,9307.049869179726,1269,2034.4834492206573,217,6510.821644842625,1025,79.89223498106003,28,109.1596873998642,40
MSS3_ED_138,y,3.0,3.0,56.12,F,0.0,10962.685546875,1.0,1.0,0.0,3.0,3.0,9939.957020163536,1000,2538.383103430271,187,6133.568894982338,754,60.117518186569214,28,67.23669797182083,27,9182.950902998447,901,2577.1430822610855,170,5829.0262041687965,708,64.07261806726456,23,79.10199761390686,26
MSS3_ED_139,y,4.0,3.0,56.225,M,1.0,39163.18359375,1.0,1.0,1.0,3.0,3.0,41890.60862529278,1768,7514.649003744125,208,32199.08445751667,1417,200.12696820497513,50,340.9277600646019,119,49256.54668033123,1930,9673.330807030201,233,37564.543846189976,1609,248.37892496585846,46,378.1054972410202,108
MSS3_ED_140,y,1.0,2.0,54.815,M,0.0,4735.810546875,1.0,1.0,0.0,1.0,2.0,6534.584017276764,977,678.6918153762817,156,4877.4052839279175,675,28.476579666137695,13,65.65433645248413,23,7930.727437019348,909,1271.9538917541504,111,6044.154034137726,750,44.29690170288086,14,85.42973899841309,27
MSS3_ED_141,y,1.0,2.0,59.91,M,0.0,3127.67578125,1.0,0.0,0.0,1.0,2.0,16166.77247095108,1296,1329.6968648433685,183,13562.749818325043,1040,47.460923194885254,17,143.9648003578186,49,18497.894815206528,1495,1435.692926645279,169,16122.47560930252,1298,45.08787703514099,16,187.47064661979675,62
MSS3_ED_142,y,3.0,3.0,66.864,F,1.0,18474.9609375,1.0,1.0,1.0,3.0,3.0,21737.12903022766,1023,4248.548763513565,178,16381.157390356064,813,134.47277784347534,41,181.14274191856384,59,23207.628406763077,1155,4631.400672197342,200,17655.484714508057,946,133.6817615032196,37,208.0372974872589,58
MSS3_ED_143,y,3.0,3.0,45.322,M,1.0,3249.4921875,1.0,0.0,0.0,3.0,3.0,16358.195729255676,1497,3597.5374360084534,276,11207.104308128357,1122,93.3398015499115,32,146.3378244638443,55,13980.40383553505,1106,3115.0181229114532,195,9841.811956644058,894,94.13081681728363,28,140.00970232486725,46
MSS3_ED_144,y,2.0,3.0,54.322,M,1.0,3749.4140625,1.0,1.0,0.0,2.0,3.0,11149.32994902134,956,2520.1678054332733,190,7897.475006103516,684,99.66765332221985,30,102.0406926870346,36,12072.44226193428,1066,2901.4361300468445,197,8632.326196074486,838,105.20474517345428,31,112.32386326789856,36
MSS3_ED_145,y,2.0,3.0,51.458,F,1.0,2761.435546875,1.0,1.0,0.0,2.0,3.0,11525.104603767395,1024,2059.014913082123,202,8526.362561702728,749,66.44535255432129,24,130.5176568031311,48,11703.083226680756,942,2043.9856071472168,188,8927.407725334167,729,79.10161018371582,17,166.90439748764038,49
MSS3_ED_146,y,1.0,2.0,63.737,M,0.0,3592.79296875,1.0,0.0,0.0,1.0,2.0,38585.71892738342,2405,4502.4582233428955,324,30828.233369350433,1902,128.9354691505432,52,335.3904228210449,110,44315.041645526886,2763,5283.19017457962,417,35984.861120224,2213,158.9940447807312,47,388.3884377479553,108
MSS3_ED_147,y,3.0,3.0,82.973,M,1.0,65457.333984375,1.0,0.0,0.0,3.0,3.0,48447.20256257057,2156,6111.370140552521,240,39295.96762132645,1768,174.02296543121338,50,423.1922113895416,124,44473.94185638428,1898,6401.672087430954,248,35851.103919267654,1583,200.91742372512817,43,397.8797800540924,96
MSS3_ED_148,y,3.0,3.0,81.947,F,1.0,70538.818359375,1.0,1.0,0.0,3.0,3.0,21800.43333530426,1513,4051.589968919754,246,16296.535833597183,1217,119.44359338283539,35,192.2171734571457,58,22543.98947954178,1656,4561.005029439926,235,16471.350629210472,1379,121.81664490699768,32,193.00819063186646,54
MSS3_ED_149,y,3.0,2.0,71.291,M,1.0,23530.341796875,1.0,1.0,0.0,3.0,2.0,38808.90802073479,1942,6646.130308389664,194,29743.845733880997,1582,155.8304773569107,49,330.64537835121155,117,38231.465135097504,2077,6555.163278460503,261,29439.303938031197,1753,165.32268917560577,38,351.21183729171753,105
MSS3_ED_150,y,1.0,1.0,74.07,F,1.0,1666.669921875,1.0,0.0,0.0,1.0,1.0,13324.653182923794,1074,1990.9855780005455,169,10165.33796697855,829,59.32614952325821,19,166.113218665123,51,14910.63891351223,1114,2187.9483944177628,187,11862.065843343735,889,61.69919550418854,21,189.84367847442627,49
MSS3_ED_151,y,2.0,1.0,63.606,M,0.0,18907.646484375,1.0,0.0,0.0,2.0,1.0,10629.668769717216,939,1821.709121644497,176,7731.387301325798,682,52.207035183906555,17,98.08594489097595,26,14151.270597577095,1100,2706.06465703249,189,10414.512503504753,845,78.31055277585983,26,136.0546977519989,34
MSS3_ED_152,y,1.0,1.0,57.958,M,0.0,2818.388671875,1.0,0.0,0.0,1.0,1.0,4551.513166308403,557,820.2848719954491,97,3074.6839898228645,381,45.08798235654831,18,52.9981546998024,18,5630.460673928261,717,977.6973016262054,100,4137.811152756214,572,51.41612023115158,19,64.86341321468353,26
MSS3_ED_153,y,2.0,3.0,67.537,M,1.0,10495.986328125,1.0,0.0,0.0,2.0,3.0,17479.934406995773,1333,2865.861270546913,206,13550.943810582161,1055,122.60792076587677,37,144.75644838809967,56,15964.342302560806,1208,2888.800817012787,191,12534.48459649086,1000,116.27977001667023,30,145.5474672317505,54
MSS3_ED_154,y,3.0,2.0,62.308,M,1.0,5202.509765625,1.0,1.0,0.0,3.0,2.0,13452.042127847672,1364,4178.94499361515,227,8228.163131475449,1077,141.59211695194244,41,111.5334552526474,40,14981.078787446022,1436,4683.614103198051,223,9429.718582034111,1180,162.15856969356537,35,148.71127367019653,50
MSS3_ED_155,y,2.0,3.0,72.884,M,1.0,46196.103515625,1.0,0.0,0.0,2.0,3.0,38771.87042415142,2078,5400.29703938961,323,31594.150292992592,1675,125.77226150035858,39,310.87106144428253,96,38272.73648071289,2099,5047.501890778542,334,31615.507846832275,1780,116.28001534938812,31,311.6620819568634,82
MSS3_ED_156,y,1.0,1.0,55.469,M,0.0,13290.64453125,1.0,0.0,0.0,1.0,1.0,9777.747087717056,1272,1760.801311969757,224,6791.66220331192,941,75.14650702476501,25,106.78714156150818,41,11623.187097072601,1513,1863.6333742141724,199,8710.666687965393,1217,99.66799879074097,29,143.17387127876282,57
MSS3_ED_157,y,1.0,1.0,32.739,F,0.0,2237.783203125,0.0,0.0,0.0,1.0,1.0,1520.331573009491,339,491.2205550670624,126,664.4529247283936,166,15.029292345046997,8,19.775384664535522,8,2114.384128332138,256,983.2321255207062,91,660.4978477954865,130,55.37107706069946,11,19.775384664535522,6
MSS3_ED_158,y,1.0,1.0,49.555,M,1.0,1848.603515625,1.0,0.0,0.0,1.0,1.0,5191.413249313831,600,696.0907602310181,132,3947.942027628422,408,30.058464646339417,13,56.95288038253784,21,6031.4682349562645,503,1070.2395438551903,95,4462.099975526333,392,49.83377033472061,12,68.81806379556656,20
MSS3_ED_159,y,2.0,2.0,58.201,M,1.0,8399.00390625,1.0,1.0,0.0,2.0,2.0,8508.173038005829,1080,1858.097663283348,235,6116.139264583588,791,60.11725091934204,23,77.51961302757263,32,10602.78462266922,1046,2915.686669588089,175,7153.161842942238,848,83.84774470329285,23,102.83213973045349,30
MSS3_ED_160,y,2.0,3.0,76.887,F,1.0,97391.42578125,0.0,1.0,1.0,2.0,3.0,16855.76084393263,1282,3330.1775377988815,210,12306.627585053444,967,115.48834216594696,30,162.94930469989777,41,16631.903303980827,1297,4040.5099437236786,250,11818.570686995983,1015,142.38288760185242,32,146.33796781301498,37
MSS3_ED_161,y,1.0,2.0,54.5,M,1.0,3662.40234375,0.0,0.0,0.0,1.0,2.0,7858.7876081466675,893,1503.7297677993774,160,5837.730503082275,667,53.78938674926758,21,68.02775382995605,26,9507.274107933044,927,1627.9199695587158,150,7387.339453697205,752,70.4008150100708,16,102.83265113830566,33
MSS3_ED_162,y,2.0,4.0,71.233,M,0.0,8040.673828125,1.0,1.0,0.0,2.0,3.0,13521.592565059662,1176,1897.6424806118011,167,10595.63194155693,948,63.2811164855957,22,173.23205637931824,49,14246.952362775803,1233,1958.550555229187,170,11569.370121479034,1035,64.8631443977356,22,217.52883791923523,45
MSS3_ED_163,y,3.0,2.0,70.672,F,1.0,27982.96875,1.0,1.0,1.0,3.0,2.0,15771.27903842926,1262,4524.612102508545,186,10476.217252731323,1035,115.4883508682251,37,157.41220426559448,53,17128.662669181824,1606,5157.4249839782715,212,11222.145436763763,1368,138.42781782150269,38,150.29305934906006,54
MSS3_ED_164,y,1.0,2.0,59.376,M,1.0,5511.005859375,1.0,0.0,0.0,1.0,2.0,10172.45250582695,962,1386.6492412686348,162,7789.915418148041,703,40.34176343679428,16,93.33976638317108,29,11633.457154214382,1152,1680.9068098664284,157,9175.773644447327,927,59.32612270116806,18,111.53311067819595,33
MSS3_ED_165,y,3.0,3.0,77.999,M,1.0,91617.802734375,1.0,1.0,0.0,3.0,3.0,20976.911746263504,1366,4782.473261356354,228,14875.0264108181,1071,136.84549689292908,47,166.90404534339905,54,21553.561267852783,1393,5113.9083087444305,235,15327.486666440964,1130,145.54665565490723,40,188.26143503189087,56
MSS3_ED_166,y,1.0,1.0,60.75,M,0.0,28596.796875,1.0,1.0,1.0,1.0,1.0,5880.387558102608,598,1329.6921556591988,126,3910.7662210464478,411,48.251767694950104,16,113.11479967832565,27,6315.444479942322,621,1464.9553077220917,136,4356.897319078445,436,61.69898164272308,15,124.9799884557724,32
MSS3_ED_167,y,3.0,3.0,77.555,M,1.0,31579.716796875,1.0,0.0,0.0,3.0,3.0,24810.253685116768,1530,6710.989710330963,226,16268.850232481956,1236,158.9944521188736,40,189.8441219329834,62,28565.212213516235,2141,7593.764877319336,278,19256.522101402283,1797,185.0980188846588,40,227.81294631958008,69
MSS3_ED_168,y,1.0,2.0,62.946,M,0.0,7392.83203125,1.0,0.0,1.0,1.0,2.0,14368.00348186493,1015,1902.3920047283173,140,11231.627474069595,821,68.81833863258362,27,145.54683113098145,39,16334.467732906342,1197,1920.58535861969,146,13419.576033353806,1021,68.0273232460022,20,175.60541582107544,47
MSS3_ED_169,y,1.0,2.0,60.49,F,1.0,6453.896484375,1.0,0.0,0.0,1.0,2.0,7925.984326601028,677,1302.8040105700493,105,5972.173818945885,515,64.07232838869095,16,83.05672198534012,25,8446.47311770916,701,1521.9155533313751,95,6524.303266048431,581,70.400459587574,15,93.33993518352509,30
MSS3_ED_170,y,1.0,2.0,44.917,M,1.0,2401.5234375,1.0,0.0,0.0,1.0,2.0,7965.494331717491,828,1912.6678544282913,142,5417.643562853336,606,62.48997539281845,19,92.54844456911087,31,7399.129491448402,647,1656.3798540830612,126,5416.852550506592,508,50.62479019165039,15,96.50350630283356,27
MSS3_ED_171,y,1.0,3.0,81.766,M,1.0,30212.841796875,1.0,0.0,0.0,1.0,3.0,12917.277369499207,992,2160.262369632721,200,10013.460760593414,710,58.53512096405029,21,180.35145378112793,54,13650.54841184616,1040,2350.106005191803,199,10832.161438941956,813,66.44527244567871,20,204.08190822601318,51
MSS3_ED_172,y,1.0,3.0,38.762,M,1.0,3367.353515625,1.0,1.0,1.0,1.0,3.0,25755.342602729797,2026,3709.84511077404,299,20410.476203262806,1580,103.62253934144974,33,270.52601873874664,89,25337.688398361206,2126,3685.3237465023994,336,20562.35045939684,1746,109.95063334703445,34,264.98893648386,84
MSS3_ED_173,y,1.0,2.0,51.97,M,1.0,5058.544921875,1.0,0.0,0.0,1.0,2.0,14004.937972426414,1151,1337.608026623726,149,11241.128129124641,893,50.625022888183594,18,121.81646132469177,41,13443.316624760628,1009,1182.5688940286636,115,11332.885983109474,884,38.759783148765564,15,128.9356051683426,37
MSS3_ED_174,y,2.0,2.0,84.419,F,1.0,13552.470703125,1.0,1.0,0.0,2.0,2.0,17485.388532578945,1466,4080.0558267831802,191,11869.181403815746,1190,104.413991689682,27,128.14444434642792,52,18652.926803290844,1664,5030.855963230133,228,12358.028728544712,1405,117.86124819517136,34,150.29286682605743,51
MSS3_ED_175,y,1.0,1.0,41.903,M,0.0,2656.23046875,1.0,0.0,0.0,1.0,1.0,5034.021540880203,541,1034.6480476856232,117,3337.2936645150185,339,42.71482765674591,16,50.62498092651367,22,5193.806636929512,503,1024.364848434925,107,3842.7524584531784,372,48.25193494558334,15,59.32614952325821,21
MSS3_ED_176,y,3.0,3.0,83.107,F,1.0,13005.87890625,1.0,1.0,1.0,3.0,3.0,32165.194391965866,2025,5225.469693660736,246,24345.183282136917,1641,149.50253891944885,46,286.34877824783325,93,30330.821969985962,1760,5549.787370681763,244,23002.824506759644,1474,156.6217074394226,40,346.4662013053894,79
MSS3_ED_177,y,1.0,1.0,43.707,F,1.0,6683.291015625,1.0,1.0,0.0,1.0,1.0,6490.280268788338,736,2006.8057333230972,167,3405.3207260370255,440,56.162083983421326,19,44.296854972839355,18,6933.248818516731,797,1786.1124737262726,180,4265.945336937904,578,50.624977111816406,16,58.53512978553772,24
MSS3_ED_178,y,2.0,3.0,68.057,M,0.0,18084.19921875,1.0,0.0,0.0,2.0,3.0,12202.933680415154,1106,2664.9175840616226,174,8505.746150612831,804,65.65395057201385,24,124.97980952262878,40,13743.823990225792,1320,3059.6322989463806,211,10032.398254275322,1050,67.23597347736359,21,157.41127908229828,43
MSS3_ED_179,y,1.0,2.0,54.861,M,0.0,5165.33203125,1.0,0.0,0.0,1.0,2.0,7506.719614863396,889,1371.6176830530167,166,5473.023500025272,656,45.8787921667099,19,82.26542043685913,28,7312.921268641949,772,1308.3365904092789,137,5514.947223901749,603,58.53501069545746,16,87.80251604318619,25
MSS3_ED_180,y,2.0,2.0,66.294,F,1.0,10914.43359375,1.0,1.0,0.0,2.0,2.0,13469.450600624084,1145,2706.862811565399,178,9843.425139427185,899,66.4454927444458,20,160.57660746574402,41,14829.210148572922,1217,3137.9674966335297,190,10954.01408958435,1006,75.14668822288513,25,196.96342492103577,48
MSS3_ED_181,y,2.0,3.0,70.732,M,1.0,14714.47265625,1.0,0.0,0.0,2.0,3.0,20265.10106641054,1551,4197.143770575523,237,15187.553787231445,1266,119.44378238916397,39,155.83063000440598,58,21787.02051883936,1771,4784.870461404324,298,16360.63411360979,1470,125.7719298005104,29,193.00849604606628,58
MSS3_ED_182,y,3.0,3.0,72.205,M,1.0,7999.541015625,1.0,0.0,0.0,3.0,3.0,18319.955005645752,1496,5370.214789867401,191,11369.288138866425,1213,145.54713821411133,43,106.78730249404907,43,19540.494322299957,1687,6308.36101770401,217,12025.041277885437,1399,166.90459871292114,39,124.18967771530151,42
MSS3_ED_184,y,1.0,1.0,49.243,M,0.0,8608.623046875,1.0,0.0,0.0,1.0,1.0,32123.923443853855,2816,5477.781139314175,326,24261.2310937047,2306,143.17377418279648,46,299.0037935972214,124,38555.66906750202,2841,6640.573669970036,401,29759.57863152027,2356,162.1581420302391,40,416.07406198978424,128
MSS3_ED_185,y,2.0,2.0,63.121,M,0.0,6739.453125,1.0,0.0,0.0,2.0,2.0,19198.759041011333,2208,2763.811301112175,265,14399.662543058395,1690,95.71298438310623,31,193.7990179657936,66,18708.328873097897,2090,2850.823105096817,276,14895.629825770855,1728,96.50400078296661,27,238.095936357975,63
MSS3_ED_186,y,2.0,3.0,68.068,M,0.0,25935.8203125,1.0,0.0,0.0,2.0,3.0,20459.665390849113,1527,2414.976162314415,212,16259.3629270792,1194,61.699358224868774,23,223.85792791843414,60,24560.29966056347,1900,3256.618689894676,247,19777.01736330986,1589,86.22089803218842,25,260.24472892284393,73
MSS3_ED_187,y,2.0,2.0,46.138,F,1.0,29167.91015625,1.0,1.0,1.0,2.0,2.0,11111.384762644768,971,2948.112124323845,202,7069.299183011055,702,79.89249384403229,30,119.44323337078094,37,12347.74088025093,1104,3126.881466984749,236,8197.286274313927,822,77.51944947242737,27,136.05454397201538,35
MSS3_ED_188,y,3.0,4.0,78.097,M,1.0,26217.421875,1.0,1.0,1.0,3.0,3.0,40590.197191119194,1731,6345.530690789223,234,31258.580940902233,1314,155.83016031980515,52,343.3009623289108,96,44895.697508990765,1702,7073.265449643135,284,35190.72168684006,1345,180.35165762901306,47,405.7912296652794,89
MSS3_ED_189,y,2.0,2.0,85.665,F,1.0,7954.453125,1.0,0.0,0.0,2.0,2.0,17790.71097278595,1372,3002.691692352295,182,13728.059620857239,1114,87.0116138458252,30,165.32206630706787,59,19606.089643478394,1523,2950.4847240448,213,15713.506445884705,1277,83.84755516052246,26,210.40990257263184,62
MSS3_ED_190,y,1.0,2.0,52.323,M,1.0,1411.962890625,1.0,0.0,0.0,1.0,2.0,9690.717817544937,845,1558.2984328269958,119,6949.061793088913,619,55.371010303497314,20,95.71274638175964,32,10598.011372089386,933,1622.3706018924713,136,8202.028654813766,737,49.83390927314758,20,114.69709277153015,33
MSS3_ED_191,y,1.0,3.0,81.385,F,0.0,23209.98046875,0.0,0.0,0.0,1.0,3.0,27002.01374578476,1689,3186.1996533870697,189,21866.758495092392,1393,101.24964141845703,33,253.91511636972427,73,27914.051531374454,1955,3190.154717504978,224,23187.749910473824,1691,108.36875683069229,30,275.27246260643005,78
MSS3_ED_192,y,2.0,2.0,76.55,F,1.0,4206.62109375,1.0,0.0,0.0,2.0,2.0,7206.172977685928,749,2641.2087346315384,190,4098.263687968254,515,70.40059220790863,24,64.86346697807312,25,7327.198714852333,805,2588.210536003113,184,4395.686414599419,595,75.93771743774414,22,75.14669954776764,30
MSS3_ED_193,y,1.0,2.0,55.359,M,1.0,4826.77734375,1.0,1.0,0.0,1.0,2.0,12932.355381131172,1045,2011.5591005086899,158,9746.134359955788,779,69.60959529876709,19,123.39882802963257,37,13320.745282173157,1042,1946.6956139802933,153,10715.922585368156,841,58.53534150123596,17,138.4281724691391,40
MSS3_ED_194,y,2.0,3.0,73.027,F,1.0,70660.634765625,1.0,1.0,1.0,2.0,3.0,19443.90526330471,1599,3731.21114385128,228,14594.991904854774,1263,109.15987658500671,31,204.08150839805603,69,20380.46536386013,1563,4047.6165832281113,252,15508.612611055374,1263,125.77116215229034,33,230.1849571466446,55
MSS3_ED_195,y,3.0,2.0,53.892,F,1.0,6995.7421875,1.0,1.0,0.0,3.0,2.0,12321.592826008797,1145,3479.6614779233932,222,7995.548583507538,871,103.62256276607513,30,119.44280135631561,42,12062.140913128853,992,3556.3896350860596,209,7772.483219385147,761,107.57762241363525,26,128.9349445104599,36
MSS3_ED_196,y,1.0,2.0,73.834,M,1.0,42214.921875,1.0,0.0,1.0,1.0,2.0,12789.91814815998,1109,2456.8919394016266,173,9439.179495453835,878,82.2655382156372,24,158.20295810699463,42,13770.776488423347,1154,2633.2882376909256,172,10127.362363219261,960,83.05655300617218,21,146.33773624897003,44
MSS3_ED_197,y,1.0,1.0,54.108,M,1.0,1529.82421875,0.0,0.0,0.0,1.0,1.0,9672.541977882385,1012,1564.6293778419495,146,6799.572361946106,768,57.744158029556274,24,91.75784015655518,26,10128.167115211487,939,1394.560967206955,142,7826.310952663422,759,51.41603112220764,22,102.0410463809967,29
MSS3_ED_198,y,1.0,1.0,70.166,F,1.0,12327.1875,1.0,0.0,0.0,1.0,1.0,7079.612249135971,781,1601.8117100000381,150,4692.319537639618,564,56.16228711605072,19,71.19163155555725,25,8976.473721027374,742,2168.971708059311,148,6096.376715540886,562,71.98264968395233,20,103.62337481975555,28
MSS3_ED_199,y,2.0,2.0,56.832,F,1.0,10268.96484375,1.0,1.0,0.0,2.0,2.0,10655.747396349907,829,3630.7535111904144,168,6292.515072226524,632,109.95092332363129,34,90.96659123897552,34,10361.490249037743,749,3361.0177928209305,138,6412.749175429344,611,109.15990948677063,31,83.05645287036896,29
MSS3_ED_200,y,3.0,2.0,78.738,M,1.0,37642.060546875,1.0,1.0,1.0,3.0,2.0,21837.565068364143,1187,6278.290069460869,198,14227.995902657509,922,165.32224071025848,41,196.9628609418869,59,23242.408606648445,1393,5893.065518140793,262,16256.950675010681,1101,145.54685306549072,38,249.9608998298645,61
MSS3_ED_201,y,2.0,3.0,75.373,M,1.0,10870.927734375,1.0,1.0,0.0,2.0,3.0,10008.679977536201,948,2891.1503452062607,165,6354.20266020298,705,90.96642673015594,25,94.92148876190186,30,11294.075137853622,1088,3376.0409502983093,198,7373.817651987076,844,116.27882373332977,27,108.36869966983795,29
MSS3_ED_202,y,3.0,3.0,80.528,M,1.0,31652.490234375,1.0,1.0,0.0,3.0,3.0,12704.489508092403,1052,3919.478582441807,179,8009.025357663631,823,113.11512356996536,31,122.60730177164078,35,15612.260097205639,1269,5033.227491438389,233,9703.379166662693,1009,143.17368787527084,32,174.81428188085556,38
MSS3_ED_203,y,1.0,1.0,50.719,M,0.0,1472.87109375,1.0,1.0,0.0,1.0,1.0,3550.885194540024,435,1257.7205300331116,114,1692.7810907363892,245,50.62522888183594,17,41.924017667770386,12,3459.126967191696,372,1282.2421252727509,90,1858.1041038036346,270,45.87911367416382,16,38.75994086265564,12
MSS3_ED_204,y,2.0,3.0,76.474,F,1.0,7286.044921875,1.0,1.0,0.0,2.0,3.0,14579.9736328125,1365,2380.9527254104614,213,10980.85904788971,1075,68.81823492050171,26,140.80052661895752,57,15102.834015369415,1478,2883.246738910675,215,11356.590790271759,1231,90.1756181716919,25,140.80052661895752,49
MSS3_ED_205,y,2.0,2.0,59.89,M,1.0,1899.228515625,1.0,0.0,0.0,2.0,2.0,15469.138862609863,1224,2793.873924255371,191,11401.726711273193,949,85.42989349365234,29,145.54722595214844,48,14221.70421409607,1056,2486.9591217041016,162,10984.860471725464,881,71.98259544372559,27,143.17417335510254,43
MSS3_ED_206,y,3.0,2.0,75.565,F,1.0,28314.404296875,1.0,1.0,0.0,3.0,2.0,22638.094935953617,1478,5043.519805431366,227,16070.286757707596,1185,139.21886539459229,39,178.7696794271469,53,21949.119755506516,1634,5632.035918235779,210,15280.852509617805,1379,157.4122398495674,35,166.90443521738052,48
MSS3_ED_207,y,1.0,2.0,55.214,F,1.0,2702.109375,1.0,0.0,0.0,1.0,2.0,6052.849282026291,688,1528.2416117191315,143,3897.332516014576,481,71.19137942790985,26,62.490210831165314,24,5908.884492516518,632,1631.0736042261124,140,3863.3188569545746,462,71.98239475488663,23,65.65427213907242,20
MSS3_ED_208,y,3.0,2.0,59.431,M,1.0,9906.6796875,1.0,0.0,0.0,3.0,2.0,18950.362756073475,1862,4423.359708309174,222,13033.565435230732,1499,130.5175879597664,34,176.39649766683578,58,21599.47428381443,1822,5446.934004187584,210,15241.290210962296,1581,166.90430945158005,34,215.94728189706802,65
MSS3_ED_209,y,1.0,2.0,55.409,F,1.0,1736.279296875,1.0,0.0,0.0,1.0,2.0,5491.247433543205,853,1433.3247406482697,123,2667.3129279613495,405,44.297011852264404,16,38.759885370731354,16,4704.184455096722,526,1329.7013736367226,118,2961.5716495513916,393,51.416174471378326,11,41.13293957710266,15
MSS3_ED_210,y,1.0,1.0,55.444,M,0.0,1959.345703125,0.0,0.0,0.0,1.0,1.0,5761.7578125,916,1530.615234375,156,3115.810546875,651,59.326171875,25,50.625,24,6091.611328125,851,1759.21875,169,3525.556640625,609,70.400390625,19,66.4453125,23
MSS3_ED_211,y,2.0,3.0,73.405,M,1.0,11164.39453125,1.0,1.0,0.0,2.0,3.0,24247.77287042141,1667,2981.3354194760323,197,19258.84145873785,1323,98.87687116861343,27,253.9158051609993,67,28375.28898048401,1952,3055.6908265948296,281,23554.843757271767,1590,75.14642208814621,30,276.0642243027687,75
MSS3_ED_212,y,3.0,3.0,72.613,M,1.0,20193.837890625,1.0,1.0,1.0,3.0,3.0,32682.372876644135,2159,4188.425209522247,272,26612.91364479065,1702,115.4882116317749,39,323.5251955986023,94,30960.332899093628,1725,4109.323694705963,264,25722.23058795929,1427,113.11516618728638,29,314.82402896881104,76
MSS3_ED_213,y,1.0,2.0,66.806,M,0.0,5197.763671875,0.0,1.0,0.0,1.0,2.0,15432.640419006348,1515,2092.2262382507324,179,11366.839714050293,1173,70.40005111694336,30,132.09897232055664,47,18044.561416625977,1665,2347.7230529785156,194,14447.03970336914,1408,77.51915740966797,25,174.8136100769043,56
MSS3_ED_214,y,1.0,2.0,49.426,F,1.0,4325.2734375,1.0,0.0,0.0,1.0,2.0,6634.252046108246,789,1399.3074841499329,122,4617.95200252533,597,49.04299831390381,15,54.580111026763916,24,6809.857620716095,722,1417.5008544921875,120,5003.967860221863,588,49.83401441574097,15,64.07230424880981,25
MSS3_ED_215,y,2.0,3.0,48.09,M,0.0,10708.76953125,1.0,0.0,0.0,2.0,3.0,14262.00956940651,1174,1754.4723918437958,158,11458.650616884232,935,66.44530248641968,19,119.44334137439728,45,15704.030836462975,1168,1839.9020664691925,166,13200.466760635376,974,67.23631799221039,17,152.66599261760712,48
MSS3_ED_216,y,2.0,1.0,69.388,M,1.0,12929.94140625,1.0,1.0,0.0,2.0,1.0,9663.062893867493,997,2180.042676448822,216,6570.186672925949,692,66.44542264938354,24,86.22084605693817,33,10229.431020259857,1160,2126.2535247802734,205,7365.949710845947,899,72.77355813980103,23,102.83220171928406,31
MSS3_ED_217,y,4.0,4.0,66.831,F,1.0,20265.029296875,1.0,1.0,1.0,3.0,3.0,25574.40518206358,1804,5684.255842328072,237,17895.20177024603,1467,156.6215776205063,45,207.24673402309418,73,28501.963054656982,1750,6721.280530512333,232,19723.244527220726,1476,169.27786672115326,42,243.63356518745422,66
MSS3_ED_218,y,1.0,2.0,44.23,M,1.0,2068.505859375,1.0,1.0,0.0,1.0,2.0,10077.532987594604,1277,1565.418978214264,187,7289.99560546875,945,64.86324214935303,21,100.45892381668091,40,10200.140335559845,1285,1357.3819942474365,166,8175.932571411133,1061,69.60933303833008,19,116.27922677993774,45
MSS3_ED_219,y,1.0,3.0,52.476,F,1.0,1038.603515625,1.0,0.0,0.0,1.0,3.0,8567.480550706387,776,1578.074388206005,123,6536.154721677303,626,58.5350900888443,15,114.69713598489761,39,9049.999536573887,799,1447.556957602501,127,7157.101285457611,654,66.44523739814758,14,121.02525383234024,39
MSS3_ED_220,y,2.0,3.0,67.17,F,0.0,23539.04296875,0.0,0.0,0.0,2.0,3.0,11021.194128036499,941,2165.004545211792,175,8432.997243881226,751,52.9979190826416,19,147.1285514831543,43,12877.703323364258,1051,2368.2950706481934,179,10083.051858901978,874,67.23616600036621,17,170.06794929504395,47
MSS3_ED_221,y,2.0,3.0,62.39,M,0.0,23838.046875,1.0,0.0,0.0,2.0,3.0,15426.407642126083,1119,2794.66199362278,196,11752.135080456734,870,60.11726903915405,28,116.27945458889008,43,17116.81032550335,1356,2752.7381086349487,193,13749.452242612839,1134,67.2364193201065,23,137.63690543174744,45
MSS3_ED_222,y,1.0,1.0,52.079,M,1.0,3694.04296875,1.0,0.0,0.0,1.0,1.0,4375.099839389324,582,1807.4675706028938,148,2010.7582339048386,353,60.9080975651741,23,45.87882673740387,13,4356.906511545181,615,1532.9856244325638,147,2436.323902606964,428,60.11708331108093,16,60.11708331108093,16
MSS3_ED_223,y,1.0,3.0,65.739,F,0.0,6551.982421875,1.0,0.0,0.0,1.0,3.0,20263.541932940483,1516,2259.9421986341476,186,16335.339987397194,1238,105.9965889453888,37,182.72546303272247,66,22186.509901046753,1724,2793.8802399635315,219,18074.000453829765,1456,122.60799467563629,33,210.41113924980164,68
MSS3_ED_224,y,1.0,1.0,43.379,M,0.0,10176.416015625,1.0,0.0,0.0,1.0,1.0,10861.424907267094,880,2089.070219218731,164,7589.787487089634,623,68.81829196214676,22,105.20497506856918,30,9327.647112846375,717,1549.5980914235115,137,7120.7156809568405,565,60.90814346075058,15,98.87685626745224,31
MSS3_ED_225,y,3.0,3.0,53.58,M,1.0,38609.47265625,1.0,1.0,1.0,3.0,3.0,17611.186472415924,1311,4461.331822872162,213,11646.132700026035,1035,103.62313276529312,33,147.9200444817543,48,17253.64711356163,1509,4598.177639424801,227,11443.632532179356,1249,114.69736069440842,33,143.96496307849884,45
MSS3_ED_226,y,1.0,2.0,68.89,M,1.0,2993.994140625,1.0,0.0,0.0,1.0,2.0,9134.611956834793,906,2633.2804991602898,182,5653.366094172001,626,70.4001094698906,26,80.68327152729034,24,9451.807955682278,944,2441.8554823994637,166,6364.486301064491,716,72.77314686775208,22,97.29453331232071,27
MSS3_ED_227,y,2.0,3.0,74.771,F,1.0,18618.134765625,1.0,0.0,0.0,2.0,3.0,17259.224543452263,1345,2982.929362177849,176,13015.412284612656,1117,94.92217540740967,30,162.15871632099152,50,19789.691536188126,1542,3214.6976737976074,200,15542.715204834938,1309,95.71319353580475,29,204.87369525432587,60
MSS3_ED_228,y,3.0,3.0,71.836,M,0.0,30625.751953125,1.0,1.0,0.0,3.0,3.0,17525.653707265854,1217,3668.7119468450546,193,12534.370312571526,936,109.1596051454544,36,180.3506519794464,57,18236.773163974285,1159,4281.745961248875,192,12986.03795415163,936,137.6360238790512,31,193.797849714756,49
MSS3_ED_229,y,1.0,1.0,49.303,M,0.0,2407.8515625,1.0,1.0,0.0,1.0,1.0,3289.838694393635,474,1229.2400411367416,109,1656.389090180397,290,64.07235735654831,19,33.22270381450653,16,3136.381443440914,365,1384.2793256044388,96,1464.172018110752,237,82.26574277877808,19,33.22270381450653,14
MSS3_ED_230,y,1.0,2.0,53.955,M,1.0,2530.458984375,0.0,0.0,0.0,1.0,2.0,8743.107561707497,809,1730.7445349693298,155,5808.4356125593185,549,65.6543859243393,23,108.36928761005402,32,9031.828656435013,736,1503.722742676735,129,6757.655650019646,543,46.66998517513275,16,132.8908052444458,33
LBC360185,y,2.0,3.0,72.35616438356165,F,1.0,8156.0,0.0,N/A,N/A,2.0,3.0,7046.0,542,1216.0,96,5816.0,456,42.0,16,82.0,27,6641.0,710,1319.0,121,5309.0,589,50.0,14,92.0,26
LBC360132,y,1.0,3.0,72.30410958904109,F,1.0,6321.0,0.0,N/A,N/A,1.0,3.0,11684.0,623,1636.0,104,10030.0,535,60.0,20,232.0,52,14203.0,1047,2025.0,191,12169.0,878,82.0,25,300.0,58
LBC360494,y,2.0,3.0,72.84931506849315,M,1.0,14294.0,0.0,N/A,N/A,2.0,3.0,15123.0,711,2305.0,157,12767.0,571,122.0,33,233.0,55,17902.0,954,2629.0,231,15234.0,740,161.0,29,317.0,54
LBC361010,y,1.0,1.0,73.77260273972603,F,1.0,138.0,0.0,N/A,N/A,1.0,1.0,12136.0,618,2938.0,153,9140.0,486,96.0,33,171.0,49,13128.0,870,3016.0,218,10066.0,670,117.0,32,197.0,52
LBC360973,y,2.0,3.0,73.61917808219178,F,1.0,38290.0,1.0,N/A,N/A,2.0,3.0,6724.0,410,1642.0,88,5072.0,331,60.0,19,96.0,26,7669.0,483,2170.0,101,5484.0,387,76.0,18,112.0,23
LBC360513,y,1.0,2.0,72.65753424657534,M,1.0,6308.0,0.0,N/A,N/A,1.0,2.0,4068.0,406,561.0,63,3481.0,343,28.0,10,67.0,18,5404.0,610,755.0,93,4605.0,521,39.0,14,86.0,21
LBC360504,y,1.0,2.0,72.87945205479453,M,1.0,7624.0,0.0,N/A,N/A,1.0,2.0,6364.0,520,1285.0,81,5035.0,455,46.0,14,90.0,28,6933.0,639,1490.0,98,5428.0,558,60.0,14,110.0,31
LBC361171,y,1.0,2.0,73.76164383561644,M,1.0,8197.0,0.0,N/A,N/A,1.0,2.0,12391.0,703,1637.0,137,10707.0,584,57.0,22,172.0,50,12320.0,906,1582.0,171,10713.0,748,77.0,22,180.0,50
LBC360448,n,2.0,2.0,73.35890410958905,F,1.0,47900.0,1.0,N/A,N/A,2.0,2.0,N/A,N/A,N/A,N/A,N/A,N/A,N/A,N/A,N/A,N/A,11458.0,591,3519.0,139,7870.0,460,128.0,29,155.0,32
LBC360782,y,1.0,1.0,73.04657534246576,M,1.0,4161.0,0.0,N/A,N/A,1.0,1.0,4329.0,441,969.0,89,3322.0,356,53.0,20,47.0,22,5219.0,646,1201.0,125,3986.0,525,70.0,19,61.0,22
LBC361119,n,1.0,2.0,73.95890410958904,F,1.0,3079.0,1.0,N/A,N/A,1.0,2.0,N/A,N/A,N/A,N/A,N/A,N/A,N/A,N/A,N/A,N/A,11410.0,706,1682.0,171,9723.0,550,62.0,17,242.0,37
LBC361292,y,2.0,2.0,73.84383561643835,F,1.0,6931.0,0.0,N/A,N/A,2.0,2.0,11678.0,720,1585.0,126,10014.0,621,59.0,20,168.0,54,12042.0,1063,1636.0,175,10371.0,911,73.0,21,211.0,47
LBC360681,y,1.0,1.0,72.75068493150685,M,1.0,2672.0,0.0,N/A,N/A,1.0,1.0,5103.0,456,1186.0,89,3911.0,377,43.0,16,86.0,32,6664.0,784,1551.0,145,5098.0,644,70.0,19,129.0,33
LBC361104,y,1.0,3.0,73.4931506849315,M,1.0,26652.0,0.0,N/A,N/A,1.0,3.0,12291.0,594,1103.0,111,11018.0,491,31.0,16,192.0,48,14342.0,869,1238.0,148,12948.0,728,42.0,16,238.0,47
LBC360546,y,1.0,2.0,72.63013698630137,F,1.0,6733.0,0.0,N/A,N/A,1.0,2.0,5692.0,446,955.0,76,4726.0,376,24.0,9,76.0,29,7774.0,664,1316.0,107,6438.0,563,42.0,12,110.0,31
LBC360847,y,1.0,2.0,72.82739726027397,M,1.0,18647.0,1.0,N/A,N/A,1.0,2.0,11522.0,643,2389.0,154,9091.0,517,113.0,27,178.0,44,12342.0,899,2367.0,201,9953.0,713,124.0,25,217.0,43
LBC361139,y,1.0,2.0,73.53150684931506,F,1.0,15377.0,0.0,N/A,N/A,1.0,2.0,10411.0,668,1184.0,106,9173.0,577,55.0,21,137.0,41,12651.0,1027,1689.0,168,10934.0,874,81.0,21,182.0,54
LBC360873,y,1.0,4.0,72.92054794520548,F,1.0,1441.0,0.0,N/A,N/A,1.0,3.0,10055.0,612,2057.0,152,7935.0,479,68.0,23,144.0,46,14471.0,952,2468.0,227,11968.0,747,99.0,27,244.0,57
LBC360232,y,1.0,3.0,71.73698630136987,M,1.0,16808.0,0.0,N/A,N/A,1.0,3.0,8552.0,656,1099.0,112,7404.0,551,42.0,14,137.0,46,8882.0,841,1240.0,144,7602.0,698,51.0,16,168.0,44
LBC360913,y,1.0,2.0,72.88767123287671,M,1.0,28341.0,0.0,N/A,N/A,1.0,2.0,7377.0,622,1660.0,155,5669.0,485,63.0,21,106.0,40,8214.0,771,1837.0,181,6361.0,597,85.0,24,122.0,36
LBC360995,y,1.0,2.0,72.86027397260274,F,1.0,15631.0,0.0,N/A,0.0,1.0,2.0,5975.0,433,649.0,65,5275.0,373,38.0,11,160.0,35,7514.0,708,881.0,104,6603.0,611,39.0,11,203.0,37
LBC360331,y,1.0,4.0,72.62465753424658,M,1.0,32501.0,0.0,N/A,N/A,1.0,3.0,10725.0,712,1200.0,123,9476.0,601,51.0,16,110.0,41,10968.0,869,1296.0,153,9658.0,727,64.0,19,138.0,37
LBC360424,y,1.0,3.0,72.65479452054795,F,1.0,7221.0,0.0,N/A,N/A,1.0,3.0,9872.0,597,1528.0,116,8292.0,494,66.0,20,133.0,43,10888.0,818,1615.0,152,9232.0,674,83.0,26,180.0,43
LBC360790,y,1.0,2.0,73.36712328767123,F,1.0,16376.0,0.0,N/A,N/A,1.0,2.0,12779.0,550,3177.0,141,9535.0,435,137.0,30,180.0,43,13160.0,710,3117.0,193,9985.0,531,159.0,29,229.0,42
LBC361107,y,1.0,1.0,73.86575342465754,M,1.0,5506.0,0.0,N/A,N/A,1.0,1.0,8260.0,587,1651.0,136,6579.0,458,60.0,27,102.0,40,9405.0,785,1966.0,167,7409.0,622,78.0,23,145.0,46
LBC360926,n,2.0,2.0,73.57260273972602,M,1.0,18675.0,1.0,N/A,N/A,2.0,2.0,N/A,N/A,N/A,N/A,N/A,N/A,N/A,N/A,N/A,N/A,11271.0,770,2051.0,170,9177.0,614,69.0,17,180.0,42
LBC361022,y,1.0,2.0,73.76712328767124,F,1.0,12703.0,0.0,N/A,N/A,1.0,2.0,7446.0,564,1684.0,125,5735.0,445,52.0,21,134.0,37,8649.0,717,1929.0,149,6702.0,571,72.0,18,164.0,33
LBC360687,y,2.0,3.0,73.03013698630137,M,0.0,17102.0,0.0,N/A,0.0,2.0,3.0,11329.0,698,2006.0,146,9268.0,566,81.0,26,120.0,39,14585.0,945,2791.0,198,11769.0,757,102.0,24,158.0,42
LBC360695,n,2.0,3.0,73.02465753424657,M,0.0,6046.0,0.0,N/A,N/A,2.0,3.0,N/A,N/A,N/A,N/A,N/A,N/A,N/A,N/A,N/A,N/A,16374.0,909,4345.0,214,11978.0,720,160.0,30,233.0,38
LBC361169,n,1.0,2.0,73.73424657534247,M,0.0,10675.0,0.0,N/A,N/A,1.0,2.0,N/A,N/A,N/A,N/A,N/A,N/A,N/A,N/A,N/A,N/A,26978.0,887,4396.0,179,22380.0,731,165.0,28,407.0,58
LBC361305,y,2.0,3.0,73.57808219178082,F,0.0,23939.0,0.0,N/A,N/A,2.0,3.0,10703.0,626,1924.0,136,8718.0,506,60.0,25,131.0,39,10816.0,844,2196.0,200,8579.0,657,72.0,20,146.0,37
LBC360840,y,1.0,2.0,73.14246575342466,M,0.0,10002.0,0.0,N/A,N/A,1.0,2.0,6641.0,516,774.0,82,5838.0,435,34.0,17,107.0,35,8084.0,777,890.0,111,7162.0,670,49.0,18,151.0,40
LBC361185,y,3.0,2.0,73.7068493150685,F,0.0,4526.0,0.0,N/A,N/A,3.0,2.0,5819.0,432,1533.0,100,4262.0,342,52.0,17,73.0,24,9088.0,800,2367.0,166,6694.0,649,87.0,20,121.0,40
LBC360458,y,1.0,1.0,72.23561643835616,M,0.0,2343.0,0.0,N/A,N/A,1.0,1.0,5486.0,477,1558.0,92,3880.0,387,62.0,19,66.0,24,5944.0,715,1685.0,133,4227.0,584,68.0,18,77.0,27
LBC361201,y,2.0,2.0,73.42465753424658,F,0.0,16511.0,0.0,N/A,N/A,2.0,2.0,7129.0,478,1815.0,90,5254.0,398,68.0,18,97.0,29,7495.0,576,2056.0,97,5386.0,484,81.0,19,118.0,27
LBC360439,n,1.0,2.0,72.13150684931507,F,0.0,8897.0,0.0,N/A,N/A,1.0,2.0,N/A,N/A,N/A,N/A,N/A,N/A,N/A,N/A,N/A,N/A,8342.0,663,783.0,126,7526.0,542,34.0,14,139.0,38
LBC361262,y,2.0,2.0,73.63561643835617,F,0.0,3347.0,0.0,N/A,N/A,2.0,2.0,12806.0,596,2383.0,117,10388.0,497,81.0,28,189.0,56,14472.0,884,2630.0,181,11808.0,721,103.0,28,200.0,49
LBC360666,n,2.0,3.0,73.66301369863014,F,0.0,16760.0,0.0,N/A,N/A,2.0,3.0,N/A,N/A,N/A,N/A,N/A,N/A,N/A,N/A,N/A,N/A,14452.0,1111,2777.0,203,11663.0,930,108.0,27,196.0,58
LBC360734,y,1.0,3.0,72.6109589041096,F,0.0,0.0,0.0,N/A,0.0,1.0,3.0,9900.0,699,1245.0,94,8608.0,619,41.0,15,169.0,47,10536.0,912,1374.0,120,9123.0,797,57.0,19,176.0,45
LBC360240,y,1.0,2.0,71.76712328767124,M,0.0,5521.0,0.0,N/A,0.0,1.0,2.0,8681.0,645,1804.0,117,6855.0,540,69.0,23,111.0,37,10403.0,955,2439.0,191,7938.0,779,112.0,25,151.0,38
LBC361147,y,1.0,1.0,73.94794520547946,F,0.0,292.0,1.0,N/A,N/A,1.0,1.0,15029.0,770,2060.0,126,12946.0,665,80.0,24,172.0,60,17640.0,1049,2263.0,184,15356.0,880,83.0,21,242.0,63
LBC360056,y,1.0,2.0,72.0958904109589,F,0.0,10812.0,0.0,N/A,N/A,1.0,2.0,12237.0,734,1765.0,138,10389.0,618,83.0,29,136.0,41,14019.0,983,2221.0,185,11745.0,817,121.0,23,164.0,42
LBC360967,n,1.0,2.0,73.6109589041096,M,0.0,42633.0,1.0,N/A,N/A,1.0,2.0,N/A,N/A,N/A,N/A,N/A,N/A,N/A,N/A,N/A,N/A,12471.0,843,3548.0,211,8844.0,648,139.0,26,138.0,33
LBC360604,n,3.0,4.0,73.01917808219179,F,0.0,8051.0,0.0,N/A,N/A,3.0,3.0,N/A,N/A,N/A,N/A,N/A,N/A,N/A,N/A,N/A,N/A,16976.0,1166,2237.0,172,14638.0,1003,65.0,20,232.0,49
LBC361138,n,2.0,2.0,73.8082191780822,F,0.0,6635.0,0.0,N/A,N/A,2.0,2.0,N/A,N/A,N/A,N/A,N/A,N/A,N/A,N/A,N/A,N/A,22651.0,629,5269.0,125,17337.0,528,164.0,28,325.0,44
LBC360070,n,1.0,2.0,71.90958904109588,M,0.0,436.0,0.0,N/A,N/A,1.0,2.0,N/A,N/A,N/A,N/A,N/A,N/A,N/A,N/A,N/A,N/A,13775.0,1148,2599.0,195,11154.0,973,81.0,24,180.0,48
LBC360270,n,1.0,1.0,72.75890410958904,F,0.0,31772.0,1.0,N/A,N/A,1.0,1.0,N/A,N/A,N/A,N/A,N/A,N/A,N/A,N/A,N/A,N/A,7628.0,675,1997.0,158,5587.0,525,72.0,21,143.0,23
LBC360982,y,1.0,2.0,73.4876712328767,F,0.0,28367.0,0.0,N/A,N/A,1.0,2.0,6743.0,444,1142.0,94,5560.0,365,49.0,15,154.0,40,8615.0,742,1718.0,158,6852.0,601,78.0,15,202.0,39
LBC361266,y,1.0,1.0,73.7068493150685,M,0.0,28902.0,1.0,N/A,N/A,1.0,1.0,7067.0,499,1623.0,137,5404.0,374,59.0,20,88.0,25,7796.0,731,1791.0,188,5973.0,551,77.0,23,104.0,22
LBC361297,y,2.0,3.0,73.78904109589041,F,0.0,21172.0,1.0,N/A,N/A,2.0,3.0,9310.0,538,2259.0,107,7023.0,443,111.0,27,128.0,37,11040.0,787,2762.0,167,8250.0,633,119.0,26,170.0,40
LBC360430,y,2.0,2.0,72.21917808219177,M,0.0,17347.0,0.0,N/A,N/A,2.0,2.0,6869.0,510,1932.0,115,4861.0,407,72.0,18,95.0,31,8081.0,689,2442.0,146,5572.0,556,95.0,21,117.0,30
LBC360111,y,1.0,3.0,71.78082191780823,M,0.0,0.0,0.0,N/A,N/A,1.0,3.0,13814.0,718,1637.0,134,12044.0,607,59.0,20,210.0,59,15525.0,1018,2142.0,199,13298.0,846,76.0,24,246.0,54
LBC360646,y,1.0,2.0,72.51780821917808,M,0.0,994.0,0.0,N/A,N/A,1.0,2.0,7504.0,568,1112.0,101,6376.0,475,41.0,16,119.0,38,8733.0,798,1355.0,148,7372.0,657,68.0,18,163.0,37
LBC360381,y,2.0,2.0,72.11780821917809,F,0.0,1204.0,0.0,N/A,N/A,2.0,2.0,6756.0,486,897.0,84,5816.0,408,30.0,13,107.0,32,7887.0,708,1153.0,130,6715.0,590,56.0,17,131.0,35
LBC360912,y,2.0,2.0,73.06301369863014,M,0.0,11966.0,0.0,N/A,N/A,2.0,2.0,7002.0,572,1716.0,115,5276.0,469,57.0,20,95.0,28,8200.0,891,2358.0,172,5826.0,729,86.0,21,112.0,30
LBC360467,n,3.0,2.0,71.95616438356164,F,0.0,83970.0,0.0,N/A,N/A,3.0,2.0,N/A,N/A,N/A,N/A,N/A,N/A,N/A,N/A,N/A,N/A,12375.0,502,4787.0,103,7477.0,403,187.0,30,122.0,22
LBC360052,y,1.0,2.0,71.28493150684932,F,0.0,2159.0,0.0,N/A,N/A,1.0,2.0,7517.0,635,1055.0,90,6429.0,554,52.0,18,109.0,41,8265.0,889,1109.0,114,7135.0,782,54.0,15,158.0,41
LBC361200,y,1.0,2.0,74.01369863013699,F,0.0,7357.0,0.0,N/A,N/A,1.0,2.0,9002.0,611,1673.0,119,7284.0,508,65.0,22,107.0,40,10188.0,890,1835.0,167,8324.0,734,88.0,23,149.0,39
LBC360312,n,2.0,2.0,72.68219178082192,M,0.0,16513.0,1.0,N/A,N/A,2.0,2.0,N/A,N/A,N/A,N/A,N/A,N/A,N/A,N/A,N/A,N/A,12770.0,883,2313.0,142,10420.0,753,91.0,21,166.0,45
LBC361097,n,1.0,2.0,74.09041095890412,F,0.0,9630.0,0.0,N/A,N/A,1.0,2.0,N/A,N/A,N/A,N/A,N/A,N/A,N/A,N/A,N/A,N/A,5069.0,563,1359.0,110,3687.0,453,59.0,15,76.0,23
LBC360184,y,2.0,4.0,72.4958904109589,M,0.0,17718.0,0.0,N/A,N/A,2.0,3.0,11133.0,619,1464.0,110,9639.0,521,59.0,21,170.0,48,11698.0,758,1507.0,139,10172.0,629,58.0,13,192.0,43
LBC360635,y,1.0,2.0,72.87397260273973,F,0.0,1622.0,0.0,N/A,N/A,1.0,2.0,7816.0,540,954.0,82,6824.0,461,58.0,18,130.0,41,8908.0,825,1084.0,129,7799.0,699,84.0,19,161.0,43
LBC361000,n,1.0,2.0,74.12876712328767,F,0.0,6970.0,0.0,N/A,N/A,1.0,2.0,N/A,N/A,N/A,N/A,N/A,N/A,N/A,N/A,N/A,N/A,26916.0,773,5736.0,164,21138.0,631,212.0,34,366.0,72
LBC360557,y,2.0,2.0,72.5013698630137,M,0.0,13098.0,0.0,N/A,N/A,2.0,2.0,12751.0,785,2614.0,140,10082.0,663,89.0,29,127.0,50,17659.0,1156,3586.0,216,14017.0,961,136.0,30,201.0,58
LBC360674,n,1.0,2.0,72.88493150684931,M,0.0,8266.0,0.0,N/A,N/A,1.0,2.0,N/A,N/A,N/A,N/A,N/A,N/A,N/A,N/A,N/A,N/A,9384.0,890,1449.0,130,7915.0,766,66.0,16,153.0,45
LBC360878,y,2.0,3.0,73.17808219178082,M,0.0,6100.0,0.0,N/A,N/A,2.0,3.0,10202.0,695,2729.0,147,7414.0,556,99.0,29,130.0,42,9294.0,810,2571.0,161,6673.0,653,103.0,23,132.0,39
LBC360866,y,2.0,3.0,72.96986301369863,M,0.0,3874.0,0.0,N/A,N/A,2.0,3.0,7719.0,558,958.0,89,6721.0,475,43.0,19,121.0,44,13239.0,989,1774.0,183,11403.0,814,78.0,23,202.0,54
LBC360679,y,1.0,1.0,72.55616438356165,M,0.0,5104.0,0.0,N/A,N/A,1.0,1.0,12656.0,815,1934.0,159,10659.0,674,61.0,26,151.0,49,14910.0,1108,2513.0,224,12376.0,899,79.0,28,211.0,48
LBC360968,y,2.0,2.0,73.30410958904109,F,0.0,6236.0,0.0,N/A,N/A,2.0,2.0,13313.0,785,2546.0,146,10746.0,661,73.0,19,176.0,50,15284.0,1063,3090.0,174,12184.0,904,87.0,22,182.0,47
LBC361239,n,1.0,1.0,73.44657534246575,M,0.0,11225.0,0.0,N/A,N/A,1.0,1.0,N/A,N/A,N/A,N/A,N/A,N/A,N/A,N/A,N/A,N/A,16880.0,666,4542.0,179,12295.0,505,171.0,33,243.0,46
LBC361282,y,1.0,2.0,73.32328767123288,F,0.0,3345.0,0.0,N/A,N/A,1.0,2.0,5430.0,499,631.0,88,4779.0,425,34.0,10,91.0,36,6395.0,781,819.0,129,5562.0,660,41.0,12,133.0,38
LBC360880,n,1.0,1.0,72.86027397260274,M,0.0,7852.0,0.0,N/A,N/A,1.0,1.0,N/A,N/A,N/A,N/A,N/A,N/A,N/A,N/A,N/A,N/A,5482.0,537,2310.0,120,3155.0,424,101.0,26,66.0,21
LBC360282,y,3.0,3.0,71.83287671232877,F,0.0,21261.0,0.0,N/A,N/A,3.0,3.0,10003.0,633,2916.0,104,7064.0,544,97.0,26,128.0,40,12884.0,908,3915.0,136,8929.0,780,140.0,30,166.0,42
LBC360074,n,1.0,2.0,71.26575342465753,M,0.0,2590.0,0.0,N/A,N/A,1.0,2.0,N/A,N/A,N/A,N/A,N/A,N/A,N/A,N/A,N/A,N/A,12938.0,1267,1657.0,166,11244.0,1112,74.0,22,204.0,63
LBC360456,y,0.0,1.0,71.81643835616438,F,0.0,5262.0,0.0,N/A,N/A,1.0,1.0,5340.0,421,755.0,74,4552.0,352,30.0,10,122.0,27,6197.0,551,960.0,95,5233.0,459,41.0,11,149.0,25
LBC360489,y,1.0,3.0,71.97260273972603,M,0.0,21270.0,0.0,N/A,0.0,1.0,3.0,11889.0,681,1281.0,107,10520.0,586,55.0,16,173.0,48,13089.0,950,1295.0,148,11756.0,805,66.0,16,209.0,45
LBC360512,y,1.0,2.0,71.97260273972603,M,0.0,3980.0,0.0,N/A,N/A,1.0,2.0,9816.0,760,1281.0,121,8469.0,653,42.0,17,143.0,51,10972.0,1072,1371.0,163,9558.0,924,44.0,16,170.0,53
LBC361040,y,1.0,1.0,74.10958904109589,F,0.0,1285.0,0.0,N/A,N/A,1.0,1.0,9462.0,536,1692.0,120,7702.0,435,66.0,20,137.0,44,11236.0,784,2013.0,190,9169.0,607,84.0,21,184.0,44
LBC360492,y,2.0,2.0,72.81095890410958,F,0.0,8293.0,0.0,N/A,N/A,2.0,2.0,8871.0,637,1821.0,115,6985.0,535,65.0,22,119.0,41,7567.0,612,1589.0,131,5957.0,492,55.0,14,114.0,28
LBC360051,y,1.0,1.0,71.91780821917808,M,0.0,740.0,0.0,N/A,N/A,1.0,1.0,8590.0,661,978.0,100,7574.0,570,45.0,17,150.0,43,8075.0,676,891.0,97,7160.0,576,51.0,14,185.0,37
LBC360412,y,1.0,1.0,72.53150684931506,M,0.0,1088.0,0.0,N/A,N/A,1.0,1.0,5208.0,501,633.0,82,4560.0,423,28.0,14,63.0,26,6863.0,760,939.0,108,5904.0,656,60.0,14,94.0,31
LBC360224,y,1.0,3.0,72.32054794520548,M,0.0,2473.0,0.0,N/A,N/A,1.0,3.0,9154.0,655,1712.0,122,7429.0,550,62.0,19,144.0,39,11597.0,887,1953.0,162,9626.0,740,81.0,21,199.0,38
LBC360863,y,1.0,2.0,73.41095890410959,M,0.0,5610.0,0.0,N/A,N/A,1.0,2.0,9101.0,699,1211.0,115,7803.0,588,38.0,15,131.0,46,10554.0,985,1408.0,173,9089.0,814,52.0,17,157.0,43
LBC361209,y,2.0,3.0,73.91232876712328,F,0.0,17333.0,0.0,N/A,N/A,2.0,3.0,9891.0,646,2166.0,116,7701.0,546,82.0,25,138.0,38,12130.0,986,2803.0,172,9302.0,828,105.0,28,175.0,37
LBC360508,n,2.0,2.0,72.92602739726027,M,0.0,10167.0,0.0,N/A,N/A,2.0,2.0,N/A,N/A,N/A,N/A,N/A,N/A,N/A,N/A,N/A,N/A,13196.0,1008,3363.0,213,9729.0,806,124.0,30,203.0,53
LBC360304,y,2.0,2.0,72.33424657534246,F,0.0,10333.0,0.0,N/A,N/A,2.0,2.0,15310.0,584,2887.0,108,12376.0,500,113.0,29,248.0,62,17230.0,818,3506.0,152,13693.0,684,136.0,27,259.0,54
LBC361051,y,1.0,2.0,73.61643835616438,F,0.0,7259.0,0.0,N/A,N/A,1.0,2.0,9826.0,680,1210.0,108,8576.0,587,38.0,12,120.0,46,10897.0,1016,1273.0,159,9597.0,871,44.0,14,163.0,47
LBC360970,y,2.0,3.0,73.3945205479452,M,0.0,3487.0,1.0,N/A,N/A,2.0,3.0,8247.0,543,2472.0,105,5741.0,450,86.0,22,88.0,30,9738.0,776,2964.0,129,6729.0,650,106.0,23,121.0,33
LBC361133,y,1.0,1.0,73.53150684931506,F,0.0,1358.0,0.0,N/A,N/A,1.0,1.0,6653.0,566,1213.0,99,5415.0,479,42.0,17,99.0,35,8844.0,909,1790.0,161,7031.0,758,68.0,19,148.0,40
LBC360100,n,1.0,1.0,71.81917808219178,F,0.0,634.0,0.0,N/A,N/A,1.0,1.0,N/A,N/A,N/A,N/A,N/A,N/A,N/A,N/A,N/A,N/A,1584.0,236,473.0,60,1099.0,178,42.0,10,32.0,9
LBC360144,y,1.0,1.0,71.74520547945205,M,0.0,0.0,0.0,N/A,0.0,1.0,1.0,5560.0,515,1490.0,103,4043.0,419,55.0,18,71.0,32,6678.0,751,1699.0,140,4961.0,618,61.0,15,89.0,28
LBC360256,y,1.0,1.0,71.97534246575343,F,0.0,1344.0,0.0,N/A,N/A,1.0,1.0,12049.0,750,1679.0,131,10332.0,642,66.0,25,186.0,55,15813.0,1040,2232.0,202,13549.0,857,101.0,30,309.0,58
LBC361173,y,1.0,2.0,73.33424657534246,M,0.0,4952.0,1.0,N/A,N/A,1.0,2.0,7273.0,651,1007.0,91,6213.0,567,39.0,15,93.0,37,9259.0,942,1299.0,131,7914.0,817,57.0,18,129.0,44
LBC361211,y,1.0,2.0,73.48493150684932,M,0.0,15317.0,0.0,N/A,N/A,1.0,2.0,8170.0,624,1419.0,97,6717.0,535,56.0,20,103.0,33,10567.0,897,1651.0,137,8905.0,770,71.0,18,148.0,40
LBC360550,y,2.0,2.0,72.32602739726028,M,0.0,2957.0,0.0,N/A,N/A,2.0,2.0,13074.0,724,2293.0,154,10696.0,587,63.0,22,165.0,59,15210.0,972,2748.0,221,12391.0,761,76.0,22,196.0,55
LBC360194,y,1.0,2.0,71.67671232876712,M,0.0,N/A,0.0,N/A,N/A,1.0,2.0,8289.0,734,1470.0,122,6777.0,622,68.0,24,101.0,42,9248.0,969,1851.0,181,7363.0,803,81.0,23,136.0,42
LBC360658,y,2.0,2.0,72.28219178082192,M,0.0,9770.0,0.0,N/A,N/A,2.0,2.0,12051.0,622,2315.0,119,9716.0,519,108.0,30,214.0,49,14205.0,934,2646.0,188,11537.0,763,124.0,28,291.0,53
LBC360085,y,1.0,2.0,71.3013698630137,M,0.0,4498.0,0.0,N/A,N/A,1.0,2.0,9045.0,727,1544.0,118,7475.0,625,55.0,17,130.0,42,12413.0,956,2062.0,158,10339.0,809,83.0,20,205.0,53
LBC361300,n,2.0,3.0,73.4876712328767,M,0.0,1298.0,0.0,N/A,N/A,2.0,3.0,N/A,N/A,N/A,N/A,N/A,N/A,N/A,N/A,N/A,N/A,9611.0,703,1473.0,125,8132.0,583,75.0,24,141.0,40
LBC360720,y,1.0,2.0,73.40273972602739,F,0.0,4312.0,0.0,N/A,N/A,1.0,2.0,12494.0,679,2244.0,152,10187.0,552,86.0,26,192.0,52,13325.0,1052,2379.0,239,10878.0,832,116.0,29,247.0,55
LBC360510,y,1.0,3.0,72.94246575342466,F,0.0,7681.0,0.0,N/A,N/A,1.0,3.0,8719.0,639,1091.0,98,7545.0,553,38.0,15,142.0,39,9657.0,794,1182.0,125,8414.0,683,42.0,13,167.0,41
LBC360551,y,1.0,2.0,72.9041095890411,M,0.0,3540.0,0.0,N/A,N/A,1.0,2.0,7530.0,672,1308.0,111,6165.0,574,32.0,13,107.0,43,6186.0,732,1348.0,128,4789.0,611,36.0,12,96.0,33
LBC360015,n,1.0,2.0,72.10958904109589,F,0.0,5162.0,0.0,N/A,N/A,1.0,2.0,N/A,N/A,N/A,N/A,N/A,N/A,N/A,N/A,N/A,N/A,18900.0,1374,3573.0,259,15303.0,1145,125.0,32,251.0,50
LBC360219,y,2.0,3.0,72.24109589041096,F,0.0,2433.0,0.0,N/A,N/A,2.0,3.0,7705.0,578,951.0,98,6679.0,487,29.0,13,106.0,33,8257.0,830,1254.0,158,6946.0,683,43.0,17,126.0,35
LBC361018,y,1.0,2.0,73.57534246575342,M,0.0,3948.0,0.0,N/A,N/A,1.0,2.0,6207.0,525,1615.0,96,4559.0,434,51.0,20,78.0,25,7614.0,758,2116.0,132,5479.0,634,66.0,21,97.0,24
LBC360868,y,2.0,2.0,73.51506849315068,F,0.0,7473.0,0.0,N/A,N/A,2.0,2.0,5893.0,469,1710.0,91,4152.0,389,65.0,21,80.0,29,7081.0,689,2082.0,133,4996.0,569,71.0,22,100.0,32
LBC361023,n,1.0,1.0,73.62739726027397,F,0.0,3136.0,0.0,N/A,N/A,1.0,1.0,N/A,N/A,N/A,N/A,N/A,N/A,N/A,N/A,N/A,N/A,15276.0,810,2754.0,134,12518.0,696,113.0,20,280.0,42
LBC360248,y,1.0,2.0,72.11506849315069,M,0.0,3693.0,0.0,N/A,N/A,1.0,2.0,5648.0,489,1003.0,96,4600.0,397,49.0,22,94.0,30,6759.0,675,1134.0,133,5575.0,552,47.0,17,148.0,29
LBC360042,n,1.0,2.0,71.63287671232877,M,0.0,4093.0,0.0,N/A,N/A,1.0,2.0,N/A,N/A,N/A,N/A,N/A,N/A,N/A,N/A,N/A,N/A,7915.0,785,765.0,113,7128.0,672,47.0,12,112.0,35
LBC361037,y,1.0,2.0,74.1041095890411,F,0.0,2648.0,0.0,N/A,N/A,1.0,2.0,12514.0,746,1840.0,163,10611.0,606,68.0,21,169.0,57,15273.0,890,2285.0,201,12926.0,712,90.0,25,218.0,53
LBC360655,n,1.0,2.0,73.22465753424657,M,0.0,17458.0,0.0,N/A,N/A,1.0,2.0,N/A,N/A,N/A,N/A,N/A,N/A,N/A,N/A,N/A,N/A,8526.0,766,1420.0,112,7036.0,657,69.0,16,127.0,30
LBC360697,n,3.0,3.0,72.75342465753425,M,0.0,21452.0,1.0,N/A,N/A,3.0,3.0,N/A,N/A,N/A,N/A,N/A,N/A,N/A,N/A,N/A,N/A,20276.0,1098,4162.0,214,16019.0,905,152.0,28,206.0,47
LBC360940,n,2.0,2.0,73.17534246575343,M,0.0,22139.0,0.0,N/A,N/A,2.0,2.0,N/A,N/A,N/A,N/A,N/A,N/A,N/A,N/A,N/A,N/A,20735.0,734,5310.0,168,15331.0,582,233.0,43,306.0,48
LBC360533,y,1.0,1.0,72.2931506849315,M,0.0,3869.0,0.0,N/A,N/A,1.0,1.0,7529.0,641,1604.0,115,5864.0,534,50.0,21,82.0,33,8540.0,823,2126.0,160,6394.0,670,62.0,21,112.0,33
LBC360069,y,1.0,1.0,71.4876712328767,M,0.0,1857.0,0.0,N/A,N/A,1.0,1.0,4482.0,486,884.0,78,3532.0,415,42.0,14,55.0,26,4916.0,640,1134.0,104,3744.0,541,58.0,15,81.0,24
LBC360767,n,3.0,3.0,73.06575342465753,M,0.0,15987.0,0.0,N/A,N/A,3.0,3.0,N/A,N/A,N/A,N/A,N/A,N/A,N/A,N/A,N/A,N/A,16669.0,986,5928.0,157,10679.0,843,183.0,37,169.0,51
LBC360703,y,1.0,1.0,72.46027397260274,M,0.0,2259.0,0.0,N/A,0.0,1.0,1.0,5193.0,510,678.0,66,4484.0,452,37.0,10,73.0,28,7330.0,789,1267.0,140,6037.0,662,66.0,15,110.0,30
LBC360007,n,2.0,3.0,71.46301369863014,F,0.0,6196.0,0.0,N/A,N/A,2.0,3.0,N/A,N/A,N/A,N/A,N/A,N/A,N/A,N/A,N/A,N/A,13896.0,1214,1939.0,188,11909.0,1044,76.0,21,217.0,51
LBC360394,n,2.0,3.0,71.85753424657534,M,0.0,8155.0,0.0,N/A,N/A,2.0,3.0,N/A,N/A,N/A,N/A,N/A,N/A,N/A,N/A,N/A,N/A,16504.0,1183,2460.0,178,14018.0,1014,73.0,19,218.0,62
LBC360276,y,3.0,2.0,71.81917808219178,F,0.0,18973.0,0.0,N/A,N/A,3.0,2.0,10652.0,606,1533.0,112,9067.0,514,53.0,22,164.0,47,10582.0,858,1603.0,138,8946.0,733,55.0,16,188.0,47
LBC360747,y,2.0,3.0,72.46301369863014,M,1.0,10757.0,0.0,N/A,0.0,2.0,3.0,9333.0,641,2286.0,102,6992.0,542,85.0,22,145.0,37,7801.0,654,2199.0,115,5579.0,541,78.0,19,135.0,26
LBC360947,n,2.0,3.0,72.73424657534247,M,1.0,20710.0,0.0,N/A,N/A,2.0,3.0,N/A,N/A,N/A,N/A,N/A,N/A,N/A,N/A,N/A,N/A,13396.0,1082,3404.0,215,9917.0,880,135.0,32,150.0,50
LBC360719,y,1.0,2.0,72.5041095890411,F,1.0,4753.0,0.0,N/A,N/A,1.0,2.0,5527.0,504,940.0,74,4566.0,436,39.0,13,76.0,31,6597.0,701,1194.0,117,5368.0,590,55.0,13,91.0,31
LBC360945,y,1.0,2.0,73.68219178082192,F,1.0,4903.0,0.0,N/A,N/A,1.0,2.0,6551.0,593,1016.0,79,5498.0,517,32.0,12,94.0,31,6930.0,761,1318.0,114,5579.0,647,42.0,14,95.0,31
LBC361290,y,1.0,2.0,74.14520547945206,F,0.0,6673.0,0.0,N/A,1.0,1.0,2.0,6980.0,496,1452.0,91,5481.0,419,37.0,14,90.0,30,8906.0,815,1923.0,152,6952.0,679,59.0,17,121.0,33
LBC361123,n,2.0,2.0,73.8958904109589,F,0.0,46166.0,0.0,N/A,N/A,2.0,2.0,N/A,N/A,N/A,N/A,N/A,N/A,N/A,N/A,N/A,N/A,10372.0,853,2733.0,165,7624.0,704,89.0,25,200.0,40
LBC360861,y,1.0,2.0,73.56164383561644,M,0.0,7073.0,0.0,N/A,N/A,1.0,2.0,6136.0,512,1038.0,86,5070.0,431,32.0,13,67.0,28,6808.0,648,1228.0,101,5564.0,555,47.0,12,88.0,26
LBC360835,n,1.0,2.0,73.18904109589042,M,0.0,21271.0,0.0,N/A,N/A,1.0,2.0,N/A,N/A,N/A,N/A,N/A,N/A,N/A,N/A,N/A,N/A,13829.0,1071,2254.0,219,11503.0,869,124.0,23,218.0,42
LBC360045,y,1.0,1.0,71.9041095890411,F,0.0,488.0,0.0,N/A,N/A,1.0,1.0,9285.0,641,1846.0,150,7343.0,507,102.0,29,143.0,52,11509.0,975,2604.0,233,8775.0,763,124.0,33,171.0,41
LBC361155,y,1.0,1.0,73.57534246575342,F,0.0,13910.0,0.0,N/A,N/A,1.0,1.0,7384.0,544,1251.0,76,6095.0,475,57.0,18,107.0,33,7589.0,729,1492.0,104,6071.0,629,68.0,17,107.0,30
LBC360611,y,2.0,2.0,72.63835616438357,F,0.0,3098.0,0.0,N/A,N/A,2.0,2.0,4681.0,478,918.0,79,3748.0,405,35.0,14,64.0,26,5827.0,726,1220.0,123,4596.0,608,52.0,13,80.0,27
LBC360680,y,1.0,2.0,72.67123287671232,M,0.0,8901.0,0.0,N/A,N/A,1.0,2.0,8492.0,642,1983.0,132,6479.0,523,72.0,25,116.0,38,11287.0,936,2717.0,183,8538.0,765,113.0,28,161.0,40
LBC360905,n,1.0,1.0,73.13424657534246,F,0.0,2805.0,0.0,N/A,N/A,1.0,1.0,N/A,N/A,N/A,N/A,N/A,N/A,N/A,N/A,N/A,N/A,4468.0,576,1306.0,132,3071.0,447,57.0,16,79.0,22
LBC360059,n,1.0,2.0,71.38356164383562,F,0.0,2294.0,0.0,N/A,N/A,1.0,2.0,N/A,N/A,N/A,N/A,N/A,N/A,N/A,N/A,N/A,N/A,7616.0,760,702.0,92,6894.0,675,23.0,8,137.0,42
LBC360261,y,1.0,1.0,71.8054794520548,M,0.0,3480.0,0.0,N/A,N/A,1.0,1.0,7802.0,616,1689.0,125,6055.0,499,54.0,23,87.0,31,8703.0,934,1951.0,190,6709.0,741,78.0,26,117.0,38
LBC360222,y,2.0,2.0,71.86301369863014,M,0.0,9672.0,0.0,N/A,N/A,2.0,2.0,10173.0,703,1922.0,87,8136.0,625,68.0,21,143.0,45,10210.0,900,2257.0,141,7914.0,764,86.0,23,148.0,38
LBC361114,y,1.0,2.0,73.12054794520547,M,0.0,10253.0,0.0,N/A,N/A,1.0,2.0,10781.0,800,1171.0,97,9590.0,711,56.0,22,136.0,48,13633.0,1158,1588.0,154,12008.0,1016,82.0,22,201.0,53
LBC361141,y,1.0,1.0,73.15890410958905,M,0.0,6006.0,0.0,N/A,N/A,1.0,1.0,4912.0,461,1631.0,102,3224.0,365,55.0,21,68.0,25,5397.0,529,1960.0,125,3393.0,408,80.0,18,76.0,24
LBC360902,y,2.0,2.0,72.74794520547945,F,0.0,5547.0,0.0,N/A,N/A,2.0,2.0,14320.0,828,2161.0,138,12112.0,712,79.0,28,214.0,67,16107.0,1094,2664.0,191,13427.0,926,112.0,27,254.0,70
LBC360791,y,1.0,2.0,72.38630136986302,F,0.0,6447.0,0.0,N/A,N/A,1.0,2.0,6872.0,460,981.0,86,5852.0,382,45.0,17,120.0,34,8572.0,683,1188.0,136,7356.0,551,63.0,18,151.0,37
LBC360125,y,2.0,3.0,72.21917808219177,F,0.0,27572.0,1.0,N/A,N/A,2.0,3.0,7503.0,592,1349.0,98,6076.0,499,48.0,17,94.0,33,9912.0,864,2020.0,154,7799.0,718,67.0,17,149.0,32
LBC360585,y,2.0,1.0,73.04383561643836,F,0.0,6154.0,0.0,N/A,N/A,2.0,1.0,6148.0,483,2214.0,98,3878.0,393,95.0,26,69.0,29,7595.0,667,2868.0,141,4686.0,535,129.0,25,78.0,29
LBC360280,y,1.0,2.0,72.43561643835616,F,0.0,2428.0,1.0,N/A,N/A,1.0,2.0,3104.0,366,708.0,78,2358.0,292,29.0,13,38.0,15,4617.0,670,1077.0,144,3509.0,533,41.0,14,54.0,18
LBC360254,n,4.0,1.0,72.26849315068493,F,0.0,36930.0,0.0,N/A,N/A,3.0,1.0,N/A,N/A,N/A,N/A,N/A,N/A,N/A,N/A,N/A,N/A,9415.0,456,3861.0,113,5528.0,350,166.0,31,165.0,21
LBC360086,y,1.0,2.0,71.92054794520548,M,0.0,9059.0,0.0,N/A,N/A,1.0,2.0,11220.0,700,2026.0,147,9136.0,564,96.0,27,155.0,40,13302.0,1100,2196.0,214,11071.0,890,119.0,26,197.0,48
LBC360963,y,1.0,1.0,73.40821917808219,F,0.0,32.0,0.0,N/A,N/A,1.0,1.0,4214.0,451,687.0,76,3462.0,380,39.0,16,52.0,22,5766.0,728,1033.0,126,4649.0,612,62.0,22,88.0,26
LBC360709,y,1.0,1.0,72.87123287671233,F,0.0,2126.0,0.0,N/A,N/A,1.0,1.0,7254.0,622,1399.0,110,5810.0,515,56.0,18,84.0,31,9074.0,885,1837.0,164,7209.0,729,73.0,20,125.0,33
LBC360453,y,1.0,3.0,72.35890410958905,F,0.0,133.0,0.0,N/A,N/A,1.0,3.0,8563.0,596,1590.0,109,6885.0,503,51.0,16,133.0,40,9696.0,839,1678.0,152,7948.0,698,51.0,18,169.0,43
LBC361288,n,1.0,2.0,73.7095890410959,M,0.0,9204.0,0.0,N/A,N/A,1.0,2.0,N/A,N/A,N/A,N/A,N/A,N/A,N/A,N/A,N/A,N/A,14608.0,1118,2203.0,222,12388.0,910,101.0,28,230.0,51
LBC361294,y,2.0,2.0,73.63835616438357,M,0.0,6310.0,0.0,N/A,N/A,2.0,2.0,9421.0,670,2784.0,120,6564.0,561,94.0,30,102.0,39,9832.0,840,3373.0,148,6412.0,698,109.0,27,107.0,31
LBC360871,y,3.0,1.0,73.07123287671233,M,0.0,12334.0,0.0,N/A,N/A,3.0,1.0,10268.0,736,2128.0,127,8020.0,623,78.0,23,151.0,51,13495.0,1017,2722.0,183,10644.0,844,91.0,24,222.0,50
LBC360138,y,1.0,2.0,71.64657534246575,F,0.0,1974.0,0.0,N/A,N/A,1.0,2.0,7462.0,553,1344.0,125,6083.0,447,60.0,17,106.0,36,9368.0,916,1751.0,211,7577.0,732,70.0,22,151.0,44
LBC360195,n,2.0,2.0,71.7972602739726,M,0.0,2000.0,0.0,N/A,N/A,2.0,2.0,N/A,N/A,N/A,N/A,N/A,N/A,N/A,N/A,N/A,N/A,18491.0,818,4060.0,221,14341.0,627,148.0,37,239.0,51
LBC361167,y,2.0,2.0,73.24657534246575,F,0.0,16773.0,1.0,N/A,N/A,2.0,2.0,10363.0,655,2186.0,108,8127.0,556,80.0,26,120.0,37,12149.0,1022,2696.0,154,9411.0,879,99.0,26,165.0,35
LBC360702,y,1.0,2.0,72.51506849315068,M,0.0,16136.0,0.0,N/A,N/A,1.0,2.0,10216.0,692,2352.0,131,7817.0,568,64.0,21,100.0,36,10750.0,898,2696.0,170,8037.0,734,85.0,19,109.0,32
LBC361032,n,2.0,3.0,73.77260273972603,M,0.0,9795.0,0.0,N/A,N/A,2.0,3.0,N/A,N/A,N/A,N/A,N/A,N/A,N/A,N/A,N/A,N/A,10886.0,964,2170.0,117,8681.0,854,71.0,20,115.0,37
LBC360549,y,1.0,2.0,72.02465753424657,M,0.0,5904.0,0.0,N/A,N/A,1.0,2.0,6957.0,589,1431.0,129,5488.0,467,55.0,20,106.0,41,6676.0,775,1622.0,181,5019.0,605,70.0,17,116.0,37
LBC360013,y,1.0,2.0,71.4876712328767,F,0.0,26845.0,0.0,N/A,N/A,1.0,2.0,11101.0,623,1385.0,108,9672.0,530,51.0,22,204.0,50,9770.0,903,1163.0,142,8578.0,770,52.0,17,188.0,42
LBC361284,y,1.0,3.0,73.36164383561643,F,0.0,25704.0,0.0,N/A,N/A,1.0,3.0,9944.0,623,1297.0,120,8619.0,516,53.0,16,146.0,41,12253.0,976,1568.0,179,10652.0,800,61.0,20,157.0,50
LBC360487,y,1.0,2.0,72.63013698630137,M,0.0,836.0,0.0,N/A,N/A,1.0,2.0,6114.0,556,917.0,90,5157.0,473,33.0,16,94.0,32,7851.0,751,1255.0,135,6567.0,621,52.0,19,119.0,32
LBC360251,y,2.0,1.0,72.36712328767123,M,0.0,597.0,0.0,N/A,N/A,2.0,1.0,4633.0,437,1121.0,80,3485.0,365,38.0,13,64.0,21,5478.0,612,1427.0,112,4031.0,508,56.0,13,93.0,22
LBC360876,y,2.0,3.0,73.33150684931506,F,0.0,14097.0,0.0,N/A,N/A,2.0,3.0,7723.0,594,2494.0,125,5144.0,493,91.0,28,104.0,39,8275.0,761,2838.0,169,5383.0,608,119.0,26,123.0,38
LBC360727,y,2.0,3.0,73.9068493150685,M,0.0,33310.0,1.0,N/A,N/A,2.0,3.0,15919.0,704,2927.0,140,12919.0,582,99.0,28,219.0,51,15876.0,958,3070.0,184,12765.0,793,117.0,31,243.0,46
LBC360348,n,2.0,2.0,72.16712328767123,M,1.0,15338.0,0.0,N/A,0.0,2.0,2.0,N/A,N/A,N/A,N/A,N/A,N/A,N/A,N/A,N/A,N/A,11420.0,967,2263.0,162,9087.0,822,99.0,25,174.0,35
LBC361164,n,1.0,2.0,73.7068493150685,M,1.0,6851.0,0.0,N/A,N/A,1.0,2.0,N/A,N/A,N/A,N/A,N/A,N/A,N/A,N/A,N/A,N/A,8877.0,764,1867.0,143,6949.0,628,53.0,16,110.0,36
LBC360223,y,2.0,3.0,71.87123287671233,M,1.0,563.0,0.0,N/A,N/A,2.0,3.0,7765.0,514,1083.0,85,6642.0,435,47.0,17,137.0,49,8996.0,721,1177.0,126,7793.0,601,55.0,18,168.0,53
LBC360469,n,1.0,2.0,72.22465753424657,F,1.0,4319.0,0.0,N/A,N/A,1.0,2.0,N/A,N/A,N/A,N/A,N/A,N/A,N/A,N/A,N/A,N/A,12573.0,909,1982.0,200,10565.0,715,140.0,24,240.0,49
LBC360603,y,2.0,1.0,72.6109589041096,F,1.0,960.0,0.0,N/A,0.0,2.0,1.0,10403.0,779,2473.0,164,7856.0,628,89.0,25,146.0,52,10728.0,1097,2740.0,239,7950.0,878,115.0,28,160.0,48
LBC360575,y,1.0,1.0,72.32328767123288,F,1.0,4229.0,0.0,N/A,N/A,1.0,1.0,8193.0,624,1172.0,100,6987.0,539,58.0,18,119.0,39,9239.0,871,1367.0,148,7856.0,733,77.0,21,150.0,43
LBC360017,y,1.0,1.0,71.6054794520548,M,0.0,7135.0,0.0,N/A,0.0,1.0,1.0,12945.0,782,2162.0,155,10746.0,653,69.0,26,176.0,57,16280.0,1037,3104.0,230,13138.0,838,99.0,29,248.0,63
LBC360485,y,1.0,3.0,72.28767123287672,F,0.0,4072.0,0.0,N/A,N/A,1.0,3.0,11045.0,747,1664.0,125,9347.0,644,77.0,24,149.0,47,13320.0,1198,2174.0,206,11116.0,1015,100.0,23,205.0,60
LBC360367,y,1.0,1.0,71.84657534246575,M,0.0,32781.0,0.0,N/A,N/A,1.0,1.0,8694.0,526,3099.0,135,5554.0,402,114.0,31,96.0,29,10648.0,684,3945.0,160,6631.0,525,143.0,30,127.0,29
LBC360990,y,2.0,2.0,72.88493150684931,M,0.0,7306.0,0.0,N/A,N/A,2.0,2.0,7584.0,646,1842.0,136,5657.0,513,87.0,25,120.0,39,9118.0,853,2349.0,197,6657.0,659,152.0,29,185.0,44
LBC361302,y,2.0,3.0,73.33972602739726,M,0.0,15980.0,0.0,N/A,N/A,2.0,3.0,15161.0,787,3098.0,155,11974.0,653,109.0,36,204.0,57,14274.0,1044,3298.0,174,10908.0,879,118.0,27,217.0,63
LBC360745,y,1.0,2.0,72.45753424657535,M,0.0,2194.0,0.0,N/A,N/A,1.0,2.0,13140.0,814,1664.0,145,11426.0,685,50.0,18,157.0,59,12856.0,1109,1551.0,187,11259.0,938,62.0,19,184.0,54
LBC360657,n,2.0,2.0,72.06849315068493,M,0.0,36090.0,1.0,N/A,N/A,2.0,2.0,N/A,N/A,N/A,N/A,N/A,N/A,N/A,N/A,N/A,N/A,13120.0,759,4274.0,152,8733.0,616,207.0,36,161.0,39
LBC361082,y,2.0,3.0,73.88767123287671,F,0.0,9728.0,0.0,N/A,N/A,2.0,3.0,7332.0,506,1900.0,93,5416.0,425,76.0,25,85.0,32,8763.0,705,2586.0,133,6138.0,579,107.0,23,107.0,27
LBC360753,y,1.0,2.0,73.2958904109589,M,1.0,10598.0,1.0,N/A,1.0,1.0,2.0,11251.0,764,1340.0,127,9867.0,647,79.0,26,130.0,40,12574.0,997,1701.0,160,10847.0,848,95.0,25,157.0,41
LBC360119,y,1.0,1.0,72.0958904109589,M,1.0,2548.0,0.0,N/A,N/A,1.0,1.0,8311.0,743,1023.0,112,7271.0,649,73.0,25,136.0,47,9482.0,1002,1317.0,185,8155.0,838,102.0,26,169.0,48
LBC360562,n,2.0,3.0,72.76712328767124,M,1.0,7588.0,0.0,N/A,N/A,2.0,3.0,N/A,N/A,N/A,N/A,N/A,N/A,N/A,N/A,N/A,N/A,17070.0,1276,2334.0,226,14682.0,1062,80.0,23,238.0,55
LBC360588,y,2.0,3.0,72.93972602739726,F,1.0,16911.0,0.0,N/A,N/A,2.0,3.0,8551.0,520,1424.0,121,7110.0,414,60.0,19,137.0,44,9670.0,617,1763.0,165,7898.0,465,86.0,18,192.0,33
LBC361227,y,1.0,2.0,73.89041095890411,M,1.0,5262.0,0.0,N/A,0.0,1.0,2.0,8133.0,617,1760.0,115,6344.0,519,62.0,21,115.0,39,9824.0,883,2270.0,182,7526.0,714,94.0,24,150.0,42
LBC360418,n,2.0,2.0,72.85479452054794,F,1.0,11393.0,0.0,N/A,N/A,2.0,2.0,N/A,N/A,N/A,N/A,N/A,N/A,N/A,N/A,N/A,N/A,9091.0,922,1914.0,176,7147.0,760,92.0,23,153.0,40
LBC360118,y,2.0,2.0,71.99178082191781,M,1.0,4562.0,0.0,N/A,N/A,2.0,2.0,11784.0,889,2251.0,152,9495.0,752,56.0,20,153.0,52,12317.0,1250,2240.0,206,10048.0,1057,58.0,17,180.0,51
LBC360965,n,2.0,2.0,73.44931506849315,M,1.0,36382.0,0.0,N/A,N/A,2.0,2.0,N/A,N/A,N/A,N/A,N/A,N/A,N/A,N/A,N/A,N/A,19585.0,634,6155.0,137,13266.0,509,198.0,32,250.0,43
LBC361306,y,2.0,2.0,73.88493150684931,F,1.0,30483.0,0.0,N/A,N/A,2.0,2.0,9698.0,582,1435.0,97,8210.0,492,61.0,23,139.0,42,11757.0,770,1846.0,131,9861.0,648,79.0,21,192.0,48
LBC361073,y,2.0,2.0,73.5123287671233,M,1.0,15657.0,0.0,N/A,N/A,2.0,2.0,6948.0,559,1682.0,139,5224.0,445,75.0,22,110.0,36,8545.0,689,2464.0,175,6026.0,535,110.0,24,135.0,30
LBC360911,y,2.0,1.0,73.48219178082192,F,1.0,88851.0,0.0,N/A,N/A,2.0,1.0,7509.0,418,2617.0,125,4823.0,313,111.0,28,90.0,23,8557.0,534,3546.0,169,4967.0,375,162.0,28,90.0,23
LBC360559,y,1.0,3.0,72.66849315068494,F,1.0,40134.0,0.0,N/A,N/A,1.0,3.0,10073.0,571,1793.0,115,8236.0,468,74.0,25,136.0,32,10897.0,734,2056.0,151,8787.0,599,76.0,19,154.0,33
LBC361236,y,1.0,3.0,73.74246575342465,F,1.0,1904.0,0.0,N/A,N/A,1.0,3.0,7999.0,590,1098.0,86,6868.0,512,40.0,13,114.0,35,9043.0,882,1232.0,117,7798.0,771,49.0,11,128.0,43
LBC360061,n,2.0,2.0,71.9972602739726,M,1.0,11971.0,0.0,N/A,N/A,2.0,2.0,N/A,N/A,N/A,N/A,N/A,N/A,N/A,N/A,N/A,N/A,14011.0,1062,2707.0,199,11266.0,875,68.0,22,180.0,44
LBC360622,n,2.0,3.0,72.47397260273972,M,1.0,5896.0,0.0,N/A,N/A,2.0,3.0,N/A,N/A,N/A,N/A,N/A,N/A,N/A,N/A,N/A,N/A,19194.0,880,4501.0,195,14651.0,706,182.0,33,297.0,60
LBC360167,n,2.0,3.0,71.93972602739726,M,1.0,8570.0,0.0,N/A,N/A,2.0,3.0,N/A,N/A,N/A,N/A,N/A,N/A,N/A,N/A,N/A,N/A,17828.0,1261,2519.0,212,15254.0,1071,87.0,26,212.0,49
LBC360777,y,1.0,2.0,72.84657534246575,M,1.0,7375.0,1.0,N/A,N/A,1.0,2.0,5113.0,502,1073.0,88,4028.0,423,35.0,13,85.0,27,4858.0,621,1108.0,98,3747.0,527,35.0,11,94.0,27
LBC361070,y,1.0,2.0,73.25753424657535,M,1.0,2751.0,0.0,N/A,N/A,1.0,2.0,9575.0,627,1550.0,122,7997.0,518,51.0,18,159.0,43,14328.0,877,2514.0,191,11802.0,700,75.0,22,234.0,56
LBC361045,y,1.0,1.0,73.16438356164383,F,1.0,5456.0,0.0,N/A,N/A,1.0,1.0,5048.0,439,1757.0,114,3250.0,332,69.0,19,90.0,26,6342.0,620,2244.0,129,4060.0,495,95.0,21,111.0,25
LBC360771,y,2.0,2.0,72.76164383561644,M,1.0,4736.0,0.0,N/A,N/A,2.0,2.0,10748.0,757,2393.0,137,8244.0,634,85.0,32,133.0,47,13223.0,1284,3001.0,218,10172.0,1085,134.0,33,177.0,49
LBC360354,y,1.0,3.0,71.91232876712328,M,1.0,15373.0,0.0,N/A,N/A,1.0,3.0,12669.0,666,1322.0,120,11273.0,559,42.0,19,156.0,47,13888.0,858,1454.0,152,12386.0,711,55.0,20,185.0,48
LBC361285,y,1.0,2.0,73.43835616438356,M,1.0,3713.0,0.0,N/A,N/A,1.0,2.0,7297.0,602,1228.0,120,6020.0,490,43.0,17,135.0,44,10211.0,995,1996.0,197,8179.0,809,94.0,24,198.0,47
LBC360238,y,1.0,1.0,71.69315068493151,F,1.0,0.0,0.0,N/A,N/A,1.0,1.0,9125.0,615,1313.0,131,7763.0,501,53.0,18,153.0,44,11003.0,911,1684.0,185,9310.0,739,79.0,19,220.0,51
LBC361034,y,1.0,2.0,73.03013698630137,F,1.0,10517.0,0.0,N/A,N/A,1.0,2.0,9447.0,658,1736.0,109,7697.0,570,53.0,15,157.0,50,12342.0,1029,2440.0,166,9886.0,884,89.0,22,210.0,48
LBC361271,y,2.0,3.0,73.07945205479452,M,1.0,9788.0,1.0,N/A,N/A,2.0,3.0,11177.0,730,2611.0,115,8524.0,630,103.0,25,133.0,43,12120.0,1038,3089.0,129,9002.0,915,110.0,24,157.0,49
LBC360640,y,1.0,2.0,73.45205479452055,M,1.0,520.0,0.0,N/A,N/A,1.0,2.0,4313.0,417,818.0,72,3451.0,352,35.0,11,71.0,24,5403.0,556,1251.0,108,4100.0,453,60.0,19,107.0,25
LBC360778,n,2.0,2.0,72.21917808219177,M,1.0,5364.0,1.0,N/A,N/A,2.0,2.0,N/A,N/A,N/A,N/A,N/A,N/A,N/A,N/A,N/A,N/A,4636.0,548,794.0,83,3806.0,465,40.0,14,62.0,22
LBC360361,y,1.0,1.0,71.72054794520548,M,1.0,0.0,0.0,N/A,N/A,1.0,1.0,5020.0,526,992.0,86,4006.0,443,34.0,15,81.0,26,6567.0,888,1466.0,144,5071.0,748,50.0,18,118.0,33
LBC360262,y,2.0,3.0,72.42191780821918,F,1.0,8990.0,0.0,N/A,N/A,2.0,3.0,14251.0,726,2702.0,151,11498.0,587,98.0,32,199.0,57,14536.0,961,2585.0,184,11908.0,786,101.0,24,220.0,52
LBC360712,y,1.0,2.0,73.12876712328767,F,1.0,3212.0,0.0,N/A,N/A,1.0,2.0,5461.0,505,1298.0,86,4153.0,424,51.0,15,100.0,28,6885.0,730,1541.0,106,5325.0,626,67.0,18,137.0,31
LBC360141,n,1.0,2.0,72.11232876712329,M,1.0,11693.0,0.0,N/A,N/A,1.0,2.0,N/A,N/A,N/A,N/A,N/A,N/A,N/A,N/A,N/A,N/A,4145.0,430,1001.0,88,3110.0,345,38.0,10,63.0,18
LBC360842,y,1.0,2.0,73.92602739726027,M,1.0,3587.0,0.0,N/A,N/A,1.0,2.0,6553.0,567,1462.0,104,5083.0,467,57.0,19,81.0,31,9162.0,807,2042.0,145,7114.0,670,75.0,19,125.0,35
LBC360796,y,1.0,2.0,73.25479452054795,F,1.0,10965.0,0.0,N/A,N/A,1.0,2.0,11990.0,680,1828.0,132,10119.0,562,91.0,27,206.0,57,12606.0,868,2181.0,179,10392.0,700,104.0,27,216.0,51
LBC360058,y,1.0,2.0,71.71506849315068,M,1.0,3973.0,0.0,N/A,N/A,1.0,2.0,9021.0,769,1343.0,124,7613.0,651,60.0,21,144.0,46,8361.0,873,1285.0,159,7025.0,721,55.0,15,152.0,43
LBC360275,n,2.0,3.0,72.16712328767123,M,1.0,4330.0,0.0,N/A,N/A,2.0,3.0,N/A,N/A,N/A,N/A,N/A,N/A,N/A,N/A,N/A,N/A,14687.0,1048,1818.0,208,12799.0,856,81.0,27,304.0,60
LBC360461,y,1.0,3.0,72.78630136986301,F,1.0,7227.0,0.0,N/A,N/A,1.0,3.0,8401.0,568,1303.0,81,7071.0,494,54.0,13,134.0,40,9794.0,829,1717.0,126,8053.0,713,81.0,16,171.0,45
LBC361126,n,1.0,2.0,73.44657534246575,M,1.0,30228.0,0.0,N/A,N/A,1.0,2.0,N/A,N/A,N/A,N/A,N/A,N/A,N/A,N/A,N/A,N/A,18028.0,1122,4025.0,243,13922.0,911,124.0,34,255.0,69
LBC360277,y,2.0,3.0,72.07397260273973,F,1.0,3806.0,0.0,N/A,N/A,2.0,3.0,7169.0,562,848.0,100,6277.0,475,34.0,16,96.0,33,8179.0,695,1037.0,132,7110.0,574,41.0,17,118.0,31
LBC360183,y,2.0,2.0,71.66575342465754,M,1.0,3173.0,0.0,N/A,N/A,2.0,2.0,6802.0,634,1986.0,110,4793.0,533,68.0,19,65.0,27,7668.0,798,2533.0,137,5112.0,674,109.0,29,97.0,28
LBC360004,y,1.0,2.0,71.35890410958905,F,1.0,1293.0,0.0,N/A,N/A,1.0,2.0,4885.0,449,713.0,76,4152.0,382,33.0,11,113.0,32,4956.0,571,816.0,103,4114.0,474,39.0,13,127.0,23
LBC360894,n,2.0,1.0,72.77534246575343,F,1.0,34332.0,0.0,N/A,N/A,2.0,1.0,N/A,N/A,N/A,N/A,N/A,N/A,N/A,N/A,N/A,N/A,10065.0,828,1813.0,194,8221.0,650,93.0,27,143.0,42
LBC361156,n,2.0,2.0,73.1013698630137,M,1.0,33229.0,0.0,N/A,N/A,2.0,2.0,N/A,N/A,N/A,N/A,N/A,N/A,N/A,N/A,N/A,N/A,13016.0,1077,3555.0,170,9403.0,912,119.0,32,154.0,42
LBC361062,n,1.0,1.0,73.93698630136986,F,1.0,5159.0,0.0,N/A,N/A,1.0,1.0,N/A,N/A,N/A,N/A,N/A,N/A,N/A,N/A,N/A,N/A,3922.0,657,926.0,107,2979.0,549,36.0,11,85.0,29
LBC360172,n,1.0,1.0,72.48493150684932,M,1.0,3887.0,0.0,N/A,N/A,1.0,1.0,N/A,N/A,N/A,N/A,N/A,N/A,N/A,N/A,N/A,N/A,7366.0,918,984.0,124,6363.0,794,51.0,17,104.0,30
LBC360030,y,1.0,2.0,72.04383561643836,F,1.0,23749.0,1.0,N/A,N/A,1.0,2.0,13883.0,705,2008.0,147,11764.0,573,72.0,23,205.0,43,13918.0,997,2104.0,193,11744.0,805,91.0,23,183.0,44
LBC360851,y,1.0,1.0,73.41643835616438,F,1.0,2812.0,0.0,N/A,N/A,1.0,1.0,3539.0,371,1040.0,83,2436.0,284,30.0,13,43.0,17,4450.0,538,1476.0,140,2898.0,396,48.0,16,65.0,17
LBC360733,y,1.0,2.0,73.16712328767123,M,1.0,3096.0,0.0,N/A,N/A,1.0,2.0,13656.0,779,2266.0,147,11287.0,652,95.0,25,173.0,56,14750.0,1034,2702.0,215,12009.0,844,104.0,26,223.0,54
LBC360919,y,2.0,2.0,73.45479452054795,F,1.0,3453.0,0.0,N/A,0.0,2.0,2.0,5353.0,500,926.0,70,4398.0,433,41.0,15,61.0,26,6914.0,721,1202.0,109,5694.0,615,55.0,15,100.0,33
LBC360623,n,1.0,2.0,72.97260273972603,F,1.0,4744.0,0.0,N/A,N/A,1.0,2.0,N/A,N/A,N/A,N/A,N/A,N/A,N/A,N/A,N/A,N/A,13290.0,874,3397.0,228,9865.0,670,124.0,22,207.0,49
LBC360221,y,2.0,3.0,73.23835616438356,F,1.0,4420.0,0.0,N/A,N/A,2.0,3.0,10654.0,692,2136.0,138,8452.0,568,88.0,27,125.0,45,11790.0,985,2359.0,191,9405.0,809,111.0,25,145.0,41
LBC360426,n,3.0,2.0,72.66301369863014,M,1.0,25220.0,1.0,N/A,N/A,3.0,2.0,N/A,N/A,N/A,N/A,N/A,N/A,N/A,N/A,N/A,N/A,17424.0,904,4934.0,208,12405.0,705,199.0,40,230.0,49
LBC360536,y,1.0,2.0,73.01095890410959,M,1.0,3266.0,0.0,N/A,N/A,1.0,2.0,3745.0,429,594.0,72,3133.0,367,30.0,15,57.0,19,4746.0,648,750.0,100,3974.0,553,38.0,16,74.0,22
LBC360563,y,2.0,2.0,72.9068493150685,F,1.0,12829.0,0.0,N/A,N/A,2.0,2.0,5560.0,498,1330.0,92,4201.0,411,51.0,19,95.0,30,7586.0,783,1835.0,130,5720.0,663,60.0,19,144.0,41
LBC360574,y,1.0,2.0,72.67671232876712,M,1.0,17950.0,0.0,N/A,N/A,1.0,2.0,7675.0,579,1606.0,132,6045.0,461,59.0,21,87.0,27,8108.0,736,1857.0,160,6221.0,582,79.0,19,107.0,30
LBC360827,n,2.0,2.0,73.47397260273972,F,1.0,43466.0,0.0,N/A,N/A,2.0,2.0,N/A,N/A,N/A,N/A,N/A,N/A,N/A,N/A,N/A,N/A,14989.0,561,5162.0,135,9742.0,448,183.0,33,211.0,29
LBC361182,y,1.0,3.0,73.57808219178082,M,1.0,9048.0,0.0,N/A,N/A,1.0,3.0,11549.0,690,1400.0,121,10099.0,586,60.0,22,160.0,46,11984.0,924,1460.0,156,10464.0,782,63.0,20,188.0,51
LBC360205,n,1.0,2.0,72.28767123287672,M,1.0,3210.0,0.0,N/A,N/A,1.0,2.0,N/A,N/A,N/A,N/A,N/A,N/A,N/A,N/A,N/A,N/A,15840.0,1051,2011.0,182,13791.0,878,78.0,20,285.0,55
LBC360363,y,1.0,1.0,72.1041095890411,M,1.0,0.0,0.0,N/A,0.0,1.0,1.0,13912.0,724,2663.0,148,11147.0,588,112.0,30,150.0,47,13545.0,858,2665.0,185,10823.0,685,123.0,25,196.0,40
LBC360334,y,1.0,2.0,72.17808219178082,F,1.0,17894.0,0.0,N/A,N/A,1.0,2.0,6224.0,467,1136.0,87,5061.0,386,42.0,18,87.0,28,7652.0,671,1604.0,134,6027.0,545,64.0,19,108.0,28
LBC360627,y,2.0,2.0,72.85479452054794,M,1.0,16194.0,0.0,N/A,N/A,2.0,2.0,9941.0,801,2152.0,147,7738.0,670,75.0,26,109.0,43,13045.0,1119,2668.0,188,10345.0,945,105.0,26,192.0,49
LBC360021,y,1.0,2.0,71.44931506849315,M,1.0,3320.0,0.0,N/A,N/A,1.0,2.0,9781.0,669,1908.0,123,7825.0,561,63.0,23,116.0,35,9537.0,839,2149.0,137,7335.0,709,66.0,17,136.0,30
LBC360772,y,1.0,3.0,72.88493150684931,M,1.0,3005.0,0.0,N/A,N/A,1.0,3.0,10111.0,558,1055.0,89,8964.0,479,30.0,14,137.0,46,11530.0,817,1236.0,120,10263.0,703,41.0,15,169.0,44
LBC360009,y,2.0,2.0,71.6986301369863,F,1.0,12422.0,0.0,N/A,N/A,2.0,2.0,13159.0,769,1899.0,128,11234.0,656,60.0,23,155.0,55,16499.0,1098,2527.0,181,13960.0,932,76.0,22,223.0,57
LBC360212,y,0.0,0.0,71.78630136986301,M,1.0,13230.0,0.0,N/A,N/A,1.0,1.0,9690.0,702,1911.0,140,7719.0,582,74.0,23,135.0,43,11764.0,1051,2419.0,234,9288.0,841,102.0,26,190.0,42
LBC361189,y,2.0,2.0,73.2986301369863,M,1.0,9734.0,0.0,N/A,N/A,2.0,2.0,7920.0,430,3032.0,92,4859.0,354,92.0,25,97.0,30,8915.0,479,3609.0,107,5284.0,380,105.0,25,111.0,27
LBC360405,y,2.0,3.0,72.08493150684932,M,1.0,10049.0,0.0,N/A,N/A,2.0,3.0,12201.0,688,1820.0,98,10314.0,607,58.0,23,190.0,60,12756.0,878,2145.0,117,10540.0,777,80.0,20,210.0,56
LBC360293,y,2.0,3.0,71.95068493150686,F,1.0,937.0,0.0,N/A,N/A,2.0,3.0,8771.0,551,1784.0,124,6887.0,456,62.0,17,117.0,34,11784.0,903,2415.0,188,9288.0,755,84.0,20,173.0,46
LBC360980,y,2.0,4.0,73.05753424657534,F,1.0,5878.0,0.0,N/A,N/A,2.0,3.0,13417.0,765,1870.0,131,11446.0,656,79.0,25,213.0,57,14804.0,972,2347.0,167,12404.0,823,99.0,25,264.0,55
LBC360704,y,1.0,2.0,72.46301369863014,M,1.0,3272.0,0.0,N/A,N/A,1.0,2.0,4946.0,465,764.0,65,4164.0,411,37.0,10,93.0,35,7461.0,709,1270.0,107,6165.0,614,57.0,14,137.0,39
LBC360857,y,1.0,2.0,72.74246575342465,F,1.0,20924.0,0.0,N/A,N/A,1.0,2.0,4940.0,415,790.0,71,4132.0,349,42.0,10,101.0,34,5562.0,563,935.0,90,4614.0,479,59.0,12,124.0,29
LBC360516,y,1.0,2.0,71.89315068493151,M,1.0,3844.0,0.0,N/A,N/A,1.0,2.0,10574.0,813,1528.0,131,8990.0,694,67.0,21,118.0,42,9968.0,960,1374.0,149,8571.0,822,64.0,19,135.0,39
LBC360898,y,2.0,3.0,73.52876712328766,M,1.0,13798.0,0.0,N/A,N/A,2.0,3.0,12178.0,809,2642.0,141,9424.0,682,96.0,27,152.0,48,16773.0,1128,3568.0,198,13103.0,944,144.0,27,230.0,48
LBC360257,n,2.0,3.0,72.23561643835616,M,1.0,33008.0,0.0,N/A,N/A,2.0,3.0,N/A,N/A,N/A,N/A,N/A,N/A,N/A,N/A,N/A,N/A,15503.0,1027,3178.0,260,12259.0,785,155.0,29,283.0,43
LBC360199,n,2.0,2.0,72.28219178082192,M,0.0,74857.0,0.0,N/A,1.0,2.0,2.0,N/A,N/A,N/A,N/A,N/A,N/A,N/A,N/A,N/A,N/A,17108.0,1007,3535.0,219,13467.0,789,145.0,28,170.0,46
LBC361157,y,1.0,2.0,73.86575342465754,F,0.0,1940.0,0.0,N/A,N/A,1.0,2.0,11489.0,758,1644.0,109,9750.0,662,86.0,20,156.0,45,12951.0,1068,1890.0,166,11017.0,913,105.0,22,205.0,51
LBC360832,y,1.0,1.0,73.31232876712329,M,0.0,4717.0,0.0,N/A,N/A,1.0,1.0,6707.0,585,1285.0,122,5407.0,475,43.0,18,88.0,34,6178.0,806,1214.0,150,4952.0,663,50.0,15,103.0,32
LBC361017,n,1.0,2.0,73.61643835616438,F,0.0,3923.0,0.0,N/A,0.0,1.0,2.0,N/A,N/A,N/A,N/A,N/A,N/A,N/A,N/A,N/A,N/A,6348.0,849,831.0,126,5511.0,728,30.0,13,91.0,31
LBC360375,y,1.0,2.0,72.36712328767123,M,0.0,3590.0,0.0,N/A,N/A,1.0,2.0,5766.0,442,1014.0,74,4722.0,376,47.0,15,122.0,33,7405.0,636,1412.0,102,5964.0,534,62.0,15,151.0,26
LBC360509,y,1.0,1.0,72.63013698630137,F,0.0,3503.0,0.0,N/A,N/A,1.0,1.0,6470.0,578,1536.0,113,4880.0,471,48.0,16,89.0,32,7874.0,842,2144.0,175,5693.0,674,73.0,24,125.0,38
LBC360029,y,2.0,4.0,72.44383561643835,F,0.0,5487.0,0.0,N/A,N/A,2.0,3.0,15703.0,642,1718.0,139,13936.0,520,50.0,19,224.0,66,17101.0,925,1784.0,177,15286.0,758,58.0,19,256.0,61
LBC360083,y,2.0,2.0,71.9013698630137,F,0.0,14964.0,0.0,N/A,N/A,2.0,2.0,15973.0,572,3261.0,158,12658.0,450,115.0,31,205.0,62,18915.0,761,3666.0,227,15220.0,566,158.0,35,281.0,54
LBC360023,n,1.0,3.0,71.59452054794521,F,0.0,1814.0,0.0,N/A,N/A,1.0,3.0,N/A,N/A,N/A,N/A,N/A,N/A,N/A,N/A,N/A,N/A,12070.0,839,1273.0,132,10706.0,729,49.0,13,242.0,55
LBC361224,y,1.0,2.0,73.76986301369863,F,0.0,10101.0,1.0,N/A,N/A,1.0,2.0,8543.0,581,850.0,106,7623.0,498,32.0,15,130.0,47,9500.0,775,1154.0,150,8301.0,639,57.0,18,144.0,40
LBC360788,y,2.0,3.0,72.79452054794521,M,0.0,9895.0,0.0,N/A,N/A,2.0,3.0,7785.0,600,1318.0,109,6412.0,501,41.0,15,109.0,30,10189.0,950,1729.0,181,8401.0,776,58.0,18,144.0,39
LBC360092,n,1.0,2.0,71.75616438356164,M,0.0,8035.0,0.0,N/A,N/A,1.0,2.0,N/A,N/A,N/A,N/A,N/A,N/A,N/A,N/A,N/A,N/A,8295.0,857,1772.0,133,6515.0,728,72.0,19,125.0,41
LBC360944,y,2.0,2.0,73.04109589041096,M,0.0,15654.0,0.0,N/A,N/A,2.0,2.0,10334.0,731,1482.0,147,8792.0,605,50.0,19,150.0,53,11280.0,1082,1434.0,194,9793.0,895,58.0,19,184.0,57
LBC361232,n,2.0,2.0,73.56712328767124,M,0.0,5185.0,0.0,N/A,N/A,2.0,2.0,N/A,N/A,N/A,N/A,N/A,N/A,N/A,N/A,N/A,N/A,9018.0,809,1444.0,148,7538.0,670,82.0,20,148.0,36
LBC361047,y,1.0,2.0,73.23561643835616,M,0.0,6138.0,0.0,N/A,N/A,1.0,2.0,8116.0,632,1660.0,92,6390.0,547,58.0,19,98.0,32,8204.0,777,1804.0,114,6368.0,665,62.0,19,107.0,30
LBC360891,n,2.0,2.0,72.93424657534247,M,0.0,3871.0,0.0,N/A,N/A,2.0,2.0,N/A,N/A,N/A,N/A,N/A,N/A,N/A,N/A,N/A,N/A,11182.0,1051,2022.0,164,9138.0,902,91.0,22,170.0,43
LBC360048,y,2.0,3.0,71.23835616438356,F,1.0,4111.0,0.0,N/A,0.0,2.0,3.0,12924.0,791,1903.0,119,10961.0,689,71.0,23,160.0,51,12881.0,1028,2144.0,145,10710.0,889,87.0,21,178.0,46
LBC361080,n,2.0,2.0,73.16438356164383,M,0.0,3811.0,0.0,N/A,0.0,2.0,2.0,N/A,N/A,N/A,N/A,N/A,N/A,N/A,N/A,N/A,N/A,22419.0,1128,3583.0,243,18785.0,916,114.0,31,392.0,65
LBC360020,y,1.0,2.0,71.13698630136986,M,0.0,23325.0,0.0,N/A,N/A,1.0,2.0,7541.0,625,1839.0,97,5609.0,532,58.0,13,90.0,26,8941.0,641,2399.0,112,6401.0,536,94.0,12,106.0,22
LBC360613,n,2.0,2.0,72.97808219178083,M,0.0,36647.0,0.0,N/A,N/A,2.0,2.0,N/A,N/A,N/A,N/A,N/A,N/A,N/A,N/A,N/A,N/A,12756.0,774,3702.0,178,9002.0,598,147.0,27,222.0,37
LBC360656,y,2.0,2.0,73.17534246575343,M,1.0,5024.0,0.0,N/A,0.0,2.0,2.0,7277.0,506,1957.0,122,5305.0,402,73.0,24,89.0,32,8321.0,711,2210.0,153,6102.0,568,85.0,24,140.0,34
LBC360928,n,2.0,2.0,72.83561643835617,F,1.0,50497.0,0.0,N/A,N/A,2.0,2.0,N/A,N/A,N/A,N/A,N/A,N/A,N/A,N/A,N/A,N/A,8935.0,597,2919.0,177,5965.0,426,139.0,31,158.0,29
LBC360794,y,2.0,2.0,73.23013698630137,F,1.0,3471.0,0.0,N/A,N/A,2.0,2.0,8899.0,576,1643.0,95,7198.0,488,72.0,23,142.0,50,10599.0,941,2170.0,156,8357.0,791,88.0,22,182.0,46
LBC361122,y,1.0,2.0,73.86301369863014,F,1.0,1778.0,0.0,N/A,N/A,1.0,2.0,6342.0,528,1211.0,93,5101.0,443,44.0,17,121.0,39,7144.0,731,1462.0,149,5653.0,588,60.0,17,129.0,34
LBC360862,y,1.0,2.0,73.95616438356164,M,1.0,13693.0,0.0,N/A,N/A,1.0,2.0,10885.0,763,1197.0,106,9625.0,666,41.0,17,194.0,53,11900.0,1030,1197.0,144,10650.0,888,47.0,16,206.0,50
LBC360937,y,1.0,2.0,73.44931506849315,M,1.0,18342.0,1.0,N/A,N/A,1.0,2.0,9486.0,606,1716.0,129,7724.0,492,69.0,21,122.0,36,11581.0,916,1929.0,207,9603.0,727,87.0,25,181.0,45
LBC360032,y,2.0,2.0,71.83835616438355,M,1.0,2275.0,1.0,N/A,N/A,2.0,2.0,4931.0,485,1013.0,92,3871.0,398,49.0,15,77.0,25,6279.0,678,1468.0,137,4779.0,548,66.0,17,115.0,28
LBC361152,n,1.0,2.0,74.13698630136986,M,1.0,3047.0,0.0,N/A,N/A,1.0,2.0,N/A,N/A,N/A,N/A,N/A,N/A,N/A,N/A,N/A,N/A,10050.0,964,1369.0,192,8652.0,780,89.0,23,134.0,38
LBC360437,y,2.0,2.0,72.75616438356164,F,1.0,25849.0,0.0,N/A,N/A,2.0,2.0,8447.0,521,2170.0,104,6261.0,432,68.0,22,91.0,27,8967.0,629,2412.0,129,6545.0,510,77.0,20,111.0,25
LBC360406,y,1.0,2.0,72.52602739726028,M,1.0,1352.0,0.0,N/A,N/A,1.0,2.0,9306.0,791,1267.0,112,8000.0,693,56.0,18,114.0,51,9373.0,885,1260.0,123,8061.0,766,59.0,16,142.0,47
LBC360473,y,1.0,2.0,72.64109589041095,F,1.0,5281.0,0.0,N/A,N/A,1.0,2.0,7052.0,549,811.0,73,6190.0,484,31.0,11,91.0,35,8776.0,779,1229.0,115,7529.0,671,59.0,14,132.0,35
LBC360106,n,1.0,2.0,72.06575342465753,M,1.0,158.0,0.0,N/A,N/A,1.0,2.0,N/A,N/A,N/A,N/A,N/A,N/A,N/A,N/A,N/A,N/A,12980.0,782,2009.0,134,10946.0,666,77.0,17,181.0,48
LBC361191,y,1.0,1.0,73.93424657534247,F,1.0,36124.0,0.0,N/A,N/A,1.0,1.0,10775.0,526,1861.0,111,8854.0,426,71.0,21,198.0,34,10808.0,763,1738.0,149,9027.0,616,73.0,19,214.0,33
LBC360443,y,1.0,2.0,72.51780821917808,F,1.0,7001.0,0.0,N/A,N/A,1.0,2.0,10607.0,673,1827.0,126,8698.0,559,52.0,22,136.0,52,12252.0,964,2216.0,197,9947.0,783,69.0,24,168.0,53
LBC360283,y,2.0,3.0,72.30410958904109,M,1.0,5738.0,0.0,N/A,N/A,2.0,3.0,12795.0,839,2086.0,132,10620.0,727,83.0,24,150.0,55,15947.0,1076,2883.0,201,12995.0,893,115.0,27,198.0,54
LBC360286,n,1.0,3.0,72.26027397260275,F,1.0,20740.0,0.0,N/A,N/A,1.0,3.0,N/A,N/A,N/A,N/A,N/A,N/A,N/A,N/A,N/A,N/A,16944.0,908,2217.0,177,14668.0,742,96.0,23,235.0,55
LBC360664,y,1.0,2.0,72.82465753424657,M,1.0,5846.0,0.0,N/A,N/A,1.0,2.0,8504.0,679,1111.0,103,7340.0,593,37.0,15,125.0,38,9927.0,1017,1355.0,144,8550.0,885,54.0,16,169.0,45
LBC360446,y,2.0,2.0,72.32876712328768,F,1.0,9750.0,1.0,N/A,N/A,2.0,2.0,7265.0,538,2055.0,110,5141.0,440,66.0,21,83.0,29,7851.0,727,2166.0,147,5642.0,597,70.0,19,113.0,32
LBC360653,y,1.0,2.0,72.81095890410958,F,1.0,15447.0,0.0,N/A,N/A,1.0,2.0,9003.0,630,1705.0,113,7280.0,530,59.0,16,131.0,47,9133.0,884,1929.0,160,7200.0,741,64.0,17,153.0,42
LBC360407,y,1.0,1.0,72.14794520547945,M,1.0,34042.0,0.0,N/A,N/A,1.0,1.0,9619.0,600,2195.0,154,7375.0,467,68.0,28,126.0,38,10416.0,758,2384.0,171,7985.0,599,77.0,25,154.0,36
LBC360732,y,2.0,3.0,72.78630136986301,F,1.0,17428.0,0.0,N/A,0.0,2.0,3.0,8725.0,494,1846.0,106,6828.0,402,86.0,25,136.0,34,9744.0,752,2179.0,167,7518.0,606,101.0,26,160.0,33
LBC360290,y,2.0,4.0,71.96438356164384,F,1.0,2561.0,0.0,N/A,N/A,2.0,3.0,11613.0,699,1053.0,92,10531.0,617,24.0,8,159.0,56,15770.0,1039,1675.0,156,14066.0,894,50.0,18,220.0,59
LBC360736,y,1.0,3.0,72.61369863013698,F,1.0,1182.0,0.0,N/A,N/A,1.0,3.0,14392.0,836,1537.0,154,12803.0,703,49.0,20,177.0,57,17313.0,1218,1972.0,214,15283.0,1014,68.0,22,239.0,69
LBC360730,n,1.0,2.0,72.17260273972603,F,1.0,1091.0,0.0,N/A,N/A,1.0,2.0,N/A,N/A,N/A,N/A,N/A,N/A,N/A,N/A,N/A,N/A,5998.0,599,930.0,99,5050.0,502,74.0,16,130.0,30
LBC360268,y,2.0,2.0,71.61917808219178,F,1.0,506.0,0.0,N/A,N/A,2.0,2.0,15013.0,829,2861.0,165,12101.0,689,98.0,35,185.0,54,16822.0,1366,3515.0,261,13234.0,1136,122.0,34,240.0,60
LBC360330,y,1.0,2.0,72.59452054794521,M,1.0,2867.0,0.0,N/A,N/A,1.0,2.0,10080.0,731,1607.0,135,8439.0,609,83.0,24,129.0,46,12510.0,991,2193.0,209,10294.0,800,110.0,24,175.0,44
LBC360211,y,1.0,1.0,72.41917808219178,M,1.0,554.0,0.0,N/A,N/A,1.0,1.0,9488.0,588,1897.0,127,7574.0,484,91.0,26,110.0,36,9580.0,750,1728.0,154,7843.0,610,110.0,28,136.0,34
LBC360284,y,2.0,3.0,72.55342465753425,F,1.0,6546.0,0.0,N/A,N/A,2.0,3.0,9356.0,668,1912.0,120,7390.0,562,67.0,23,105.0,36,13924.0,1134,2650.0,183,11202.0,961,90.0,31,199.0,56
LBC361299,y,1.0,3.0,73.92054794520548,M,1.0,12185.0,0.0,N/A,N/A,1.0,3.0,12606.0,744,1865.0,171,10694.0,594,87.0,29,173.0,53,14668.0,1159,2161.0,248,12483.0,928,122.0,30,245.0,62
LBC360436,y,2.0,2.0,73.15342465753425,M,1.0,19419.0,0.0,N/A,N/A,2.0,2.0,7542.0,552,1465.0,119,6049.0,450,57.0,20,74.0,29,7108.0,695,1373.0,149,5703.0,550,47.0,20,85.0,26
LBC360969,y,2.0,2.0,73.46027397260274,M,1.0,4165.0,0.0,N/A,N/A,2.0,2.0,13509.0,713,2550.0,148,10900.0,586,79.0,27,198.0,63,15054.0,999,3194.0,240,11781.0,778,112.0,28,233.0,55
LBC360213,n,2.0,2.0,72.48493150684932,F,1.0,6380.0,0.0,N/A,N/A,2.0,2.0,N/A,N/A,N/A,N/A,N/A,N/A,N/A,N/A,N/A,N/A,7040.0,495,3367.0,120,3640.0,382,114.0,21,89.0,21
LBC361246,y,1.0,1.0,73.72054794520548,M,1.0,4806.0,0.0,N/A,N/A,1.0,1.0,8106.0,684,1246.0,113,6832.0,582,44.0,19,93.0,32,10432.0,971,1720.0,186,8678.0,793,76.0,18,127.0,33
LBC361203,y,1.0,2.0,73.69589041095891,F,1.0,845.0,0.0,N/A,N/A,1.0,2.0,9089.0,716,1033.0,99,7998.0,626,72.0,19,124.0,48,10721.0,993,1099.0,145,9590.0,858,66.0,18,154.0,43
LBC360784,y,2.0,3.0,73.04657534246576,M,1.0,17617.0,0.0,N/A,N/A,2.0,3.0,12826.0,873,2732.0,146,10019.0,744,71.0,22,163.0,58,13528.0,1003,2995.0,152,10478.0,862,81.0,22,189.0,52
LBC360636,n,2.0,2.0,72.71232876712328,M,1.0,9420.0,0.0,N/A,N/A,2.0,2.0,N/A,N/A,N/A,N/A,N/A,N/A,N/A,N/A,N/A,N/A,9716.0,904,2874.0,160,6818.0,754,142.0,32,142.0,34
LBC360267,n,2.0,2.0,72.2,M,1.0,14995.0,0.0,N/A,N/A,2.0,2.0,N/A,N/A,N/A,N/A,N/A,N/A,N/A,N/A,N/A,N/A,5860.0,640,1463.0,135,4371.0,511,64.0,17,107.0,27
LBC360313,y,1.0,1.0,72.07671232876713,F,0.0,4704.0,0.0,N/A,0.0,1.0,1.0,3858.0,366,1196.0,70,2599.0,303,50.0,19,49.0,16,4886.0,559,1627.0,112,3171.0,455,78.0,19,73.0,22
LBC360370,n,1.0,2.0,72.14794520547945,M,0.0,3468.0,1.0,N/A,N/A,1.0,2.0,N/A,N/A,N/A,N/A,N/A,N/A,N/A,N/A,N/A,N/A,6776.0,631,1519.0,147,5230.0,490,69.0,19,97.0,29
LBC360786,n,1.0,1.0,72.93424657534247,F,0.0,3138.0,0.0,N/A,N/A,1.0,1.0,N/A,N/A,N/A,N/A,N/A,N/A,N/A,N/A,N/A,N/A,9421.0,910,1571.0,189,7800.0,727,76.0,24,149.0,35
LBC360067,y,2.0,2.0,71.65205479452055,M,0.0,1221.0,0.0,N/A,N/A,2.0,2.0,14339.0,851,1724.0,130,12568.0,736,71.0,23,251.0,55,15943.0,1091,1987.0,185,13922.0,921,87.0,27,275.0,54
LBC361221,y,3.0,2.0,73.51780821917808,F,0.0,15594.0,0.0,N/A,N/A,3.0,2.0,5548.0,413,1804.0,91,3727.0,327,70.0,24,73.0,26,6336.0,534,2188.0,112,4144.0,425,88.0,21,77.0,18
LBC360393,y,2.0,2.0,71.96164383561644,M,0.0,18149.0,1.0,N/A,N/A,2.0,2.0,11560.0,637,2058.0,133,9462.0,519,78.0,29,179.0,57,12737.0,807,2296.0,172,10421.0,647,94.0,26,223.0,50
LBC361077,y,1.0,3.0,73.1945205479452,M,0.0,23290.0,0.0,N/A,N/A,1.0,3.0,12838.0,757,1921.0,131,10880.0,642,57.0,23,185.0,58,15259.0,1046,2023.0,151,13216.0,908,70.0,19,254.0,61
LBC360318,y,1.0,2.0,71.84109589041095,M,0.0,10529.0,0.0,N/A,N/A,1.0,2.0,9255.0,640,1635.0,121,7537.0,531,72.0,24,126.0,37,8417.0,702,1336.0,133,7029.0,571,60.0,18,127.0,34
LBC360705,y,1.0,1.0,72.55616438356165,M,0.0,5013.0,0.0,N/A,N/A,1.0,1.0,4681.0,409,962.0,68,3708.0,342,55.0,17,70.0,27,5751.0,548,1217.0,94,4526.0,456,79.0,20,83.0,24
LBC360452,y,1.0,2.0,72.1972602739726,F,0.0,5771.0,0.0,N/A,N/A,1.0,2.0,3739.0,364,1298.0,84,2389.0,282,50.0,13,49.0,20,4113.0,494,1651.0,110,2445.0,388,61.0,16,52.0,19
LBC360114,y,1.0,2.0,71.52602739726028,M,0.0,4989.0,0.0,N/A,N/A,1.0,2.0,10359.0,755,2013.0,155,8323.0,619,69.0,25,117.0,34,11188.0,983,2235.0,203,8912.0,792,81.0,24,156.0,38
LBC360176,y,1.0,1.0,71.58356164383562,M,0.0,6176.0,0.0,N/A,N/A,1.0,1.0,5698.0,590,1237.0,94,4364.0,500,62.0,17,60.0,27,6826.0,840,1731.0,149,4989.0,696,95.0,23,94.0,30
LBC360108,y,1.0,2.0,72.18630136986302,M,0.0,18082.0,1.0,N/A,N/A,1.0,2.0,10344.0,682,1643.0,118,8684.0,583,62.0,19,201.0,40,12414.0,822,2256.0,152,10131.0,680,75.0,17,256.0,40
LBC360643,y,1.0,1.0,73.27945205479452,M,0.0,8438.0,0.0,N/A,N/A,1.0,1.0,7264.0,578,947.0,85,6296.0,500,41.0,15,117.0,39,8724.0,897,1100.0,133,7615.0,771,44.0,14,163.0,38
LBC360066,y,1.0,3.0,72.11780821917809,M,0.0,0.0,0.0,N/A,N/A,1.0,3.0,16962.0,716,3000.0,139,13915.0,601,99.0,31,185.0,51,19447.0,1030,3466.0,207,15947.0,839,133.0,27,229.0,52
LBC360822,y,2.0,1.0,73.36438356164383,M,0.0,3736.0,0.0,N/A,N/A,2.0,1.0,6438.0,522,1139.0,101,5264.0,427,55.0,20,78.0,27,5942.0,698,1019.0,112,4902.0,588,45.0,13,85.0,27
LBC361187,y,1.0,1.0,73.86301369863014,M,0.0,2834.0,1.0,N/A,N/A,1.0,1.0,6038.0,464,934.0,86,5088.0,379,44.0,17,98.0,30,7553.0,732,1232.0,139,6306.0,598,63.0,17,133.0,31
LBC361231,y,2.0,2.0,73.8,M,0.0,5247.0,0.0,N/A,N/A,2.0,2.0,8696.0,626,1953.0,141,6697.0,498,55.0,22,118.0,41,9865.0,832,2093.0,173,7708.0,668,64.0,23,138.0,42
LBC360450,y,1.0,2.0,72.72876712328767,M,0.0,9026.0,1.0,N/A,N/A,1.0,2.0,7001.0,568,1628.0,105,5357.0,470,93.0,21,80.0,28,9156.0,849,2084.0,170,7057.0,683,116.0,23,118.0,29
LBC360137,n,1.0,2.0,71.8054794520548,F,0.0,1490.0,0.0,N/A,N/A,1.0,2.0,N/A,N/A,N/A,N/A,N/A,N/A,N/A,N/A,N/A,N/A,14804.0,1344,2061.0,222,12698.0,1143,73.0,18,192.0,50
LBC360813,y,2.0,3.0,73.05479452054794,F,0.0,5148.0,0.0,N/A,N/A,2.0,3.0,10934.0,612,2523.0,124,8372.0,507,88.0,26,124.0,37,14741.0,857,3587.0,174,11101.0,703,123.0,32,183.0,45
LBC360336,y,2.0,3.0,72.30684931506849,F,0.0,10977.0,0.0,N/A,0.0,2.0,3.0,8375.0,607,2174.0,128,6158.0,489,87.0,22,106.0,33,9372.0,819,2574.0,182,6768.0,647,99.0,25,113.0,33
LBC361113,y,2.0,2.0,73.4,F,0.0,24834.0,0.0,N/A,N/A,2.0,2.0,13615.0,800,2596.0,128,10925.0,683,94.0,31,193.0,55,13933.0,1016,2980.0,171,10880.0,847,116.0,27,207.0,47
LBC360445,y,2.0,2.0,72.24383561643836,F,0.0,5282.0,0.0,N/A,N/A,2.0,2.0,8241.0,504,1554.0,108,6626.0,403,92.0,24,143.0,40,9371.0,639,1778.0,139,7572.0,507,111.0,19,159.0,40
LBC361153,n,2.0,4.0,73.30684931506849,M,0.0,31918.0,0.0,N/A,N/A,2.0,3.0,N/A,N/A,N/A,N/A,N/A,N/A,N/A,N/A,N/A,N/A,15582.0,1215,2113.0,170,13364.0,1060,92.0,23,199.0,48
LBC361143,n,1.0,2.0,73.30684931506849,M,0.0,12211.0,1.0,N/A,N/A,1.0,2.0,N/A,N/A,N/A,N/A,N/A,N/A,N/A,N/A,N/A,N/A,16506.0,1133,2999.0,221,13417.0,935,129.0,25,279.0,53
LBC360210,y,2.0,3.0,71.85205479452055,M,0.0,19595.0,0.0,N/A,N/A,2.0,3.0,13403.0,788,1604.0,115,11751.0,687,51.0,19,244.0,67,14410.0,1120,1868.0,165,12482.0,967,67.0,22,269.0,60
LBC360908,y,1.0,2.0,73.1945205479452,M,0.0,11197.0,1.0,N/A,N/A,1.0,2.0,6457.0,464,1246.0,104,5176.0,374,41.0,17,78.0,29,8731.0,756,1752.0,175,6961.0,594,58.0,18,114.0,33
LBC360234,y,2.0,2.0,71.87945205479453,F,0.0,3244.0,0.0,N/A,N/A,2.0,2.0,6723.0,546,1435.0,93,5271.0,464,47.0,20,112.0,32,7490.0,766,1508.0,134,5967.0,639,50.0,18,124.0,32
LBC360823,y,1.0,1.0,73.23561643835616,F,0.0,3453.0,1.0,N/A,N/A,1.0,1.0,4694.0,408,1155.0,91,3473.0,321,50.0,19,70.0,27,5487.0,583,1413.0,118,4019.0,468,56.0,19,90.0,29
LBC360975,y,1.0,2.0,73.40547945205479,F,0.0,23168.0,1.0,N/A,N/A,1.0,2.0,7220.0,572,1223.0,105,5959.0,477,39.0,14,100.0,40,8029.0,759,1654.0,166,6357.0,615,60.0,19,122.0,34
LBC360190,y,1.0,1.0,71.99178082191781,M,0.0,101.0,0.0,N/A,N/A,1.0,1.0,5150.0,526,1108.0,96,4009.0,439,45.0,20,63.0,24,7229.0,881,1560.0,146,5647.0,749,72.0,20,103.0,31
LBC360227,y,1.0,2.0,71.64931506849315,F,0.0,1866.0,0.0,N/A,N/A,1.0,2.0,9660.0,680,1178.0,111,8443.0,581,50.0,15,159.0,48,9614.0,923,1137.0,128,8452.0,803,61.0,15,201.0,40
LBC360321,y,3.0,3.0,71.46301369863014,M,0.0,3180.0,0.0,N/A,N/A,3.0,3.0,11470.0,771,2453.0,165,8888.0,625,97.0,28,170.0,50,12497.0,1004,2571.0,198,9868.0,819,108.0,25,193.0,46
LBC360527,n,1.0,3.0,71.93972602739726,M,0.0,2034.0,0.0,N/A,N/A,1.0,3.0,N/A,N/A,N/A,N/A,N/A,N/A,N/A,N/A,N/A,N/A,14012.0,1127,2321.0,179,11626.0,964,128.0,23,190.0,48
LBC360844,y,1.0,1.0,73.54520547945205,F,0.0,13900.0,0.0,N/A,N/A,1.0,1.0,8257.0,542,1216.0,114,6925.0,444,46.0,15,121.0,43,10172.0,784,1848.0,168,8272.0,627,65.0,16,157.0,38
LBC360974,y,1.0,2.0,73.79452054794521,F,0.0,8539.0,0.0,N/A,N/A,1.0,2.0,5651.0,447,873.0,88,4752.0,370,40.0,12,74.0,26,7116.0,646,1230.0,132,5863.0,524,60.0,18,99.0,28
LBC360146,y,2.0,3.0,72.17260273972603,M,1.0,9383.0,0.0,N/A,0.0,2.0,3.0,10966.0,751,2618.0,139,8308.0,630,85.0,30,126.0,44,13190.0,1025,3341.0,197,9813.0,845,115.0,30,166.0,47
LBC360140,y,2.0,3.0,71.95342465753424,F,1.0,17743.0,0.0,N/A,0.0,2.0,3.0,12957.0,669,1938.0,134,10966.0,554,80.0,25,211.0,52,17846.0,788,3305.0,191,14489.0,619,140.0,28,250.0,50
LBC360209,y,1.0,2.0,72.21917808219177,M,1.0,12120.0,0.0,N/A,N/A,1.0,2.0,13546.0,682,2822.0,162,10651.0,548,90.0,26,195.0,50,14443.0,914,3089.0,230,11313.0,713,117.0,27,230.0,42
LBC360333,n,2.0,3.0,72.32876712328768,M,1.0,15792.0,0.0,N/A,N/A,2.0,3.0,N/A,N/A,N/A,N/A,N/A,N/A,N/A,N/A,N/A,N/A,18666.0,1160,1901.0,179,16713.0,989,63.0,16,283.0,64
LBC361278,y,1.0,2.0,73.87123287671233,M,1.0,0.0,0.0,N/A,N/A,1.0,2.0,7394.0,530,855.0,74,6528.0,465,31.0,14,112.0,43,8765.0,740,1254.0,126,7503.0,618,45.0,17,146.0,40
LBC360168,y,1.0,2.0,72.13972602739726,M,1.0,173.0,0.0,N/A,N/A,1.0,2.0,6034.0,548,1119.0,98,4883.0,453,72.0,21,87.0,40,7265.0,818,1406.0,128,5818.0,689,89.0,21,107.0,40
LBC360814,y,1.0,1.0,73.06027397260274,F,1.0,738.0,0.0,N/A,N/A,1.0,1.0,4276.0,496,684.0,72,3575.0,430,36.0,12,53.0,24,6176.0,852,1165.0,144,4974.0,711,63.0,15,93.0,28
LBC360214,y,2.0,3.0,72.04383561643836,M,1.0,2389.0,1.0,N/A,N/A,2.0,3.0,9205.0,607,1467.0,114,7706.0,503,70.0,20,124.0,41,10759.0,795,1694.0,167,9024.0,639,97.0,20,169.0,42
LBC360895,y,3.0,3.0,73.2904109589041,M,1.0,34553.0,0.0,N/A,N/A,3.0,3.0,15742.0,770,3728.0,122,11958.0,667,132.0,38,162.0,45,18049.0,975,4622.0,152,13396.0,838,152.0,38,204.0,43
LBC360903,n,2.0,3.0,73.15890410958905,M,1.0,146.0,0.0,N/A,N/A,2.0,3.0,N/A,N/A,N/A,N/A,N/A,N/A,N/A,N/A,N/A,N/A,9844.0,899,1379.0,121,8458.0,789,74.0,15,135.0,36
LBC360186,y,2.0,3.0,72.13972602739726,M,1.0,3981.0,0.0,N/A,N/A,2.0,3.0,12516.0,839,2955.0,144,9503.0,710,121.0,29,120.0,43,13607.0,1076,3283.0,186,10305.0,902,136.0,24,164.0,40
LBC360810,y,1.0,2.0,73.14520547945206,M,1.0,15047.0,0.0,N/A,N/A,1.0,2.0,11153.0,771,1620.0,134,9487.0,657,63.0,20,158.0,48,12699.0,1073,1774.0,209,10906.0,878,95.0,23,195.0,51
LBC360271,y,1.0,1.0,72.18630136986302,M,1.0,13548.0,0.0,N/A,N/A,1.0,1.0,9205.0,720,1475.0,139,7685.0,598,50.0,22,201.0,50,10961.0,973,1843.0,205,9096.0,779,72.0,21,227.0,47
LBC360215,y,2.0,1.0,72.05479452054794,F,1.0,6184.0,1.0,N/A,N/A,2.0,1.0,12198.0,659,2115.0,120,9980.0,563,62.0,18,200.0,51,12077.0,930,2136.0,160,9839.0,784,72.0,21,219.0,51
LBC360770,n,1.0,2.0,72.81643835616438,F,1.0,4074.0,0.0,N/A,N/A,1.0,2.0,N/A,N/A,N/A,N/A,N/A,N/A,N/A,N/A,N/A,N/A,21958.0,655,3902.0,130,17995.0,539,167.0,19,464.0,49
LBC361092,y,2.0,2.0,73.2958904109589,M,1.0,6516.0,1.0,N/A,1.0,2.0,2.0,7726.0,684,1869.0,147,5798.0,549,56.0,24,98.0,33,8006.0,1026,1875.0,203,6084.0,830,72.0,21,131.0,43
LBC360853,y,1.0,2.0,73.05753424657534,M,1.0,68.0,0.0,N/A,N/A,1.0,2.0,11032.0,652,1651.0,114,9304.0,551,81.0,21,161.0,44,12436.0,871,2168.0,186,10253.0,696,101.0,26,187.0,41
LBC361291,y,1.0,1.0,73.35068493150685,M,1.0,33794.0,0.0,N/A,N/A,1.0,1.0,6092.0,475,1047.0,92,5009.0,385,59.0,19,94.0,27,7287.0,752,1361.0,150,5895.0,607,86.0,18,126.0,28
LBC361043,y,1.0,1.0,73.06575342465753,M,1.0,61.0,0.0,N/A,N/A,1.0,1.0,9382.0,730,1590.0,141,7740.0,596,72.0,25,137.0,47,7501.0,938,1277.0,156,6207.0,785,71.0,21,133.0,40
LBC360959,y,2.0,4.0,73.30684931506849,M,1.0,554.0,0.0,N/A,N/A,2.0,3.0,9550.0,620,1093.0,98,8416.0,529,37.0,13,140.0,44,10274.0,746,1028.0,100,9227.0,656,35.0,12,175.0,43
LBC360376,y,1.0,2.0,73.06575342465753,F,1.0,3074.0,0.0,N/A,N/A,1.0,2.0,6340.0,423,1242.0,81,5064.0,353,64.0,16,100.0,29,8186.0,681,1742.0,124,6410.0,567,81.0,18,119.0,34
LBC360725,y,1.0,2.0,72.47945205479452,M,1.0,1751.0,0.0,N/A,0.0,1.0,2.0,11075.0,753,1878.0,145,9165.0,626,89.0,26,181.0,55,11656.0,1009,1851.0,187,9792.0,830,101.0,27,193.0,47
LBC360301,y,1.0,2.0,71.66575342465754,F,1.0,8113.0,0.0,N/A,N/A,1.0,2.0,8140.0,562,1131.0,71,6994.0,498,38.0,16,132.0,38,8558.0,665,1249.0,87,7288.0,587,44.0,12,152.0,31
LBC361079,n,2.0,2.0,72.98630136986301,F,1.0,9730.0,0.0,N/A,N/A,2.0,2.0,N/A,N/A,N/A,N/A,N/A,N/A,N/A,N/A,N/A,N/A,5636.0,553,2049.0,134,3480.0,423,70.0,18,77.0,24
LBC360685,y,2.0,0.0,73.1972602739726,M,1.0,24762.0,1.0,N/A,N/A,2.0,1.0,14994.0,744,3670.0,133,11285.0,637,132.0,29,164.0,49,16692.0,861,4532.0,164,12139.0,714,164.0,30,196.0,40
LBC361111,n,2.0,3.0,73.94246575342466,M,1.0,33184.0,1.0,N/A,N/A,2.0,3.0,N/A,N/A,N/A,N/A,N/A,N/A,N/A,N/A,N/A,N/A,17978.0,949,3579.0,183,14200.0,784,132.0,32,297.0,60
LBC360506,y,1.0,3.0,72.67123287671232,F,1.0,14295.0,1.0,N/A,N/A,1.0,3.0,5783.0,462,983.0,98,4735.0,366,30.0,13,107.0,27,7676.0,717,1280.0,141,6348.0,575,53.0,18,146.0,32
LBC361038,y,2.0,3.0,73.68493150684931,F,1.0,6103.0,1.0,N/A,N/A,2.0,3.0,8451.0,575,1662.0,115,6756.0,472,71.0,22,119.0,37,10435.0,850,1869.0,163,8539.0,699,88.0,25,144.0,37
LBC360161,y,2.0,2.0,72.04657534246576,F,1.0,4418.0,0.0,N/A,N/A,2.0,2.0,12776.0,714,2232.0,102,10363.0,625,91.0,28,161.0,40,13896.0,755,2363.0,152,11399.0,613,93.0,26,182.0,37
LBC360237,y,1.0,2.0,72.2,F,0.0,20311.0,1.0,N/A,0.0,1.0,2.0,9565.0,680,1896.0,146,7617.0,546,56.0,22,139.0,40,9705.0,890,1951.0,192,7702.0,706,66.0,18,187.0,38
LBC360247,y,2.0,2.0,72.79452054794521,M,0.0,3379.0,1.0,N/A,N/A,2.0,2.0,7150.0,654,1567.0,114,5556.0,542,46.0,16,96.0,35,6513.0,741,1820.0,139,4658.0,601,66.0,18,97.0,30
LBC360273,n,2.0,2.0,72.23013698630137,M,0.0,5787.0,1.0,N/A,N/A,2.0,2.0,N/A,N/A,N/A,N/A,N/A,N/A,N/A,N/A,N/A,N/A,16847.0,1274,3807.0,237,12998.0,1060,130.0,30,388.0,58
LBC360435,n,3.0,2.0,72.38630136986302,M,0.0,3806.0,0.0,N/A,N/A,3.0,2.0,N/A,N/A,N/A,N/A,N/A,N/A,N/A,N/A,N/A,N/A,12431.0,1116,2446.0,204,9927.0,921,84.0,31,195.0,55
LBC360960,y,1.0,1.0,73.34520547945205,F,0.0,742.0,0.0,N/A,N/A,1.0,1.0,7730.0,598,1712.0,145,5973.0,475,86.0,22,168.0,39,9172.0,891,2012.0,213,7148.0,699,110.0,21,235.0,38
LBC360728,n,2.0,3.0,72.77260273972603,F,0.0,4826.0,0.0,N/A,N/A,2.0,3.0,N/A,N/A,N/A,N/A,N/A,N/A,N/A,N/A,N/A,N/A,19321.0,1287,3152.0,277,16113.0,1031,99.0,25,294.0,79
LBC360107,y,1.0,2.0,71.83013698630137,M,0.0,1474.0,0.0,N/A,N/A,1.0,2.0,8157.0,642,1655.0,131,6449.0,514,69.0,23,78.0,32,9815.0,1055,1587.0,171,8208.0,891,77.0,24,112.0,35
LBC361286,n,1.0,2.0,73.73972602739725,F,0.0,5047.0,0.0,N/A,N/A,1.0,2.0,N/A,N/A,N/A,N/A,N/A,N/A,N/A,N/A,N/A,N/A,8142.0,893,1420.0,142,6690.0,761,55.0,17,134.0,37
LBC360173,y,1.0,2.0,71.91232876712328,F,0.0,0.0,0.0,N/A,N/A,1.0,2.0,8120.0,669,1120.0,96,6973.0,583,40.0,20,115.0,42,10021.0,1006,1622.0,164,8380.0,855,76.0,22,137.0,44
LBC361303,y,1.0,2.0,73.65753424657534,F,0.0,4910.0,0.0,N/A,N/A,1.0,2.0,9869.0,656,2523.0,115,7305.0,557,103.0,28,116.0,39,11173.0,995,3144.0,176,8011.0,839,136.0,28,140.0,42
LBC360689,y,1.0,2.0,72.57534246575342,M,0.0,952.0,1.0,N/A,N/A,1.0,2.0,6500.0,537,1191.0,79,5286.0,462,37.0,16,81.0,25,8400.0,828,1755.0,127,6632.0,707,60.0,17,114.0,33
LBC361009,n,1.0,1.0,73.3917808219178,M,0.0,16327.0,0.0,N/A,N/A,1.0,1.0,N/A,N/A,N/A,N/A,N/A,N/A,N/A,N/A,N/A,N/A,13285.0,913,2536.0,199,10710.0,735,82.0,22,166.0,36
LBC360660,y,2.0,3.0,72.31232876712329,M,0.0,15562.0,1.0,N/A,N/A,2.0,3.0,11716.0,676,2864.0,127,8799.0,562,89.0,26,128.0,48,13757.0,886,3652.0,160,10075.0,730,120.0,28,165.0,45
LBC360799,n,2.0,3.0,72.61917808219178,F,0.0,53923.0,0.0,N/A,N/A,2.0,3.0,N/A,N/A,N/A,N/A,N/A,N/A,N/A,N/A,N/A,N/A,18911.0,1041,5229.0,167,13648.0,894,193.0,35,228.0,49
LBC360162,y,1.0,3.0,71.47945205479452,F,0.0,18534.0,0.0,N/A,N/A,1.0,3.0,12739.0,838,1573.0,109,11111.0,739,58.0,21,156.0,51,13956.0,1156,1651.0,153,12275.0,1009,75.0,18,193.0,46
LBC360629,y,1.0,2.0,72.4,F,0.0,718.0,0.0,N/A,N/A,1.0,2.0,9108.0,623,1532.0,121,7512.0,510,58.0,18,110.0,45,9889.0,878,1565.0,158,8237.0,728,58.0,15,130.0,41
LBC361061,y,2.0,3.0,72.92876712328767,F,0.0,4824.0,0.0,N/A,N/A,2.0,3.0,9931.0,738,1862.0,133,8033.0,618,76.0,27,141.0,52,11343.0,1088,2306.0,190,9007.0,906,103.0,26,169.0,49
LBC360442,n,1.0,1.0,71.76438356164384,M,0.0,0.0,0.0,N/A,N/A,1.0,1.0,N/A,N/A,N/A,N/A,N/A,N/A,N/A,N/A,N/A,N/A,18219.0,1355,2101.0,253,16084.0,1128,83.0,22,266.0,49
LBC360731,n,1.0,1.0,72.14520547945206,M,0.0,1762.0,0.0,N/A,N/A,1.0,1.0,N/A,N/A,N/A,N/A,N/A,N/A,N/A,N/A,N/A,N/A,10289.0,671,2326.0,178,7953.0,512,138.0,22,212.0,36
LBC360700,n,1.0,1.0,73.38630136986302,M,0.0,0.0,0.0,N/A,N/A,1.0,1.0,N/A,N/A,N/A,N/A,N/A,N/A,N/A,N/A,N/A,N/A,4246.0,511,1129.0,109,3086.0,401,46.0,16,48.0,20
LBC361213,n,2.0,3.0,74.08219178082192,M,0.0,8439.0,0.0,N/A,N/A,2.0,3.0,N/A,N/A,N/A,N/A,N/A,N/A,N/A,N/A,N/A,N/A,12897.0,1053,2829.0,157,10064.0,911,97.0,23,158.0,47
LBC360188,n,2.0,3.0,72.26301369863013,M,0.0,70307.0,0.0,N/A,N/A,2.0,3.0,N/A,N/A,N/A,N/A,N/A,N/A,N/A,N/A,N/A,N/A,15916.0,882,3828.0,210,12073.0,696,153.0,30,271.0,47
LBC360072,y,1.0,2.0,71.95068493150686,M,0.0,382.0,0.0,N/A,N/A,1.0,2.0,6959.0,615,1367.0,98,5531.0,524,61.0,21,88.0,30,8227.0,972,1598.0,138,6601.0,840,70.0,22,114.0,36
LBC360754,y,1.0,2.0,73.2986301369863,M,0.0,3362.0,1.0,N/A,N/A,1.0,2.0,7935.0,612,1239.0,117,6663.0,509,56.0,18,126.0,41,9116.0,856,1525.0,163,7586.0,707,73.0,19,163.0,38
LBC360299,y,1.0,2.0,72.36712328767123,F,0.0,2379.0,0.0,N/A,N/A,1.0,2.0,10488.0,541,1454.0,100,8989.0,453,56.0,20,151.0,41,11004.0,840,1689.0,169,9292.0,677,75.0,19,171.0,37
LBC360357,y,1.0,2.0,72.25753424657535,F,0.0,12569.0,0.0,N/A,N/A,1.0,2.0,9105.0,562,1531.0,80,7524.0,492,67.0,16,187.0,40,12149.0,867,2146.0,151,9950.0,728,100.0,23,218.0,40
LBC360934,y,1.0,3.0,73.34794520547945,M,0.0,16892.0,0.0,N/A,N/A,1.0,3.0,13876.0,701,2473.0,144,11336.0,569,97.0,30,175.0,53,14183.0,976,2481.0,196,11647.0,789,130.0,25,182.0,47
LBC360746,y,2.0,2.0,72.9972602739726,M,0.0,6013.0,0.0,N/A,N/A,2.0,2.0,11748.0,575,2694.0,139,8970.0,448,115.0,33,153.0,45,14006.0,825,3104.0,188,10872.0,647,120.0,32,203.0,47
LBC360498,y,1.0,1.0,72.4,M,0.0,2276.0,0.0,N/A,N/A,1.0,1.0,6978.0,611,1599.0,143,5353.0,488,82.0,19,78.0,26,8045.0,790,1901.0,187,6126.0,612,114.0,23,124.0,30
LBC361181,y,1.0,1.0,73.37808219178082,M,0.0,1502.0,0.0,N/A,N/A,1.0,1.0,7912.0,657,1750.0,147,6105.0,520,59.0,25,96.0,36,8004.0,856,1716.0,179,6249.0,680,71.0,21,123.0,33
LBC360233,y,2.0,2.0,71.8054794520548,M,0.0,8580.0,0.0,N/A,N/A,2.0,2.0,10198.0,715,1234.0,125,8886.0,604,48.0,18,189.0,55,9565.0,878,1354.0,168,8179.0,726,63.0,18,203.0,45
LBC361055,y,2.0,1.0,73.25479452054795,M,0.0,362.0,0.0,N/A,N/A,2.0,1.0,4892.0,481,891.0,74,3980.0,415,52.0,19,57.0,23,5319.0,599,1036.0,103,4269.0,500,57.0,17,83.0,24
LBC360475,n,2.0,2.0,72.01917808219179,F,0.0,8469.0,0.0,N/A,N/A,2.0,2.0,N/A,N/A,N/A,N/A,N/A,N/A,N/A,N/A,N/A,N/A,15349.0,902,3062.0,236,12232.0,681,142.0,33,265.0,50
LBC360765,y,1.0,3.0,72.62191780821918,F,0.0,564.0,0.0,N/A,0.0,1.0,3.0,10928.0,661,1657.0,136,9188.0,540,56.0,25,174.0,53,13275.0,871,2040.0,185,11200.0,700,83.0,23,214.0,52
LBC360145,y,1.0,2.0,71.46575342465754,M,0.0,13896.0,0.0,N/A,N/A,1.0,2.0,9966.0,750,2080.0,146,7851.0,618,72.0,29,144.0,41,10476.0,985,2183.0,205,8265.0,785,80.0,20,179.0,45
LBC360661,y,2.0,1.0,72.26849315068493,F,0.0,13308.0,0.0,N/A,N/A,2.0,1.0,6336.0,465,1345.0,109,4959.0,367,55.0,19,129.0,28,5921.0,508,1372.0,124,4522.0,393,58.0,19,103.0,23
LBC360755,y,1.0,2.0,72.45205479452055,F,0.0,1002.0,0.0,N/A,N/A,1.0,2.0,8059.0,620,1448.0,110,6576.0,523,59.0,23,98.0,35,10435.0,964,2239.0,209,8179.0,772,103.0,32,142.0,44
LBC361249,y,2.0,1.0,73.13150684931507,M,0.0,8408.0,1.0,N/A,N/A,2.0,1.0,8025.0,504,2821.0,123,5176.0,390,97.0,28,89.0,29,9262.0,710,3482.0,163,5752.0,556,117.0,29,102.0,29
LBC360887,y,1.0,2.0,72.6027397260274,F,0.0,6268.0,0.0,N/A,N/A,1.0,2.0,8282.0,647,1492.0,111,6751.0,546,53.0,20,125.0,45,9058.0,902,1826.0,151,7173.0,761,65.0,19,147.0,42
LBC360907,y,1.0,2.0,73.47123287671234,M,0.0,12224.0,0.0,N/A,N/A,1.0,2.0,7681.0,612,1529.0,118,6104.0,514,69.0,22,159.0,39,11392.0,895,2166.0,166,9195.0,748,98.0,27,238.0,49
LBC360605,n,2.0,3.0,73.54794520547945,F,0.0,35997.0,0.0,N/A,N/A,2.0,3.0,N/A,N/A,N/A,N/A,N/A,N/A,N/A,N/A,N/A,N/A,10481.0,431,3831.0,149,6566.0,292,199.0,31,154.0,19
LBC360511,n,3.0,3.0,72.62465753424658,F,0.0,18974.0,1.0,N/A,N/A,3.0,3.0,N/A,N/A,N/A,N/A,N/A,N/A,N/A,N/A,N/A,N/A,14205.0,1098,4473.0,194,9677.0,922,186.0,34,202.0,50
LBC360628,y,1.0,1.0,73.0958904109589,F,0.0,5330.0,0.0,N/A,N/A,1.0,1.0,7462.0,566,1957.0,100,5456.0,476,69.0,18,92.0,28,8366.0,769,2416.0,132,5912.0,649,80.0,20,115.0,28
LBC360400,y,1.0,2.0,72.37808219178082,F,0.0,572.0,0.0,N/A,N/A,1.0,2.0,5927.0,563,1331.0,108,4587.0,471,61.0,18,80.0,24,7777.0,822,1788.0,152,5979.0,686,78.0,20,119.0,28
LBC361028,y,1.0,2.0,73.5123287671233,M,0.0,12853.0,0.0,N/A,N/A,1.0,2.0,13477.0,747,2014.0,153,11418.0,614,64.0,24,192.0,58,13200.0,850,1925.0,175,11260.0,682,72.0,18,225.0,56
LBC360744,y,2.0,3.0,72.9945205479452,M,0.0,7599.0,0.0,N/A,N/A,2.0,3.0,12250.0,768,1130.0,116,11091.0,667,50.0,18,191.0,57,13759.0,1104,1278.0,174,12428.0,943,56.0,18,226.0,53
LBC360217,y,1.0,3.0,71.95068493150686,M,0.0,588.0,0.0,N/A,N/A,1.0,3.0,4664.0,438,914.0,69,3732.0,373,38.0,14,84.0,28,5693.0,660,1291.0,124,4389.0,540,55.0,16,116.0,34
LBC361068,n,1.0,1.0,73.41917808219178,F,0.0,2307.0,0.0,N/A,N/A,1.0,1.0,N/A,N/A,N/A,N/A,N/A,N/A,N/A,N/A,N/A,N/A,6242.0,608,1147.0,120,5068.0,488,40.0,13,116.0,24
LBC361093,y,1.0,2.0,73.46575342465754,M,0.0,49703.0,0.0,N/A,N/A,1.0,2.0,15182.0,810,2134.0,132,13018.0,694,87.0,27,253.0,59,16741.0,1133,2584.0,194,14130.0,952,105.0,30,302.0,56
LBC360729,y,2.0,2.0,72.92328767123287,F,0.0,2893.0,0.0,N/A,0.0,2.0,2.0,6597.0,568,1123.0,96,5421.0,478,38.0,13,98.0,37,7296.0,711,1395.0,121,5872.0,594,56.0,15,120.0,36
LBC360040,y,1.0,2.0,71.25753424657535,M,0.0,12.0,0.0,N/A,N/A,1.0,2.0,12856.0,883,1701.0,147,11010.0,754,71.0,27,179.0,49,15572.0,1304,2150.0,231,13371.0,1090,99.0,27,249.0,58
LBC360484,y,2.0,4.0,72.07397260273973,F,0.0,6588.0,0.0,N/A,N/A,2.0,3.0,13950.0,761,1978.0,143,11802.0,639,67.0,21,187.0,66,17444.0,1036,2557.0,191,14738.0,876,91.0,23,248.0,59
LBC360830,y,1.0,2.0,73.41643835616438,M,0.0,2550.0,1.0,N/A,N/A,1.0,2.0,10371.0,724,1392.0,110,8938.0,629,58.0,19,139.0,44,11703.0,993,1431.0,138,10227.0,865,73.0,16,166.0,43
LBC360670,y,1.0,2.0,72.75616438356164,M,0.0,2791.0,0.0,N/A,N/A,1.0,2.0,12316.0,603,2659.0,158,9558.0,467,116.0,26,185.0,54,15122.0,767,3418.0,218,11657.0,577,165.0,32,234.0,49
LBC361270,y,1.0,2.0,73.9068493150685,F,1.0,25185.0,0.0,N/A,0.0,1.0,2.0,7247.0,530,1641.0,93,5559.0,445,63.0,17,121.0,38,8135.0,766,1901.0,132,6161.0,642,66.0,18,150.0,37
LBC360918,y,1.0,2.0,73.24109589041096,M,1.0,6.0,1.0,N/A,N/A,1.0,2.0,6464.0,600,869.0,96,5572.0,511,46.0,19,84.0,32,6244.0,749,933.0,117,5293.0,639,53.0,17,98.0,34
LBC360877,y,2.0,3.0,73.24657534246575,M,1.0,6170.0,0.0,N/A,N/A,2.0,3.0,15282.0,784,3055.0,163,12166.0,650,98.0,35,212.0,59,17749.0,1025,3857.0,219,13839.0,827,154.0,32,275.0,51
LBC360259,y,1.0,2.0,72.1917808219178,F,1.0,24370.0,0.0,N/A,N/A,1.0,2.0,9810.0,556,1134.0,101,8650.0,463,69.0,23,159.0,40,10804.0,793,1378.0,141,9411.0,665,66.0,17,194.0,35
LBC361137,y,2.0,3.0,73.58904109589041,M,1.0,8510.0,0.0,N/A,0.0,2.0,3.0,8167.0,609,1844.0,129,6297.0,492,86.0,25,97.0,38,8957.0,922,2083.0,173,6851.0,757,109.0,28,120.0,38
LBC360649,y,1.0,2.0,73.78904109589041,F,1.0,2283.0,0.0,N/A,N/A,1.0,2.0,4920.0,453,1604.0,104,3290.0,356,55.0,14,81.0,22,6162.0,662,2064.0,143,4074.0,523,71.0,17,122.0,27
LBC360558,n,1.0,1.0,72.5041095890411,M,1.0,1344.0,0.0,N/A,N/A,1.0,1.0,N/A,N/A,N/A,N/A,N/A,N/A,N/A,N/A,N/A,N/A,3854.0,534,1013.0,105,2814.0,427,48.0,18,49.0,20
LBC360160,y,2.0,2.0,71.88767123287671,F,1.0,37648.0,1.0,N/A,N/A,2.0,2.0,11507.0,542,2644.0,147,8788.0,409,93.0,27,128.0,29,9824.0,566,3000.0,178,6795.0,396,112.0,24,81.0,22
LBC360373,y,1.0,1.0,72.18082191780822,F,1.0,6145.0,0.0,N/A,N/A,1.0,1.0,5990.0,539,1146.0,103,4826.0,449,43.0,17,65.0,28,7517.0,777,1540.0,148,5966.0,636,61.0,20,97.0,26
LBC360274,y,2.0,3.0,72.07671232876713,F,1.0,6440.0,0.0,N/A,N/A,2.0,3.0,9970.0,710,1501.0,150,8402.0,585,51.0,20,182.0,54,9332.0,897,1619.0,178,7649.0,729,42.0,19,181.0,41
LBC360225,y,1.0,3.0,71.92328767123287,M,1.0,3038.0,0.0,N/A,N/A,1.0,3.0,16607.0,712,1997.0,138,14573.0,601,64.0,22,215.0,58,18015.0,1022,1877.0,192,16107.0,851,62.0,21,254.0,50
LBC360218,y,2.0,4.0,72.0,M,1.0,5238.0,0.0,N/A,N/A,2.0,3.0,13500.0,766,2147.0,131,11308.0,652,59.0,21,180.0,61,14339.0,956,2232.0,143,12098.0,828,72.0,19,205.0,53
LBC360843,y,1.0,2.0,72.9945205479452,F,1.0,3971.0,0.0,N/A,N/A,1.0,2.0,9678.0,633,1318.0,124,8308.0,523,49.0,16,126.0,42,9311.0,880,1240.0,175,8046.0,713,54.0,15,133.0,37
LBC361308,y,2.0,3.0,73.5068493150685,M,1.0,8672.0,0.0,N/A,0.0,2.0,3.0,10849.0,714,1865.0,130,8956.0,600,59.0,21,115.0,35,10998.0,892,1949.0,158,9021.0,748,64.0,20,131.0,36
LBC360678,y,1.0,3.0,72.33972602739726,F,1.0,2423.0,0.0,N/A,N/A,1.0,3.0,7452.0,610,962.0,93,6429.0,526,45.0,17,119.0,34,8819.0,864,1295.0,127,7485.0,745,62.0,19,149.0,43
LBC360038,y,1.0,2.0,71.27945205479452,M,1.0,23576.0,0.0,N/A,N/A,1.0,2.0,12358.0,747,1854.0,120,10457.0,640,91.0,28,160.0,50,13737.0,1031,1871.0,178,11832.0,863,96.0,23,209.0,47
LBC360493,y,1.0,2.0,72.02739726027397,F,1.0,3156.0,0.0,N/A,N/A,1.0,2.0,4145.0,387,845.0,68,3249.0,320,63.0,15,66.0,28,6755.0,858,1206.0,149,5502.0,709,67.0,19,129.0,40
LBC361030,y,2.0,2.0,72.82739726027397,F,1.0,34801.0,0.0,N/A,N/A,2.0,2.0,9536.0,636,1682.0,121,7810.0,527,60.0,25,108.0,30,12835.0,882,2527.0,172,10246.0,723,95.0,25,146.0,38
LBC360463,y,1.0,2.0,72.74246575342465,M,1.0,4635.0,0.0,N/A,N/A,1.0,2.0,12349.0,642,2563.0,156,9750.0,510,138.0,26,204.0,52,14622.0,982,3004.0,232,11589.0,776,188.0,26,248.0,55
LBC361134,y,1.0,2.0,73.82739726027397,M,1.0,3516.0,0.0,N/A,N/A,1.0,2.0,12578.0,840,2332.0,148,10209.0,705,89.0,29,188.0,52,13654.0,1170,2835.0,228,10793.0,960,128.0,29,224.0,55
LBC360996,y,1.0,2.0,73.56164383561644,F,1.0,2273.0,1.0,N/A,N/A,1.0,2.0,9690.0,687,1371.0,118,8296.0,586,40.0,16,133.0,45,13052.0,1060,1807.0,206,11188.0,870,61.0,22,185.0,45
LBC360917,y,1.0,1.0,73.56164383561644,F,1.0,286.0,1.0,N/A,N/A,1.0,1.0,4621.0,407,853.0,70,3746.0,344,46.0,16,47.0,18,7967.0,752,1464.0,131,6475.0,634,72.0,22,85.0,29
LBC360126,y,2.0,2.0,72.18082191780822,M,1.0,7815.0,0.0,N/A,N/A,2.0,2.0,8314.0,629,2302.0,99,5988.0,547,76.0,25,95.0,34,10506.0,910,3100.0,135,7392.0,786,107.0,26,129.0,37
LBC361001,y,1.0,3.0,73.44931506849315,M,1.0,6125.0,0.0,N/A,N/A,1.0,3.0,9835.0,689,976.0,87,8700.0,610,40.0,14,136.0,39,10968.0,951,1030.0,117,9767.0,840,46.0,14,146.0,38
LBC360342,n,1.0,2.0,72.58904109589041,F,1.0,7971.0,0.0,N/A,N/A,1.0,2.0,N/A,N/A,N/A,N/A,N/A,N/A,N/A,N/A,N/A,N/A,9270.0,509,2538.0,134,6676.0,394,129.0,20,177.0,32
LBC361307,y,2.0,2.0,73.7013698630137,M,1.0,3570.0,0.0,N/A,N/A,2.0,2.0,4787.0,405,2373.0,99,2368.0,313,78.0,22,47.0,18,5038.0,494,2872.0,125,2138.0,374,94.0,21,51.0,20
LBC360091,n,1.0,2.0,72.34794520547945,M,1.0,28461.0,0.0,N/A,N/A,1.0,2.0,N/A,N/A,N/A,N/A,N/A,N/A,N/A,N/A,N/A,N/A,21251.0,991,3839.0,184,17314.0,832,154.0,31,304.0,59
LBC360717,y,2.0,3.0,72.75068493150685,F,1.0,5573.0,0.0,N/A,N/A,2.0,3.0,6709.0,517,1251.0,87,5390.0,440,48.0,16,98.0,23,7798.0,681,1603.0,129,6158.0,561,70.0,18,102.0,25
LBC360659,y,1.0,2.0,72.66849315068494,F,1.0,2647.0,0.0,N/A,N/A,1.0,2.0,6156.0,574,1019.0,103,5112.0,480,63.0,19,104.0,33,7178.0,884,1188.0,163,5971.0,730,80.0,16,127.0,34
LBC360191,y,1.0,1.0,71.63835616438357,F,1.0,623.0,0.0,N/A,N/A,1.0,1.0,7716.0,656,921.0,113,6765.0,558,46.0,14,122.0,39,9414.0,975,1333.0,178,8058.0,810,92.0,21,167.0,40
LBC360752,y,1.0,2.0,73.18082191780822,M,1.0,458.0,1.0,N/A,0.0,1.0,2.0,12692.0,684,1942.0,141,10656.0,555,66.0,23,201.0,58,14530.0,918,1999.0,196,12519.0,731,67.0,20,260.0,64
LBC360244,y,1.0,3.0,71.72602739726027,F,1.0,11490.0,0.0,N/A,N/A,1.0,3.0,15905.0,812,1621.0,137,14016.0,702,65.0,22,256.0,78,17245.0,1053,1743.0,201,15329.0,873,69.0,18,292.0,75
LBC360807,y,2.0,3.0,72.51780821917808,F,1.0,32468.0,0.0,N/A,N/A,2.0,3.0,9511.0,530,1926.0,117,7532.0,423,55.0,19,131.0,34,10056.0,699,2136.0,161,7903.0,552,71.0,18,159.0,39
LBC361050,y,1.0,2.0,74.08493150684932,M,1.0,23300.0,1.0,N/A,N/A,1.0,2.0,8389.0,590,1881.0,156,6449.0,459,75.0,24,126.0,27,10127.0,788,2149.0,208,7915.0,591,96.0,25,148.0,30
LBC360089,y,1.0,1.0,72.04383561643836,M,1.0,1880.0,0.0,N/A,N/A,1.0,1.0,10729.0,778,1327.0,130,9367.0,664,57.0,21,153.0,48,14099.0,1110,1811.0,218,12276.0,902,93.0,26,213.0,55
LBC360181,y,2.0,2.0,72.1972602739726,F,1.0,903.0,0.0,N/A,N/A,2.0,2.0,4824.0,406,1590.0,92,3144.0,317,50.0,21,57.0,19,5665.0,572,1879.0,135,3759.0,444,62.0,21,74.0,21
LBC360966,y,1.0,1.0,73.64931506849315,F,1.0,12329.0,0.0,N/A,N/A,1.0,1.0,15139.0,833,2730.0,158,12250.0,697,92.0,32,173.0,59,16330.0,1169,3290.0,224,12928.0,964,123.0,26,224.0,53
LBC360993,n,2.0,2.0,73.65479452054795,M,1.0,7003.0,0.0,N/A,N/A,2.0,2.0,N/A,N/A,N/A,N/A,N/A,N/A,N/A,N/A,N/A,N/A,11200.0,1017,1368.0,154,9819.0,869,59.0,18,147.0,43
LBC360352,y,2.0,3.0,72.40547945205479,M,1.0,3989.0,0.0,N/A,N/A,2.0,3.0,16143.0,798,2046.0,132,14067.0,680,74.0,26,254.0,58,19049.0,1100,2583.0,206,16437.0,907,105.0,29,304.0,61
LBC361031,y,1.0,3.0,73.63287671232877,F,1.0,21876.0,0.0,N/A,N/A,1.0,3.0,13390.0,809,1414.0,118,11936.0,694,41.0,15,189.0,58,14338.0,999,1455.0,149,12848.0,852,42.0,14,239.0,52
LBC360763,y,2.0,3.0,73.26849315068493,F,1.0,9987.0,0.0,N/A,N/A,2.0,3.0,15608.0,768,2620.0,152,12918.0,638,117.0,36,204.0,51,17239.0,1026,2738.0,219,14450.0,822,138.0,29,274.0,46
LBC360423,y,3.0,4.0,72.3890410958904,M,1.0,47545.0,1.0,N/A,N/A,3.0,3.0,10740.0,518,3012.0,126,7676.0,399,108.0,33,127.0,37,11954.0,709,3406.0,157,8458.0,555,135.0,30,158.0,34
LBC361132,y,2.0,2.0,73.69589041095891,M,1.0,28904.0,0.0,N/A,N/A,2.0,2.0,8433.0,500,1571.0,85,6830.0,424,40.0,15,182.0,40,10303.0,781,2055.0,132,8215.0,657,58.0,15,183.0,38
LBC360008,y,1.0,2.0,71.5095890410959,M,1.0,7645.0,0.0,N/A,N/A,1.0,2.0,5640.0,420,1122.0,76,2983.0,275,31.0,7,48.0,12,5472.0,370,1650.0,91,3613.0,285,57.0,8,81.0,15
LBC360654,n,1.0,1.0,72.9013698630137,F,1.0,0.0,0.0,N/A,N/A,1.0,1.0,N/A,N/A,N/A,N/A,N/A,N/A,N/A,N/A,N/A,N/A,5184.0,708,573.0,97,4606.0,612,16.0,8,77.0,26
LBC360599,y,1.0,3.0,72.65479452054795,F,1.0,4526.0,0.0,N/A,N/A,1.0,3.0,5608.0,517,845.0,77,4736.0,446,32.0,13,76.0,28,6542.0,680,1020.0,104,5502.0,583,32.0,13,103.0,26
LBC360845,y,3.0,3.0,73.08219178082192,F,1.0,41863.0,1.0,N/A,N/A,3.0,3.0,10816.0,505,2066.0,106,8725.0,412,86.0,29,143.0,35,11591.0,675,2427.0,134,9135.0,553,86.0,26,158.0,26
LBC360055,y,2.0,2.0,71.61643835616438,F,1.0,3139.0,0.0,N/A,N/A,2.0,2.0,5595.0,509,864.0,88,4707.0,429,33.0,14,79.0,32,7122.0,742,1119.0,134,5983.0,620,56.0,17,104.0,33
LBC360617,y,2.0,3.0,72.5068493150685,M,1.0,4265.0,0.0,N/A,N/A,2.0,3.0,12925.0,834,3006.0,150,9902.0,710,119.0,33,176.0,50,13812.0,1073,3249.0,182,10547.0,912,148.0,27,212.0,56
LBC360600,n,2.0,2.0,72.99178082191781,F,1.0,3646.0,0.0,N/A,N/A,2.0,2.0,N/A,N/A,N/A,N/A,N/A,N/A,N/A,N/A,N/A,N/A,21710.0,860,3953.0,182,17701.0,689,127.0,24,274.0,50
LBC360202,n,3.0,2.0,71.8027397260274,M,1.0,25047.0,1.0,N/A,N/A,3.0,2.0,N/A,N/A,N/A,N/A,N/A,N/A,N/A,N/A,N/A,N/A,13948.0,955,4288.0,152,9642.0,821,124.0,26,192.0,44
LBC360349,n,1.0,1.0,71.98630136986301,F,1.0,1127.0,0.0,N/A,N/A,1.0,1.0,N/A,N/A,N/A,N/A,N/A,N/A,N/A,N/A,N/A,N/A,2418.0,418,711.0,81,1678.0,342,32.0,10,37.0,11
LBC361280,y,2.0,3.0,73.4986301369863,M,1.0,21686.0,1.0,N/A,N/A,2.0,3.0,12571.0,709,2751.0,102,9772.0,618,97.0,29,157.0,56,14674.0,912,3393.0,132,11234.0,788,127.0,27,203.0,53
LBC361087,y,2.0,3.0,73.2904109589041,F,1.0,20311.0,0.0,N/A,N/A,2.0,3.0,8914.0,613,1055.0,84,7819.0,541,46.0,13,103.0,31,12546.0,943,1741.0,169,10778.0,790,93.0,23,162.0,40
LBC360609,y,2.0,3.0,72.47671232876712,F,1.0,2546.0,0.0,N/A,N/A,2.0,3.0,6407.0,540,1154.0,105,5218.0,443,47.0,16,77.0,30,7878.0,866,1473.0,163,6388.0,713,69.0,16,111.0,35
LBC360881,y,1.0,0.0,72.86027397260274,F,1.0,386.0,0.0,N/A,N/A,1.0,1.0,6101.0,614,891.0,97,5180.0,523,26.0,10,87.0,34,9621.0,972,1558.0,189,8042.0,795,48.0,16,149.0,46
LBC361198,n,2.0,2.0,73.44109589041096,F,1.0,9205.0,0.0,N/A,N/A,2.0,2.0,N/A,N/A,N/A,N/A,N/A,N/A,N/A,N/A,N/A,N/A,5805.0,594,2067.0,141,3699.0,458,82.0,21,117.0,27
LBC361170,y,2.0,2.0,73.03013698630137,F,1.0,16232.0,0.0,N/A,N/A,2.0,2.0,11110.0,583,2618.0,127,8439.0,471,94.0,22,145.0,44,11335.0,889,2796.0,171,8510.0,733,108.0,23,179.0,43
LBC360292,y,1.0,2.0,71.75342465753425,M,1.0,3516.0,0.0,N/A,N/A,1.0,2.0,5100.0,573,983.0,103,4058.0,472,33.0,15,69.0,25,6854.0,919,1266.0,138,5552.0,785,51.0,17,114.0,32
LBC361148,y,2.0,2.0,73.32602739726028,F,1.0,4391.0,0.0,N/A,N/A,2.0,2.0,12148.0,607,2651.0,123,9455.0,502,109.0,31,151.0,50,12091.0,890,2719.0,177,9340.0,729,107.0,23,172.0,48
LBC360978,y,1.0,1.0,72.9013698630137,M,1.0,3919.0,0.0,N/A,N/A,1.0,1.0,8090.0,638,1810.0,127,6239.0,530,63.0,19,107.0,33,8566.0,813,2171.0,154,6358.0,669,87.0,17,128.0,29
LBC361027,y,2.0,2.0,72.81369863013698,F,1.0,6994.0,0.0,N/A,N/A,2.0,2.0,10974.0,792,1926.0,148,9000.0,671,58.0,27,156.0,59,11619.0,1051,2291.0,194,9307.0,884,78.0,20,192.0,54
LBC361035,y,1.0,3.0,73.66301369863014,F,1.0,36429.0,1.0,N/A,N/A,1.0,3.0,8741.0,523,1705.0,126,6982.0,413,61.0,21,108.0,30,9388.0,700,1716.0,160,7634.0,548,80.0,20,128.0,28
LBC361180,y,1.0,2.0,73.8,F,1.0,251.0,0.0,N/A,N/A,1.0,2.0,7472.0,581,567.0,67,6865.0,527,29.0,7,116.0,33,8651.0,730,558.0,71,8043.0,670,21.0,9,147.0,32
LBC360397,y,1.0,2.0,72.4986301369863,M,1.0,1722.0,0.0,N/A,N/A,1.0,2.0,7565.0,592,999.0,89,6550.0,508,43.0,13,136.0,48,10590.0,980,1621.0,161,8959.0,825,64.0,20,194.0,51
LBC360043,n,2.0,3.0,71.93698630136986,M,1.0,1880.0,0.0,N/A,N/A,2.0,3.0,N/A,N/A,N/A,N/A,N/A,N/A,N/A,N/A,N/A,N/A,14378.0,1154,1458.0,189,12891.0,980,62.0,20,202.0,54
LBC360864,y,1.0,2.0,73.41917808219178,M,1.0,2809.0,0.0,N/A,N/A,1.0,2.0,7766.0,664,1591.0,117,6124.0,564,52.0,13,116.0,36,8154.0,831,1874.0,149,6237.0,696,74.0,19,132.0,36
LBC360718,n,2.0,3.0,72.95616438356164,F,0.0,8569.0,0.0,N/A,0.0,2.0,3.0,N/A,N/A,N/A,N/A,N/A,N/A,N/A,N/A,N/A,N/A,13188.0,994,4216.0,199,8942.0,817,153.0,30,156.0,46
LBC360398,y,1.0,1.0,72.61643835616438,M,0.0,6152.0,0.0,N/A,N/A,1.0,1.0,3767.0,417,742.0,75,3012.0,349,40.0,14,51.0,26,4646.0,654,933.0,109,3694.0,548,46.0,14,79.0,33
LBC360350,y,2.0,2.0,72.35616438356165,F,0.0,5663.0,1.0,N/A,N/A,2.0,2.0,9284.0,667,1330.0,120,7901.0,556,66.0,18,119.0,38,8875.0,842,1208.0,149,7637.0,698,66.0,19,129.0,33
LBC360378,y,1.0,1.0,72.77534246575343,F,0.0,2106.0,0.0,N/A,N/A,1.0,1.0,8007.0,618,1382.0,117,6570.0,511,49.0,16,112.0,41,10165.0,807,1757.0,168,8391.0,657,81.0,19,166.0,42
LBC360187,y,2.0,3.0,72.15616438356165,M,0.0,36956.0,0.0,N/A,N/A,2.0,3.0,14257.0,645,2633.0,152,11532.0,518,86.0,27,241.0,58,16011.0,922,2874.0,207,13090.0,726,99.0,28,277.0,59
LBC360620,n,3.0,2.0,72.64931506849315,M,0.0,13142.0,0.0,N/A,N/A,3.0,2.0,N/A,N/A,N/A,N/A,N/A,N/A,N/A,N/A,N/A,N/A,11649.0,879,3784.0,149,7823.0,740,127.0,29,145.0,39
LBC361124,y,1.0,2.0,73.52876712328766,F,0.0,3960.0,0.0,N/A,N/A,1.0,2.0,9020.0,615,1219.0,118,7719.0,506,37.0,16,127.0,41,9857.0,787,1205.0,127,8620.0,669,39.0,13,141.0,40
LBC360505,y,1.0,2.0,72.4,F,0.0,4368.0,0.0,N/A,N/A,1.0,2.0,7804.0,641,1161.0,108,6582.0,543,42.0,18,108.0,42,9052.0,1009,1574.0,186,7442.0,835,58.0,22,132.0,47
LBC360076,y,1.0,1.0,71.6082191780822,F,0.0,1833.0,1.0,N/A,N/A,1.0,1.0,9073.0,624,1736.0,109,7295.0,534,75.0,21,159.0,47,11698.0,973,2340.0,196,9344.0,797,99.0,21,203.0,52
LBC360182,y,1.0,1.0,71.88493150684931,M,0.0,4745.0,0.0,N/A,N/A,1.0,1.0,8622.0,672,1489.0,121,7002.0,560,60.0,18,111.0,44,11038.0,959,2022.0,186,8901.0,786,81.0,23,163.0,48
LBC360542,n,2.0,2.0,72.18630136986302,M,0.0,34236.0,0.0,N/A,N/A,2.0,2.0,N/A,N/A,N/A,N/A,N/A,N/A,N/A,N/A,N/A,N/A,15277.0,578,4134.0,134,11089.0,464,150.0,29,225.0,34
LBC360497,y,1.0,2.0,72.27671232876712,M,0.0,5538.0,0.0,N/A,N/A,1.0,2.0,9653.0,781,1370.0,133,8265.0,660,52.0,18,111.0,39,9935.0,941,1265.0,161,8662.0,787,45.0,17,136.0,37
LBC360128,y,2.0,3.0,71.54794520547945,M,0.0,38.0,0.0,N/A,N/A,2.0,3.0,7522.0,619,1307.0,100,6185.0,524,55.0,19,97.0,36,8753.0,873,1677.0,162,7064.0,718,65.0,21,123.0,37
LBC360561,y,1.0,3.0,71.93972602739726,M,0.0,24457.0,0.0,N/A,N/A,1.0,3.0,11819.0,626,1613.0,121,10110.0,516,59.0,23,159.0,43,14308.0,955,2043.0,203,12188.0,768,83.0,26,242.0,49
LBC360726,n,1.0,2.0,73.32054794520548,F,0.0,11075.0,0.0,N/A,N/A,1.0,2.0,N/A,N/A,N/A,N/A,N/A,N/A,N/A,N/A,N/A,N/A,4114.0,406,1231.0,98,2866.0,314,46.0,10,110.0,18
LBC360309,y,1.0,2.0,71.7041095890411,F,0.0,15625.0,0.0,N/A,N/A,1.0,2.0,9896.0,587,1111.0,93,8696.0,514,39.0,13,152.0,41,11428.0,724,1300.0,120,10056.0,619,44.0,11,200.0,43
LBC360698,n,2.0,3.0,72.2,M,0.0,32726.0,1.0,N/A,N/A,2.0,3.0,N/A,N/A,N/A,N/A,N/A,N/A,N/A,N/A,N/A,N/A,23116.0,1145,3861.0,233,19204.0,927,136.0,32,320.0,68
LBC361269,y,2.0,3.0,74.2,F,0.0,29162.0,0.0,N/A,N/A,2.0,3.0,14949.0,808,3465.0,164,11351.0,658,140.0,41,176.0,55,16027.0,1008,3958.0,194,12008.0,822,158.0,35,194.0,51
LBC360648,y,1.0,1.0,72.78356164383561,M,0.0,887.0,0.0,N/A,N/A,1.0,1.0,7483.0,679,1476.0,128,5941.0,561,47.0,16,111.0,40,8578.0,962,1576.0,170,6930.0,799,57.0,17,135.0,46
LBC360228,y,1.0,1.0,72.26575342465753,F,0.0,5627.0,0.0,N/A,N/A,1.0,1.0,10078.0,727,2402.0,113,7649.0,622,105.0,30,134.0,39,11402.0,998,3228.0,165,8147.0,842,137.0,26,164.0,42
LBC361007,y,1.0,2.0,73.84383561643835,F,0.0,1651.0,1.0,N/A,N/A,1.0,2.0,12693.0,795,1453.0,103,11192.0,711,46.0,18,150.0,54,15320.0,1070,1988.0,147,13285.0,946,70.0,17,165.0,52
LBC360690,y,1.0,2.0,72.86575342465754,F,0.0,3202.0,0.0,N/A,N/A,1.0,2.0,6677.0,530,1506.0,76,5148.0,460,61.0,16,80.0,30,7946.0,843,1973.0,127,5948.0,721,76.0,20,101.0,39
LBC360594,y,1.0,2.0,72.5123287671233,F,0.0,6956.0,0.0,N/A,N/A,1.0,2.0,10677.0,591,1343.0,127,9258.0,484,57.0,18,134.0,43,13256.0,833,1662.0,191,11523.0,666,88.0,18,186.0,43
LBC360537,n,1.0,1.0,72.66027397260274,M,0.0,6203.0,0.0,N/A,N/A,1.0,1.0,N/A,N/A,N/A,N/A,N/A,N/A,N/A,N/A,N/A,N/A,3776.0,404,1526.0,110,2230.0,299,89.0,19,54.0,13
LBC360572,n,1.0,1.0,72.43287671232876,F,0.0,31911.0,0.0,N/A,N/A,1.0,1.0,N/A,N/A,N/A,N/A,N/A,N/A,N/A,N/A,N/A,N/A,24431.0,466,7005.0,118,17385.0,359,219.0,33,409.0,42
LBC361229,y,1.0,2.0,73.46027397260274,F,0.0,35052.0,1.0,N/A,N/A,1.0,2.0,10669.0,615,1982.0,136,8668.0,496,84.0,24,139.0,40,11890.0,815,2399.0,194,9473.0,634,108.0,23,159.0,35
LBC361238,n,1.0,1.0,73.67123287671232,F,0.0,3481.0,0.0,N/A,N/A,1.0,1.0,N/A,N/A,N/A,N/A,N/A,N/A,N/A,N/A,N/A,N/A,4546.0,699,1359.0,130,3142.0,568,61.0,20,57.0,22
LBC360263,y,1.0,2.0,72.08493150684932,F,0.0,9080.0,0.0,N/A,N/A,1.0,2.0,6242.0,497,1869.0,105,4292.0,409,60.0,21,67.0,26,7340.0,780,2296.0,165,4993.0,625,73.0,20,96.0,26
LBC360849,y,1.0,2.0,72.94794520547946,F,0.0,20534.0,0.0,N/A,N/A,1.0,2.0,6101.0,406,1292.0,90,4737.0,321,67.0,19,77.0,27,6942.0,525,1582.0,117,5317.0,412,74.0,18,99.0,20
LBC360031,n,2.0,2.0,71.56438356164384,M,0.0,1663.0,1.0,N/A,N/A,2.0,2.0,N/A,N/A,N/A,N/A,N/A,N/A,N/A,N/A,N/A,N/A,3899.0,577,1077.0,116,2810.0,459,51.0,13,45.0,20
LBC360414,n,2.0,2.0,72.11780821917809,M,0.0,6076.0,1.0,N/A,N/A,2.0,2.0,N/A,N/A,N/A,N/A,N/A,N/A,N/A,N/A,N/A,N/A,18935.0,1190,3685.0,204,15208.0,1004,158.0,37,275.0,69
LBC360395,n,2.0,2.0,71.98082191780821,M,0.0,8583.0,1.0,N/A,N/A,2.0,2.0,N/A,N/A,N/A,N/A,N/A,N/A,N/A,N/A,N/A,N/A,18217.0,730,5047.0,153,13003.0,602,172.0,34,284.0,46
LBC360914,n,2.0,3.0,72.97808219178083,M,0.0,3551.0,0.0,N/A,N/A,2.0,3.0,N/A,N/A,N/A,N/A,N/A,N/A,N/A,N/A,N/A,N/A,16039.0,1162,2089.0,184,13940.0,1002,79.0,21,230.0,64
LBC361287,y,1.0,2.0,73.46027397260274,M,0.0,89.0,0.0,N/A,N/A,1.0,2.0,11761.0,739,1755.0,152,9950.0,611,104.0,26,173.0,51,13961.0,1048,1920.0,207,11996.0,867,123.0,27,222.0,52
LBC360846,y,1.0,1.0,72.9013698630137,M,0.0,5308.0,0.0,N/A,N/A,1.0,1.0,3523.0,396,796.0,73,2701.0,326,42.0,12,51.0,21,5066.0,644,1302.0,133,3718.0,516,58.0,17,72.0,28
LBC360316,y,2.0,3.0,71.98082191780821,F,0.0,6322.0,0.0,N/A,N/A,2.0,3.0,12574.0,689,1880.0,119,10646.0,588,60.0,21,171.0,53,14721.0,1036,2178.0,177,12525.0,871,75.0,24,215.0,51
LBC360229,y,1.0,2.0,71.74246575342465,M,0.0,208.0,0.0,N/A,N/A,1.0,2.0,8400.0,654,1887.0,142,6482.0,526,73.0,23,99.0,41,7495.0,835,1700.0,172,5773.0,668,85.0,22,117.0,34
LBC360925,n,2.0,2.0,73.5041095890411,M,0.0,10150.0,0.0,N/A,N/A,2.0,2.0,N/A,N/A,N/A,N/A,N/A,N/A,N/A,N/A,N/A,N/A,7347.0,745,1546.0,139,5773.0,611,55.0,14,99.0,28
LBC360602,y,2.0,2.0,72.28219178082192,F,0.0,2497.0,0.0,N/A,N/A,2.0,2.0,8778.0,629,1659.0,112,7084.0,531,54.0,20,119.0,39,9977.0,875,1892.0,148,8063.0,740,79.0,19,156.0,39
LBC360104,y,1.0,2.0,71.3917808219178,M,0.0,744.0,0.0,N/A,N/A,1.0,2.0,6977.0,561,962.0,77,5990.0,488,31.0,13,74.0,27,8378.0,761,1170.0,127,7189.0,642,47.0,13,108.0,33
LBC360459,y,2.0,2.0,71.92602739726027,F,0.0,1844.0,0.0,N/A,N/A,2.0,2.0,9581.0,706,1488.0,125,7940.0,587,52.0,22,154.0,54,11440.0,1020,1677.0,183,9672.0,841,79.0,21,230.0,52
LBC360834,y,1.0,1.0,73.02739726027397,F,0.0,4695.0,0.0,N/A,N/A,1.0,1.0,5852.0,493,1046.0,87,4766.0,416,45.0,18,78.0,31,6122.0,658,1147.0,119,4939.0,547,54.0,15,90.0,26
LBC360618,y,1.0,3.0,72.76438356164384,F,0.0,1098.0,0.0,N/A,N/A,1.0,3.0,6319.0,500,990.0,70,5295.0,435,50.0,11,82.0,34,7550.0,680,1219.0,104,6279.0,580,57.0,12,118.0,33
LBC361015,y,1.0,1.0,73.25753424657535,M,0.0,3005.0,0.0,N/A,N/A,1.0,1.0,12232.0,637,2270.0,138,9835.0,513,113.0,33,179.0,51,11181.0,747,1987.0,165,9130.0,588,115.0,24,189.0,39
LBC360488,y,1.0,1.0,71.83561643835617,F,0.0,3755.0,0.0,N/A,N/A,1.0,1.0,7048.0,586,2580.0,129,4395.0,465,72.0,21,73.0,27,8714.0,870,3102.0,178,5557.0,699,91.0,21,98.0,32
LBC361048,y,1.0,2.0,74.26849315068493,M,0.0,2177.0,0.0,N/A,N/A,1.0,2.0,6378.0,630,973.0,86,5331.0,549,42.0,16,86.0,33,7696.0,881,1220.0,127,6455.0,759,62.0,18,122.0,37
LBC360598,n,1.0,2.0,72.93698630136986,F,0.0,927.0,0.0,N/A,N/A,1.0,2.0,N/A,N/A,N/A,N/A,N/A,N/A,N/A,N/A,N/A,N/A,17614.0,1038,2180.0,187,15392.0,867,95.0,27,279.0,57
LBC361183,y,1.0,2.0,73.73972602739725,M,0.0,22516.0,1.0,N/A,N/A,1.0,2.0,10581.0,764,1575.0,106,8945.0,675,54.0,24,135.0,45,10994.0,945,1718.0,129,9244.0,829,68.0,17,155.0,41
LBC360987,n,1.0,2.0,74.22191780821917,F,0.0,6504.0,0.0,N/A,N/A,1.0,2.0,N/A,N/A,N/A,N/A,N/A,N/A,N/A,N/A,N/A,N/A,3851.0,513,808.0,96,3031.0,419,51.0,16,77.0,25
LBC360710,n,1.0,2.0,73.01095890410959,F,1.0,15533.0,0.0,N/A,0.0,1.0,2.0,N/A,N/A,N/A,N/A,N/A,N/A,N/A,N/A,N/A,N/A,6925.0,620,726.0,77,6174.0,549,29.0,10,132.0,34
LBC360411,y,1.0,1.0,72.59726027397261,M,1.0,0.0,0.0,N/A,N/A,1.0,1.0,13578.0,635,2117.0,136,11373.0,521,99.0,24,241.0,54,14846.0,876,2078.0,183,12686.0,704,151.0,30,330.0,47
LBC361264,y,1.0,2.0,73.86027397260274,F,1.0,7630.0,1.0,N/A,N/A,1.0,2.0,5746.0,439,928.0,74,4786.0,368,34.0,12,70.0,27,7310.0,629,1432.0,125,5859.0,510,50.0,16,110.0,30
LBC360150,y,2.0,3.0,73.57260273972602,F,1.0,28917.0,0.0,N/A,N/A,2.0,3.0,12499.0,608,2130.0,122,10212.0,500,63.0,21,175.0,42,13899.0,855,2724.0,188,11041.0,687,94.0,24,208.0,42
LBC360783,n,3.0,3.0,73.02191780821917,M,1.0,5867.0,0.0,N/A,N/A,3.0,3.0,N/A,N/A,N/A,N/A,N/A,N/A,N/A,N/A,N/A,N/A,19852.0,1216,4779.0,227,15028.0,1023,151.0,35,261.0,61
LBC360196,n,1.0,3.0,72.21643835616439,M,1.0,5384.0,0.0,N/A,N/A,1.0,3.0,N/A,N/A,N/A,N/A,N/A,N/A,N/A,N/A,N/A,N/A,14710.0,1102,2354.0,177,12331.0,941,114.0,25,213.0,46
LBC360022,y,2.0,3.0,71.6,F,1.0,4211.0,0.0,N/A,N/A,2.0,3.0,12480.0,671,1681.0,114,10675.0,572,57.0,24,163.0,49,13587.0,931,1935.0,157,11537.0,791,77.0,21,190.0,43
LBC360951,y,2.0,3.0,73.24383561643836,F,1.0,7394.0,0.0,N/A,N/A,2.0,3.0,9099.0,585,1816.0,110,7246.0,489,60.0,20,118.0,41,9803.0,835,2007.0,152,7767.0,687,67.0,18,142.0,48
LBC361060,n,3.0,2.0,73.21643835616439,F,1.0,9212.0,1.0,N/A,N/A,3.0,2.0,N/A,N/A,N/A,N/A,N/A,N/A,N/A,N/A,N/A,N/A,14065.0,878,4929.0,178,9056.0,725,153.0,33,186.0,42
LBC360667,y,2.0,2.0,72.43013698630136,M,1.0,4380.0,1.0,N/A,N/A,2.0,2.0,8828.0,733,2105.0,116,6681.0,624,64.0,21,95.0,37,12457.0,1160,2849.0,176,9568.0,994,90.0,24,169.0,47
LBC360420,n,1.0,2.0,71.96164383561644,M,1.0,2636.0,0.0,N/A,N/A,1.0,2.0,N/A,N/A,N/A,N/A,N/A,N/A,N/A,N/A,N/A,N/A,22344.0,1115,3812.0,214,18445.0,914,150.0,27,370.0,61
LBC360831,y,1.0,2.0,72.98082191780821,M,1.0,986.0,0.0,N/A,N/A,1.0,2.0,8885.0,557,1379.0,103,7493.0,460,68.0,17,132.0,39,12649.0,908,2165.0,200,10464.0,713,99.0,21,182.0,42
LBC360465,y,1.0,3.0,71.94520547945206,F,1.0,0.0,0.0,N/A,N/A,1.0,3.0,6272.0,561,1165.0,111,5006.0,465,36.0,18,114.0,38,7756.0,836,1327.0,150,6407.0,696,50.0,14,165.0,42
LBC360560,y,1.0,1.0,72.06849315068493,F,1.0,10701.0,0.0,N/A,N/A,1.0,1.0,6023.0,500,972.0,94,4985.0,413,34.0,12,75.0,23,8671.0,902,1342.0,173,7254.0,733,53.0,17,135.0,29
LBC361283,y,1.0,2.0,73.06301369863014,M,0.0,1358.0,0.0,N/A,0.0,1.0,2.0,7622.0,542,1274.0,127,6241.0,433,41.0,16,144.0,39,9806.0,790,1667.0,201,8065.0,599,67.0,18,197.0,41
LBC360041,n,2.0,3.0,72.04109589041096,M,0.0,8181.0,0.0,N/A,N/A,2.0,3.0,N/A,N/A,N/A,N/A,N/A,N/A,N/A,N/A,N/A,N/A,24727.0,1137,3269.0,217,21396.0,942,147.0,31,314.0,66
LBC360906,y,1.0,2.0,73.67123287671232,F,0.0,1469.0,0.0,N/A,N/A,1.0,2.0,9048.0,628,1525.0,110,7468.0,526,74.0,24,114.0,37,9490.0,789,1694.0,131,7767.0,665,94.0,25,146.0,42
LBC361006,y,1.0,3.0,73.59726027397261,F,0.0,422.0,0.0,N/A,N/A,1.0,3.0,8932.0,619,1374.0,108,7516.0,518,55.0,19,162.0,50,10140.0,907,1551.0,158,8576.0,765,69.0,21,186.0,45
LBC360179,y,2.0,2.0,72.28219178082192,M,0.0,9839.0,1.0,N/A,N/A,2.0,2.0,7415.0,635,1631.0,135,5703.0,516,55.0,16,75.0,29,8766.0,826,1871.0,193,6876.0,650,70.0,23,135.0,41
LBC360063,y,1.0,2.0,71.87671232876713,F,0.0,4787.0,0.0,N/A,N/A,1.0,2.0,7927.0,607,995.0,94,6895.0,519,37.0,15,137.0,45,7693.0,690,1030.0,121,6642.0,576,43.0,13,132.0,36
LBC361202,y,2.0,2.0,73.79452054794521,M,0.0,14885.0,0.0,N/A,N/A,2.0,2.0,8458.0,503,2432.0,109,5989.0,399,89.0,24,100.0,31,10161.0,707,3204.0,148,6910.0,567,109.0,25,129.0,33
LBC360474,n,2.0,3.0,72.56164383561644,M,0.0,2658.0,0.0,N/A,N/A,2.0,3.0,N/A,N/A,N/A,N/A,N/A,N/A,N/A,N/A,N/A,N/A,24851.0,548,4767.0,144,19992.0,424,188.0,22,305.0,38
LBC360564,y,2.0,2.0,72.59178082191781,F,0.0,19336.0,0.0,N/A,N/A,2.0,2.0,8185.0,533,2392.0,103,5752.0,441,53.0,19,135.0,28,8784.0,681,2774.0,156,5971.0,532,69.0,17,135.0,25
LBC361020,y,1.0,2.0,73.56712328767124,F,0.0,11142.0,0.0,N/A,N/A,1.0,2.0,9198.0,699,1465.0,120,7688.0,597,44.0,17,129.0,39,11818.0,1079,1971.0,185,9825.0,907,64.0,20,169.0,44
LBC360761,n,1.0,2.0,72.91506849315068,M,0.0,508.0,0.0,N/A,N/A,1.0,2.0,N/A,N/A,N/A,N/A,N/A,N/A,N/A,N/A,N/A,N/A,28784.0,956,5255.0,206,23491.0,782,261.0,40,628.0,77
LBC360204,y,1.0,2.0,72.01643835616439,F,0.0,2908.0,1.0,N/A,N/A,1.0,2.0,7974.0,591,1494.0,116,6435.0,483,50.0,20,113.0,34,9484.0,859,1899.0,173,7547.0,696,71.0,20,141.0,40
LBC360571,y,1.0,1.0,72.52876712328766,M,0.0,1071.0,0.0,N/A,N/A,1.0,1.0,8235.0,663,1170.0,118,7023.0,560,50.0,20,115.0,40,9077.0,759,1365.0,136,7684.0,631,67.0,18,135.0,38
LBC360208,n,1.0,1.0,71.96986301369863,M,0.0,2187.0,0.0,N/A,N/A,1.0,1.0,N/A,N/A,N/A,N/A,N/A,N/A,N/A,N/A,N/A,N/A,10190.0,1102,1497.0,165,8664.0,953,58.0,20,149.0,44
LBC360812,n,2.0,3.0,73.15890410958905,F,0.0,30002.0,0.0,N/A,N/A,2.0,3.0,N/A,N/A,N/A,N/A,N/A,N/A,N/A,N/A,N/A,N/A,11625.0,657,3666.0,137,7918.0,531,147.0,26,137.0,34
LBC360235,y,1.0,2.0,71.87945205479453,F,0.0,11271.0,0.0,N/A,N/A,1.0,2.0,9792.0,620,894.0,88,8834.0,544,30.0,10,136.0,46,11497.0,893,1112.0,136,10347.0,768,39.0,10,194.0,51
LBC360696,y,1.0,1.0,72.6082191780822,F,0.0,1472.0,0.0,N/A,N/A,1.0,1.0,6754.0,592,1744.0,130,4983.0,471,64.0,22,89.0,28,7213.0,749,1994.0,164,5205.0,594,76.0,20,107.0,28
LBC360324,y,1.0,1.0,71.78904109589041,F,0.0,2430.0,0.0,N/A,N/A,1.0,1.0,4993.0,444,1313.0,99,3642.0,352,44.0,14,75.0,26,5377.0,585,1538.0,119,3815.0,469,56.0,15,94.0,27
LBC361046,n,3.0,2.0,73.34794520547945,F,0.0,15234.0,0.0,N/A,N/A,3.0,2.0,N/A,N/A,N/A,N/A,N/A,N/A,N/A,N/A,N/A,N/A,16483.0,634,5293.0,125,11122.0,525,194.0,34,244.0,51
LBC360081,y,1.0,1.0,71.36712328767123,M,0.0,12144.0,0.0,N/A,N/A,1.0,1.0,4490.0,430,1417.0,105,2994.0,333,45.0,17,58.0,21,5740.0,546,1899.0,134,3829.0,428,61.0,18,90.0,23
LBC360230,y,2.0,2.0,71.6082191780822,F,0.0,18907.0,0.0,N/A,N/A,2.0,2.0,8320.0,507,1713.0,102,6580.0,421,53.0,20,131.0,32,9057.0,733,1931.0,147,7098.0,599,60.0,19,144.0,32
LBC360662,n,1.0,2.0,72.26849315068493,M,0.0,8252.0,1.0,N/A,N/A,1.0,2.0,N/A,N/A,N/A,N/A,N/A,N/A,N/A,N/A,N/A,N/A,9147.0,550,2460.0,178,6644.0,384,145.0,30,175.0,30
LBC360555,y,1.0,2.0,72.16986301369863,M,0.0,1574.0,0.0,N/A,N/A,1.0,2.0,5876.0,451,914.0,106,4932.0,357,36.0,14,100.0,30,6619.0,613,1008.0,138,5578.0,482,48.0,16,111.0,29
LBC361049,y,1.0,2.0,72.92876712328767,M,0.0,16545.0,1.0,N/A,N/A,1.0,2.0,9227.0,635,1896.0,134,7249.0,516,65.0,25,137.0,48,11070.0,904,2052.0,182,8975.0,733,81.0,27,175.0,42
LBC360158,y,2.0,2.0,72.01095890410959,M,0.0,9225.0,0.0,N/A,N/A,2.0,2.0,12384.0,695,2498.0,151,9776.0,559,97.0,30,123.0,40,13010.0,892,2697.0,169,10215.0,725,115.0,26,158.0,40
LBC360002,y,1.0,1.0,71.18630136986302,M,0.0,3534.0,0.0,N/A,N/A,1.0,1.0,15736.0,832,2921.0,153,12783.0,704,143.0,36,191.0,58,19573.0,1243,3653.0,249,15912.0,1015,185.0,36,248.0,61
LBC360343,n,1.0,2.0,71.73698630136987,F,0.0,5199.0,0.0,N/A,N/A,1.0,2.0,N/A,N/A,N/A,N/A,N/A,N/A,N/A,N/A,N/A,N/A,14891.0,713,2748.0,185,12090.0,535,98.0,25,245.0,46
LBC361083,y,1.0,1.0,73.81917808219178,M,0.0,3362.0,0.0,N/A,N/A,1.0,1.0,8238.0,719,1478.0,137,6712.0,594,63.0,21,104.0,38,9368.0,1016,1595.0,169,7724.0,856,68.0,18,117.0,39
LBC360264,y,1.0,0.0,72.2986301369863,F,0.0,682.0,0.0,N/A,N/A,1.0,1.0,9342.0,604,1616.0,126,7660.0,492,92.0,27,119.0,37,11354.0,903,1984.0,210,9317.0,706,117.0,28,159.0,41
LBC360346,y,1.0,1.0,74.1972602739726,F,0.0,0.0,0.0,N/A,N/A,1.0,1.0,10455.0,644,1736.0,133,8680.0,524,56.0,19,149.0,47,12776.0,1027,2048.0,216,10678.0,819,76.0,22,203.0,52
LBC360189,n,1.0,2.0,72.14246575342466,M,0.0,6805.0,0.0,N/A,N/A,1.0,2.0,N/A,N/A,N/A,N/A,N/A,N/A,N/A,N/A,N/A,N/A,20793.0,1026,3248.0,243,17457.0,806,104.0,27,230.0,54
LBC360624,y,1.0,2.0,72.83287671232877,F,0.0,3542.0,0.0,N/A,N/A,1.0,2.0,6888.0,570,1060.0,92,5777.0,481,38.0,15,97.0,36,8258.0,808,1402.0,137,6812.0,674,51.0,17,115.0,36
LBC361217,y,1.0,2.0,73.67945205479452,M,0.0,6531.0,0.0,N/A,N/A,1.0,2.0,8832.0,749,1193.0,121,7610.0,636,55.0,22,137.0,37,9312.0,1008,1287.0,166,8006.0,848,79.0,20,165.0,37
LBC360087,y,1.0,1.0,71.82739726027397,M,0.0,908.0,0.0,N/A,N/A,1.0,1.0,13154.0,867,1701.0,143,11399.0,743,74.0,23,184.0,52,15354.0,1131,2237.0,217,13074.0,935,128.0,30,271.0,48
LBC360444,n,1.0,3.0,72.68767123287671,M,0.0,22429.0,0.0,N/A,N/A,1.0,3.0,N/A,N/A,N/A,N/A,N/A,N/A,N/A,N/A,N/A,N/A,17877.0,1093,2011.0,192,15827.0,918,77.0,21,225.0,57
LBC361179,y,1.0,1.0,73.74520547945205,F,0.0,50.0,0.0,N/A,N/A,1.0,1.0,7675.0,525,1375.0,107,6272.0,427,51.0,17,124.0,35,8724.0,811,1505.0,154,7195.0,662,62.0,19,142.0,40
LBC360652,y,1.0,2.0,72.84109589041095,F,0.0,1137.0,0.0,N/A,N/A,1.0,2.0,12050.0,759,1945.0,150,10030.0,637,91.0,24,154.0,50,12660.0,1070,1886.0,197,10759.0,892,83.0,25,173.0,50
LBC360677,n,1.0,1.0,72.97808219178083,F,0.0,7736.0,0.0,N/A,N/A,1.0,1.0,N/A,N/A,N/A,N/A,N/A,N/A,N/A,N/A,N/A,N/A,13023.0,878,2396.0,249,10588.0,648,112.0,28,223.0,50
LBC361154,y,2.0,2.0,73.66301369863014,F,0.0,27202.0,1.0,N/A,N/A,2.0,2.0,12425.0,549,2335.0,110,10044.0,451,80.0,26,178.0,45,13171.0,715,2660.0,145,10478.0,588,94.0,23,220.0,38
LBC360082,n,2.0,3.0,71.81917808219178,M,0.0,6617.0,0.0,N/A,0.0,2.0,3.0,N/A,N/A,N/A,N/A,N/A,N/A,N/A,N/A,N/A,N/A,34414.0,781,6843.0,144,27541.0,655,205.0,35,429.0,71
LBC360303,y,1.0,1.0,72.15890410958905,F,0.0,344.0,0.0,N/A,N/A,1.0,1.0,6857.0,598,1033.0,109,5789.0,498,40.0,16,99.0,37,8219.0,847,1055.0,136,7144.0,711,49.0,16,143.0,42
LBC360241,y,1.0,1.0,72.96986301369863,F,0.0,16694.0,0.0,N/A,N/A,1.0,1.0,14293.0,700,2572.0,148,11683.0,581,102.0,32,178.0,59,18307.0,954,3532.0,189,14744.0,786,152.0,34,238.0,56
LBC360431,n,1.0,2.0,72.31232876712329,F,0.0,18285.0,0.0,N/A,N/A,1.0,2.0,N/A,N/A,N/A,N/A,N/A,N/A,N/A,N/A,N/A,N/A,20475.0,593,5199.0,123,15213.0,492,240.0,31,358.0,41
LBC360540,y,1.0,2.0,72.5041095890411,F,0.0,4119.0,0.0,N/A,0.0,1.0,2.0,5961.0,577,764.0,84,5167.0,502,39.0,11,95.0,30,10500.0,1077,1495.0,175,8995.0,913,133.0,20,182.0,46
LBC360110,y,1.0,3.0,71.7068493150685,M,0.0,18722.0,0.0,N/A,N/A,1.0,3.0,7283.0,590,946.0,118,6302.0,480,35.0,15,104.0,33,8593.0,936,1074.0,179,7491.0,763,43.0,18,126.0,35
LBC360139,n,1.0,2.0,71.88219178082191,M,0.0,18341.0,0.0,N/A,N/A,1.0,2.0,N/A,N/A,N/A,N/A,N/A,N/A,N/A,N/A,N/A,N/A,21915.0,1273,3415.0,244,18448.0,1050,184.0,28,312.0,60
LBC360781,y,1.0,3.0,72.77808219178083,M,0.0,107.0,0.0,N/A,N/A,1.0,3.0,9200.0,740,1156.0,119,7970.0,630,41.0,16,127.0,48,10077.0,976,1210.0,163,8811.0,819,43.0,21,146.0,43
LBC360026,y,1.0,1.0,71.34794520547945,F,0.0,390.0,0.0,N/A,N/A,1.0,1.0,7686.0,570,1114.0,72,6558.0,512,57.0,10,117.0,27,9228.0,726,1434.0,105,7780.0,626,72.0,11,156.0,24
LBC360127,y,2.0,2.0,71.5041095890411,M,0.0,24709.0,0.0,N/A,N/A,2.0,2.0,9200.0,640,2057.0,128,7086.0,526,49.0,23,115.0,33,10160.0,800,2203.0,166,7923.0,645,55.0,24,137.0,29
LBC360936,y,1.0,2.0,73.24109589041096,F,0.0,3802.0,0.0,N/A,N/A,1.0,2.0,5005.0,456,975.0,74,4012.0,391,27.0,11,62.0,23,7165.0,754,1715.0,134,5437.0,628,61.0,18,99.0,29
LBC361110,y,1.0,2.0,73.41643835616438,F,0.0,20205.0,0.0,N/A,N/A,1.0,2.0,8573.0,556,1492.0,127,7060.0,444,46.0,18,134.0,36,9765.0,779,1461.0,135,8281.0,658,44.0,13,151.0,32
LBC360532,y,1.0,2.0,72.23287671232876,F,0.0,2050.0,0.0,N/A,N/A,1.0,2.0,8030.0,605,1765.0,128,6199.0,488,66.0,19,111.0,37,9556.0,898,2333.0,189,7177.0,721,90.0,22,154.0,38
LBC360801,y,2.0,2.0,72.57260273972602,M,0.0,5185.0,1.0,N/A,N/A,2.0,2.0,12174.0,745,2713.0,163,9420.0,607,93.0,37,169.0,53,13844.0,940,3122.0,199,10698.0,758,117.0,29,215.0,57
LBC360883,y,2.0,2.0,72.8027397260274,M,0.0,25227.0,0.0,N/A,N/A,2.0,2.0,10404.0,685,2176.0,128,8209.0,566,82.0,24,145.0,42,12626.0,992,2835.0,167,9779.0,833,105.0,24,198.0,43
LBC360246,y,3.0,4.0,71.52602739726028,F,0.0,14357.0,0.0,N/A,N/A,3.0,3.0,8726.0,588,2554.0,117,6128.0,484,83.0,22,113.0,35,12361.0,936,3500.0,180,8824.0,779,113.0,27,168.0,44
LBC360434,y,1.0,1.0,71.75068493150685,F,0.0,14300.0,1.0,N/A,N/A,1.0,1.0,9059.0,595,1553.0,134,7445.0,474,95.0,25,171.0,50,10700.0,782,1596.0,181,9069.0,608,110.0,19,268.0,42
LBC360809,y,1.0,1.0,72.5013698630137,M,0.0,99.0,0.0,N/A,0.0,1.0,1.0,3809.0,427,572.0,65,3213.0,367,21.0,8,68.0,22,3833.0,594,768.0,108,3046.0,483,34.0,13,77.0,21
LBC360136,y,1.0,2.0,72.35890410958905,F,0.0,3821.0,0.0,N/A,N/A,1.0,2.0,7380.0,542,1164.0,99,6195.0,455,56.0,16,113.0,38,8337.0,786,1334.0,142,6977.0,653,63.0,16,149.0,42
LBC361063,n,2.0,2.0,73.76164383561644,M,0.0,16727.0,0.0,N/A,N/A,2.0,2.0,N/A,N/A,N/A,N/A,N/A,N/A,N/A,N/A,N/A,N/A,12294.0,917,3166.0,125,9114.0,802,74.0,19,136.0,37
LBC360391,y,2.0,2.0,72.93698630136986,F,1.0,25221.0,0.0,N/A,0.0,2.0,2.0,7248.0,579,1321.0,94,5861.0,489,38.0,14,150.0,40,8418.0,854,1757.0,145,6642.0,717,57.0,17,195.0,43
LBC360547,y,1.0,1.0,72.9972602739726,M,1.0,4470.0,0.0,N/A,N/A,1.0,1.0,9503.0,749,1386.0,141,8068.0,620,49.0,21,136.0,50,10426.0,1066,1588.0,213,8813.0,860,74.0,24,164.0,46
LBC360879,n,2.0,3.0,73.44657534246575,F,1.0,27187.0,0.0,N/A,N/A,2.0,3.0,N/A,N/A,N/A,N/A,N/A,N/A,N/A,N/A,N/A,N/A,16097.0,1223,3452.0,188,12607.0,1055,99.0,27,214.0,55
LBC360802,y,2.0,2.0,73.17534246575343,M,1.0,6611.0,1.0,N/A,N/A,2.0,2.0,8399.0,541,1297.0,118,7026.0,430,100.0,23,98.0,28,9876.0,703,1876.0,176,7965.0,532,145.0,22,127.0,33
LBC360387,y,2.0,3.0,72.42739726027398,F,1.0,12038.0,1.0,N/A,N/A,2.0,3.0,8818.0,523,2344.0,96,6358.0,430,100.0,29,131.0,36,11597.0,848,2974.0,148,8574.0,702,122.0,29,183.0,41
LBC361172,y,1.0,3.0,73.67123287671232,M,1.0,15903.0,0.0,N/A,N/A,1.0,3.0,16002.0,841,1971.0,158,13952.0,702,55.0,22,262.0,62,14023.0,931,1656.0,161,12332.0,785,59.0,19,270.0,48
LBC361233,y,1.0,1.0,73.8,M,0.0,458.0,1.0,N/A,0.0,1.0,1.0,4395.0,480,988.0,100,3378.0,387,33.0,16,70.0,24,5548.0,688,1321.0,126,4206.0,568,49.0,16,92.0,26
LBC360102,y,2.0,2.0,71.9013698630137,M,0.0,14527.0,0.0,N/A,N/A,2.0,2.0,8505.0,595,2171.0,111,6310.0,495,86.0,19,127.0,39,8525.0,773,2458.0,141,6045.0,641,98.0,21,121.0,26
LBC360722,n,3.0,2.0,72.88493150684931,F,0.0,30577.0,1.0,N/A,N/A,3.0,2.0,N/A,N/A,N/A,N/A,N/A,N/A,N/A,N/A,N/A,N/A,14780.0,901,3718.0,224,11017.0,701,126.0,34,204.0,42
LBC360869,y,2.0,3.0,72.87123287671233,M,0.0,10296.0,0.0,N/A,N/A,2.0,3.0,15779.0,689,3040.0,156,12644.0,556,111.0,30,202.0,59,16039.0,979,3151.0,209,12828.0,782,130.0,31,209.0,52
LBC360151,n,2.0,3.0,71.66301369863014,M,0.0,18891.0,0.0,N/A,N/A,2.0,3.0,N/A,N/A,N/A,N/A,N/A,N/A,N/A,N/A,N/A,N/A,17380.0,1221,3163.0,188,14182.0,1055,132.0,31,253.0,62
LBC361057,y,2.0,3.0,73.05479452054794,M,0.0,3508.0,0.0,N/A,N/A,2.0,3.0,10186.0,650,2113.0,142,7982.0,527,62.0,21,118.0,36,10311.0,891,2109.0,164,8153.0,731,73.0,19,136.0,36
LBC361019,y,1.0,2.0,73.00821917808219,F,0.0,1509.0,0.0,N/A,N/A,1.0,2.0,5030.0,436,651.0,65,4350.0,373,42.0,12,80.0,32,5422.0,516,746.0,82,4645.0,436,49.0,12,99.0,26
LBC360169,y,2.0,2.0,71.64109589041095,F,0.0,285.0,0.0,N/A,N/A,2.0,2.0,11872.0,665,2603.0,152,9226.0,534,96.0,30,152.0,43,14837.0,1010,3430.0,223,11368.0,807,131.0,30,210.0,46
LBC360192,y,2.0,2.0,71.46849315068494,M,0.0,3453.0,0.0,N/A,N/A,2.0,2.0,9140.0,650,1779.0,149,7324.0,517,82.0,21,119.0,31,11110.0,942,1907.0,218,9186.0,741,113.0,24,163.0,41
LBC360988,y,1.0,2.0,73.09041095890412,M,0.0,1574.0,0.0,N/A,N/A,1.0,2.0,10758.0,679,1244.0,119,9439.0,573,41.0,18,175.0,47,12059.0,1001,1404.0,181,10611.0,827,78.0,21,232.0,53
LBC361176,y,1.0,2.0,73.96712328767123,F,0.0,9993.0,1.0,N/A,N/A,1.0,2.0,9894.0,622,1790.0,114,8025.0,517,58.0,20,114.0,35,11619.0,910,2154.0,207,9391.0,710,82.0,26,142.0,34
LBC361096,y,2.0,3.0,73.59178082191781,F,0.0,14858.0,1.0,N/A,N/A,2.0,3.0,10621.0,770,2877.0,136,7664.0,659,80.0,27,166.0,43,12315.0,1093,3515.0,192,8747.0,921,111.0,26,220.0,44
LBC360773,n,2.0,2.0,73.1917808219178,M,0.0,11597.0,0.0,N/A,N/A,2.0,2.0,N/A,N/A,N/A,N/A,N/A,N/A,N/A,N/A,N/A,N/A,12708.0,1049,4390.0,230,8269.0,830,157.0,40,181.0,52
LBC360178,n,2.0,2.0,72.08767123287672,F,0.0,10098.0,0.0,N/A,N/A,2.0,2.0,N/A,N/A,N/A,N/A,N/A,N/A,N/A,N/A,N/A,N/A,13131.0,1052,3905.0,177,8968.0,889,114.0,26,153.0,40
LBC360166,y,2.0,3.0,71.9945205479452,M,0.0,8047.0,0.0,N/A,N/A,2.0,3.0,6758.0,516,692.0,64,6023.0,454,30.0,13,102.0,30,8835.0,759,877.0,96,7927.0,668,33.0,13,142.0,40
LBC360231,y,1.0,2.0,72.2027397260274,F,1.0,3619.0,1.0,N/A,1.0,1.0,2.0,10501.0,623,1774.0,123,8680.0,524,73.0,16,111.0,38,13405.0,941,2347.0,187,11031.0,783,92.0,18,157.0,50
LBC360353,y,2.0,2.0,73.53972602739726,M,1.0,8641.0,0.0,N/A,N/A,2.0,2.0,16260.0,869,2723.0,147,13493.0,744,87.0,27,186.0,59,17641.0,1237,3214.0,206,14400.0,1043,110.0,27,233.0,63
LBC360152,y,2.0,3.0,71.93698630136986,F,1.0,15232.0,0.0,N/A,N/A,2.0,3.0,10543.0,633,1604.0,123,8895.0,521,50.0,17,160.0,57,12314.0,952,1738.0,197,10467.0,770,58.0,17,214.0,59
LBC360804,n,2.0,3.0,73.14520547945206,M,1.0,18465.0,0.0,N/A,N/A,2.0,3.0,N/A,N/A,N/A,N/A,N/A,N/A,N/A,N/A,N/A,N/A,16166.0,805,3235.0,201,12892.0,625,131.0,25,240.0,40
LBC360576,y,1.0,2.0,72.64109589041095,M,0.0,745.0,0.0,N/A,0.0,1.0,2.0,4386.0,450,1206.0,90,3167.0,366,44.0,16,64.0,23,4298.0,551,1314.0,112,2979.0,444,52.0,14,74.0,21
LBC360415,y,1.0,1.0,72.2904109589041,F,0.0,3581.0,0.0,N/A,N/A,1.0,1.0,7404.0,629,1676.0,105,5683.0,541,79.0,16,98.0,36,8526.0,950,2156.0,167,6356.0,793,98.0,23,113.0,36
LBC361131,y,2.0,2.0,73.45753424657535,M,0.0,11474.0,0.0,N/A,N/A,2.0,2.0,10831.0,671,1821.0,110,8981.0,570,56.0,19,144.0,39,11305.0,902,1980.0,132,9303.0,782,65.0,20,170.0,41
LBC360950,n,2.0,4.0,72.9945205479452,M,0.0,13802.0,0.0,N/A,N/A,2.0,3.0,N/A,N/A,N/A,N/A,N/A,N/A,N/A,N/A,N/A,N/A,18674.0,1067,2028.0,199,16601.0,890,65.0,17,252.0,45
LBC361150,y,1.0,2.0,73.43287671232876,M,0.0,22359.0,0.0,N/A,N/A,1.0,2.0,10487.0,530,1399.0,120,9063.0,421,55.0,23,143.0,45,14699.0,753,2093.0,176,12585.0,590,82.0,25,206.0,42
LBC360673,y,1.0,2.0,72.4,F,0.0,10173.0,0.0,N/A,N/A,1.0,2.0,10753.0,765,1874.0,133,8852.0,653,47.0,17,155.0,51,13612.0,1174,2209.0,214,11376.0,977,72.0,21,202.0,69
LBC360383,y,1.0,3.0,71.86027397260274,M,0.0,26089.0,0.0,N/A,N/A,1.0,3.0,11522.0,655,1390.0,135,10019.0,532,49.0,19,212.0,54,12887.0,964,1657.0,204,11188.0,775,72.0,27,230.0,54
LBC360155,y,1.0,2.0,71.45479452054795,M,0.0,4044.0,0.0,N/A,0.0,1.0,2.0,7818.0,634,1207.0,88,6517.0,550,61.0,14,153.0,44,9724.0,946,1552.0,131,8063.0,816,69.0,13,158.0,42
LBC360865,y,1.0,2.0,72.53150684931506,F,0.0,2951.0,0.0,N/A,N/A,1.0,2.0,12845.0,832,2439.0,146,10360.0,703,106.0,25,125.0,46,14326.0,1180,2816.0,220,11484.0,974,136.0,27,154.0,49
LBC360971,y,2.0,3.0,72.72602739726027,F,0.0,14236.0,0.0,N/A,N/A,2.0,3.0,12722.0,782,2214.0,114,10425.0,685,91.0,26,173.0,50,13328.0,1142,2462.0,191,10815.0,967,108.0,25,202.0,56
LBC360036,y,1.0,2.0,71.97260273972603,M,0.0,8545.0,1.0,N/A,N/A,1.0,2.0,10882.0,673,1677.0,118,9166.0,571,64.0,20,131.0,36,12018.0,997,1941.0,179,10056.0,826,73.0,23,180.0,38
LBC360097,y,1.0,1.0,72.08493150684932,M,0.0,2062.0,0.0,N/A,N/A,1.0,1.0,5106.0,505,1390.0,113,3659.0,406,43.0,17,73.0,24,6042.0,775,1866.0,174,4154.0,606,64.0,20,96.0,29
LBC360003,y,1.0,2.0,71.69315068493151,F,0.0,9101.0,0.0,N/A,N/A,1.0,2.0,6171.0,524,1526.0,73,4601.0,459,45.0,11,71.0,25,7077.0,762,1862.0,102,5172.0,667,63.0,11,106.0,27
LBC361197,n,2.0,2.0,73.82465753424657,M,0.0,10403.0,1.0,N/A,N/A,2.0,2.0,N/A,N/A,N/A,N/A,N/A,N/A,N/A,N/A,N/A,N/A,10721.0,686,3989.0,128,6643.0,560,151.0,26,147.0,31
LBC360385,y,1.0,2.0,72.53698630136986,M,0.0,25264.0,1.0,N/A,N/A,1.0,2.0,11130.0,623,1817.0,127,9276.0,516,87.0,29,185.0,49,12966.0,745,1987.0,156,10961.0,603,89.0,26,234.0,45
LBC360470,y,2.0,2.0,72.88767123287671,M,0.0,14610.0,0.0,N/A,N/A,2.0,2.0,7334.0,490,1665.0,96,5531.0,408,50.0,15,84.0,28,8326.0,585,1821.0,89,6325.0,509,69.0,14,122.0,29
LBC360483,n,1.0,2.0,72.38630136986302,M,0.0,866.0,0.0,N/A,N/A,1.0,2.0,N/A,N/A,N/A,N/A,N/A,N/A,N/A,N/A,N/A,N/A,5220.0,583,796.0,100,4382.0,484,33.0,12,86.0,24
LBC361120,y,1.0,2.0,73.44931506849315,F,0.0,6873.0,0.0,N/A,N/A,1.0,2.0,5759.0,453,1005.0,96,4703.0,369,42.0,15,110.0,34,6415.0,624,1212.0,120,5181.0,513,36.0,14,126.0,30
LBC360468,n,1.0,2.0,71.9068493150685,F,0.0,9.0,1.0,N/A,N/A,1.0,2.0,N/A,N/A,N/A,N/A,N/A,N/A,N/A,N/A,N/A,N/A,16002.0,556,4122.0,146,11794.0,416,183.0,32,461.0,50
LBC360976,y,1.0,3.0,72.92876712328767,F,0.0,41.0,0.0,N/A,N/A,1.0,3.0,9152.0,534,957.0,101,8148.0,446,37.0,14,155.0,53,9486.0,598,1010.0,124,8445.0,486,53.0,13,162.0,40
LBC360079,y,1.0,2.0,71.15068493150685,F,0.0,598.0,0.0,N/A,N/A,1.0,2.0,8040.0,646,874.0,89,7139.0,565,49.0,12,115.0,41,9945.0,905,1084.0,118,8843.0,799,61.0,15,148.0,43
VALDO1_101,y,N/A,N/A,N/A,N/A,N/A,N/A,N/A,N/A,N/A,N/A,N/A,3718.0,290,2235.0,146,1239.0,133,88.0,20,39.0,11,2971.0,152,2551.0,97,264.0,52,114.0,20,12.0,5
VALDO1_102,y,N/A,N/A,N/A,N/A,N/A,N/A,N/A,N/A,N/A,N/A,N/A,7406.0,439,2758.0,111,4302.0,331,104.0,15,82.0,16,7020.0,414,2884.0,78,3842.0,336,104.0,17,71.0,15
VALDO1_103,y,N/A,N/A,N/A,N/A,N/A,N/A,N/A,N/A,N/A,N/A,N/A,2846.0,240,1593.0,115,1078.0,124,92.0,17,33.0,12,2390.0,144,1493.0,68,734.0,72,98.0,13,31.0,7
VALDO1_104,y,N/A,N/A,N/A,N/A,N/A,N/A,N/A,N/A,N/A,N/A,N/A,997.0,123,551.0,67,397.0,55,40.0,7,27.0,5,679.0,40,600.0,34,44.0,5,52.0,7,7.0,2
VALDO1_105,y,N/A,N/A,N/A,N/A,N/A,N/A,N/A,N/A,N/A,N/A,N/A,4859.999710321426,351,2521.999849677086,153,2128.9998731017113,200,79.99999523162842,18,73.99999558925629,19,4242.999747097492,291,2928.9998254179955,100,1160.9999307990074,191,114.99999314546585,21,31.999998092651367,12
VALDO1_106,y,N/A,N/A,N/A,N/A,N/A,N/A,N/A,N/A,N/A,N/A,N/A,5015.0,310,3575.0,148,1263.0,156,121.0,24,46.0,15,4191.0,147,3886.0,113,145.0,34,169.0,28,9.0,2
